City,Year,Fuel Type,Transmission,Price_PKR,Mileage_km,Engine_cc,Brand,Model,Variant,Car_Age,log_price
Islamabad,1984,Petrol,Manual,900000.0,125000,1300.0,Toyota,Corolla,DX,42,13.710151153416941
Lahore,2019,Petrol,Manual,2825000.0,57000,1300.0,Suzuki,Swift,DLX 1.3 Navigation,7,14.854019276544916
Islamabad,2016,Petrol,Manual,4100000.0,124467,1300.0,Toyota,Corolla,GLi 1.3 VVTi,10,15.226497775576945
Islamabad,2016,Petrol,Manual,3195000.0,251378,1300.0,Honda,City,5th (GM2) Generation 1.3 i-VTEC,10,14.97709795878277
Karachi,2015,Petrol,Automatic,2375000.0,52000,1300.0,Suzuki,Swift,DLX Automatic 1.3,11,14.680508416503422
Lahore,2021,Petrol,Manual,2000000.0,38100,1300.0,FAW,V2,VCT-i,5,14.508658238524095
Karachi,2021,Petrol,Automatic,4195000.0,21000,1300.0,Toyota,Yaris,Sedan GLI CVT 1.3,5,15.249404136262438
Islamabad,2016,Petrol,Automatic,3040000.0,171000,1300.0,Honda,City,5th (GM2) Generation Aspire Prosmatec 1.3 i-VTEC,10,14.92736840232972
Karachi,2011,Petrol,Manual,1675000.0,148000,1300.0,Suzuki,Swift,DLX 1.3,15,14.331324320256051
Karachi,2018,Petrol,Automatic,4350000.0,68000,1300.0,Toyota,Corolla,GLi Automatic 1.3 VVTi,8,15.285686632949897
Karachi,2007,Petrol,Manual,1950000.0,81000,1300.0,Honda,City,i-DSI,19,14.48334044336031
Karachi,2012,Petrol,Automatic,2650000.0,104000,1300.0,Honda,City,5th (GM2) Generation 1.3 i-VTEC Prosmatec,14,14.790070575320824
Lahore,2010,Petrol,Automatic,2130000.0,198000,1300.0,Honda,City,5th (GM2) Generation 1.3 i-VTEC Prosmatec,16,14.571633007169066
Lahore,2020,Petrol,Manual,1390000.0,135000,1300.0,Honda,City,5th (GM2) Generation 1.3 i-VTEC,6,14.144815024531075
Islamabad,2004,Petrol,Manual,1730000.0,282000,1300.0,Honda,City,i-DSI,22,14.363632544508476
Lahore,2005,Petrol,Manual,1330000.0,107000,1300.0,Suzuki,Baleno,JXR,21,14.100690252077353
Lahore,2010,Petrol,Manual,2290000.0,172000,1300.0,Toyota,Corolla,XLi VVTi,16,14.64406281221155
Lahore,2016,Petrol,Manual,3600000.0,99300,1300.0,Toyota,Corolla,XLi VVTi,10,15.096444681204078
Islamabad,2016,Petrol,Automatic,3490000.0,90000,1300.0,Honda,City,5th (GM2) Generation Aspire Prosmatec 1.3 i-VTEC,10,15.06541258071152
Islamabad,2015,Petrol,Automatic,3345000.0000000005,90000,1300.0,Honda,City,5th (GM2) Generation 1.3 i-VTEC Prosmatec,11,15.022977550498084
Islamabad,2005,Petrol,Manual,1870000.0,185000,1300.0,Toyota,Corolla,9th (E120) Generation XLi,21,14.441449523589984
Karachi,2015,Petrol,Manual,2150000.0,87800,1300.0,Suzuki,Swift,DLX 1.3,11,14.580978865220017
Islamabad,2020,Petrol,Automatic,3970000.0000000005,117000,1300.0,Toyota,Yaris,Sedan GLI CVT 1.3,6,15.19427690455251
Lahore,2010,Petrol,Manual,2550000.0,255000,1300.0,Toyota,Corolla,GLi 1.3 VVTi,16,14.751604309291395
Islamabad,2015,Petrol,Manual,3375000.0,88000,1300.0,Honda,City,5th (GM2) Generation 1.3 i-VTEC,11,15.03190617858502
Lahore,2018,Petrol,Automatic,3660000.0,150000,1300.0,Honda,City,5th (GM2) Generation 1.3 i-VTEC Prosmatec,8,15.112973978601556
Lahore,2019,Petrol,Automatic,3725000.0,80000,1300.0,Honda,City,1.3 i-VTEC Prosmatec,7,15.130577678252136
Islamabad,2005,Petrol,Manual,1595000.0,100000,1300.0,Honda,City,i-DSI,21,14.282384921160133
Karachi,2017,Petrol,Manual,1998999.9999999998,82000,1300.0,Suzuki,Swift,DLX 1.3,9,14.508158113732536
Islamabad,2010,Petrol,Manual,2500000.0,148000,1300.0,Toyota,Corolla,GLi 1.3 VVTi,16,14.731801689838349
Karachi,2019,Petrol,Automatic,3750000.0,79000,1300.0,Honda,City,5th (GM2) Generation 1.3 i-VTEC Prosmatec,7,15.137266664613225
Karachi,2009,Petrol,Manual,2089999.9999999998,92321,1300.0,Toyota,Corolla,XLi VVTi,17,14.55267510240978
Karachi,2009,Petrol,Automatic,2375000.0,92321,1300.0,Honda,City,1.3 i-VTEC Prosmatec,17,14.680508416503422
Islamabad,2025,Petrol,Automatic,5090000.0,47,1300.0,Toyota,Yaris,Sedan GLI CVT 1.3,1,15.44278858499034
Karachi,2010,Petrol,Manual,2300000.0,152000,1300.0,Toyota,Corolla,GLi 1.3 VVTi,16,14.648420115681892
Islamabad,2022,Petrol,Automatic,4525000.0,75000,1300.0,Toyota,Yaris,Sedan ATIV CVT 1.3,4,15.325128356110614
Karachi,2005,Petrol,Automatic,2200000.0,106600,1300.0,Toyota,Belta,X S Package 1.3,21,14.603968372873895
Islamabad,2013,Petrol,Manual,2730000.0,150000,1300.0,Toyota,Corolla,GLi 1.3 VVTi,13,14.819812533461441
Islamabad,2017,Petrol,Automatic,2750000.0,85000,1300.0,Suzuki,Swift,DLX Automatic 1.3 Navigation,9,14.827111833279051
Islamabad,2011,Petrol,Automatic,2975000.0,180000,1300.0,Honda,City,5th (GM2) Generation 1.3 i-VTEC Prosmatec,15,14.905754933096265
Karachi,2016,Petrol,Manual,3375000.0,82000,1300.0,Toyota,Corolla,XLi VVTi,10,15.03190617858502
Islamabad,2018,Petrol,Manual,3645000.0000000005,70000,1300.0,Honda,City,5th (GM2) Generation 1.3 i-VTEC,8,15.10886719777328
Islamabad,2016,Petrol,Automatic,3040000.0,171000,1300.0,Honda,City,5th (GM2) Generation Aspire Prosmatec 1.3 i-VTEC,10,14.92736840232972
Karachi,2011,Petrol,Manual,1675000.0,148000,1300.0,Suzuki,Swift,DLX 1.3,15,14.331324320256051
Lahore,2019,Petrol,Manual,4100000.0,17500,1300.0,Honda,City,5th (GM2) Generation 1.3 i-VTEC,7,15.226497775576945
Karachi,1998,Petrol,Automatic,515000.00000000006,10000,1300.0,KIA,Pride,1.3,28,13.151924121391561
Lahore,2016,Petrol,Manual,3350000.0,150000,1300.0,Honda,City,5th (GM2) Generation Aspire 1.3 i-VTEC,10,15.024471202308668
Karachi,2023,Petrol,Automatic,4575000.0,39000,1300.0,Toyota,Yaris,Sedan ATIV CVT 1.3,3,15.336117475270969
Karachi,2018,Petrol,Automatic,4350000.0,68000,1300.0,Toyota,Corolla,GLi Automatic 1.3 VVTi,8,15.285686632949897
Lahore,2019,Petrol,Automatic,3950000.0,51000,1300.0,Honda,City,5th (GM2) Generation 1.3 i-VTEC Prosmatec,7,15.18922639004183
Karachi,2007,Petrol,Manual,1950000.0,81000,1300.0,Honda,City,i-DSI,19,14.48334044336031
Karachi,2011,Petrol,Manual,2600000.0,79346,1300.0,Toyota,Corolla,XLi VVTi,15,14.77102238760702
Karachi,2019,Petrol,Automatic,4179999.9999999995,67000,1300.0,Toyota,Corolla,GLi Automatic 1.3 VVTi,7,15.24582204373536
Karachi,2015,Petrol,Manual,2000000.0,78000,1300.0,Suzuki,Swift,DLX 1.3,11,14.508658238524095
Karachi,2022,Petrol,Automatic,3100000.0,11500,1299.0,Proton,Saga,1.3L Ace A/T,4,14.946912992035967
Lahore,2006,Petrol,Manual,1875000.0,145000,1300.0,Honda,City,i-DSI,20,14.444119750719839
Lahore,2008,Petrol,Manual,2150000.0,208000,1300.0,Toyota,Corolla,GLi 1.3,18,14.580978865220017
Lahore,2007,Petrol,Manual,2089999.9999999998,205000,1300.0,Honda,City,i-DSI,19,14.55267510240978
Karachi,2012,Petrol,Automatic,2650000.0,104000,1300.0,Honda,City,5th (GM2) Generation 1.3 i-VTEC Prosmatec,14,14.790070575320824
Lahore,2013,Petrol,Manual,2780000.0,149000,1300.0,Honda,City,5th (GM2) Generation 1.3 i-VTEC,13,14.837961845378985
Karachi,2015,Petrol,Manual,2250000.0,185000,1300.0,Suzuki,Swift,DLX 1.3,11,14.626441218624949
Islamabad,2015,Petrol,Automatic,3590000.0,140000,1300.0,Toyota,Corolla,GLi Automatic 1.3 VVTi,11,15.093663039015954
Islamabad,2012,Petrol,Manual,2900000.0,165000,1300.0,Toyota,Corolla,XLi VVTi,14,14.88022163978423
Islamabad,2011,Petrol,Manual,1850000.0,9000,1300.0,Suzuki,Swift,DLX 1.3,15,14.430696737594902
Karachi,1986,Petrol,Manual,650000.0,100000,1300.0,Toyota,Corolla,DX Saloon,40,13.384729180332174
Islamabad,2017,Petrol,Manual,4275000.0,96000,1300.0,Toyota,Corolla,GLi 1.3 VVTi,9,15.268294894271099
Islamabad,2012,Petrol,Manual,2260000.0,86000,1300.0,Suzuki,Swift,DX 1.3,14,14.630875813726247
Islamabad,2007,Petrol,Manual,2075000.0,100000,1300.0,Honda,City,i-DSI,19,14.54547219357453
Karachi,2017,Petrol,Manual,3679999.9999999995,58000,1300.0,Toyota,Corolla,XLi VVTi,9,15.118423581884207
Islamabad,2012,Petrol,Manual,2595000.0,151000,1300.0,Honda,City,5th (GM2) Generation 1.3 i-VTEC,14,14.769097459938507
Karachi,2016,Petrol,Manual,3425000.0,95000,1300.0,Toyota,Corolla,GLi 1.3 VVTi,10,15.046612321649222
Lahore,2020,Petrol,Automatic,5200000.0,81500,1300.0,Toyota,Corolla,GLi Automatic 1.3 VVTi,6,15.46416937585933
Islamabad,2016,Petrol,Manual,3690000.0,86000,1300.0,Toyota,Corolla,GLi 1.3 VVTi,10,15.121137287019383
Islamabad,2016,Petrol,Automatic,4235000.0,115000,1300.0,Toyota,Corolla,GLi Automatic 1.3 VVTi,10,15.258894122195773
Karachi,2015,Petrol,Manual,3200000.0,131320,1300.0,Toyota,Corolla,GLi 1.3 VVTi,11,14.978661680269907
Lahore,2019,Petrol,Automatic,4350000.0,53000,1300.0,Toyota,Corolla,XLi Automatic,7,15.285686632949897
Lahore,2025,Petrol,Automatic,5050000.0,30,1300.0,Toyota,Yaris,Sedan AERO CVT 1.3,1,15.434898999271326
Karachi,2009,Petrol,Automatic,2375000.0,92321,1300.0,Honda,City,1.3 i-VTEC Prosmatec,17,14.680508416503422
Lahore,2012,Petrol,Manual,2790000.0,162000,1300.0,Toyota,Corolla,XLi VVTi,14,14.841552512220423
Islamabad,2025,Petrol,Automatic,5090000.0,47,1300.0,Toyota,Yaris,Sedan GLI CVT 1.3,1,15.44278858499034
Karachi,2011,Petrol,Manual,1650000.0,128000,1300.0,Suzuki,Swift,DLX 1.3,15,14.316286451937186
Islamabad,2017,Petrol,Manual,2675000.0,72000,1300.0,Suzuki,Swift,DLX 1.3,9,14.79946031214395
Karachi,2010,Petrol,Manual,2300000.0,152000,1300.0,Toyota,Corolla,GLi 1.3 VVTi,16,14.648420115681892
Islamabad,2008,Petrol,Automatic,3000000.0,180000,1300.0,Toyota,Vitz,iLL 1.3,18,14.914123179965662
Islamabad,2007,Petrol,Automatic,2250000.0,22500,1300.0,Toyota,Vitz,F 1.3,19,14.626441218624949
Islamabad,2006,Petrol,Automatic,2550000.0,200000,1300.0,Toyota,Belta,X 1.3,20,14.751604309291395
Lahore,2010,Petrol,Manual,2385000.0,200000,1300.0,Toyota,Corolla,GLi 1.3 VVTi,16,14.684710101591703
Lahore,2021,Petrol,Automatic,4595000.0,18700,1300.0,Toyota,Yaris,Sedan ATIV CVT 1.3,5,15.340479531399756
Karachi,2019,Petrol,Automatic,3100000.0,39000,1300.0,Suzuki,Swift,DLX Automatic 1.3 Navigation,7,14.946912992035967
Lahore,2022,Petrol,Manual,3050000.0,72000,1300.0,Changan,Alsvin,1.3L MT Comfort,4,14.930652476452392
Karachi,2016,Petrol,Automatic,3690000.0,72200,1300.0,Toyota,Corolla,GLi Automatic 1.3 VVTi,10,15.121137287019383
Islamabad,1995,Petrol,Manual,700000.0,282000,1300.0,Suzuki,Margalla,GL,31,13.45883704259595
Lahore,2005,Petrol,Manual,2050000.0,131000,1300.0,Honda,City,i-DSI,21,14.53335083891935
Lahore,2006,Petrol,Manual,1350000.0,190000,1300.0,Suzuki,Liana,RXi,20,14.115615891155079
Karachi,2006,Petrol,Manual,1650000.0,123000,1300.0,Honda,City,i-DSI,20,14.316286451937186
Islamabad,2006,Petrol,Manual,1775000.0,282000,1300.0,Honda,City,i-DSI,20,14.389311544271775
Karachi,2018,Petrol,Manual,3850000.0,91500,1300.0,Toyota,Corolla,,8,15.163583966004193
Islamabad,2006,Petrol,Automatic,2440000.0,150000,1300.0,Toyota,Vitz,iLL 1.3,20,14.707509007105367
Lahore,2015,Petrol,Manual,3100000.0,95000,1300.0,Honda,City,5th (GM2) Generation 1.3 i-VTEC,11,14.946912992035967
Lahore,2010,Petrol,Manual,2650000.0,120000,1300.0,Honda,City,,16,14.790070575320824
Lahore,2012,Petrol,Manual,2840000.0,140000,1300.0,Toyota,Corolla,GLi 1.3 VVTi,14,14.859314962250004
Islamabad,2022,Petrol,Automatic,4525000.0,75000,1300.0,Toyota,Yaris,Sedan ATIV CVT 1.3,4,15.325128356110614
Karachi,2019,Petrol,Automatic,3725000.0,58000,1300.0,Honda,City,5th (GM2) Generation 1.3 i-VTEC Prosmatec,7,15.130577678252136
Islamabad,2016,Petrol,Manual,3750000.0,86000,1300.0,Toyota,Corolla,GLi 1.3 VVTi,10,15.137266664613225
Lahore,2019,Petrol,Automatic,2550000.0,77092,1300.0,Suzuki,Swift,DLX Automatic 1.3 Navigation,7,14.751604309291395
Islamabad,2006,Petrol,Manual,2140000.0,11,1300.0,Toyota,Corolla,9th (E120) Generation XLi,20,14.576316854287645
Islamabad,2016,Petrol,Automatic,4129999.9999999995,130000,1300.0,Toyota,Corolla,GLi Automatic 1.3 VVTi,10,15.233788207067937
Lahore,2012,Petrol,Manual,2100000.0,103299,1300.0,Suzuki,Swift,DLX 1.3,14,14.557448378884015
Islamabad,2007,Hybrid,Automatic,2785000.0,120000,1300.0,Honda,Civic,Reborn MXST (Hybrid),19,14.839758790409885
Karachi,2018,Petrol,Automatic,2600000.0,130134,1300.0,Suzuki,Swift,DLX Automatic 1.3 Navigation,8,14.77102238760702
Karachi,2017,Petrol,Automatic,3800000.0,72591,1300.0,Toyota,Corolla,XLi VVTi,9,15.150511887854474
Karachi,2005,Petrol,Automatic,2200000.0,106600,1300.0,Toyota,Belta,X S Package 1.3,21,14.603968372873895
Islamabad,2013,Petrol,Manual,2730000.0,150000,1300.0,Toyota,Corolla,GLi 1.3 VVTi,13,14.819812533461441
Karachi,2016,Petrol,Manual,2675000.0,57000,1300.0,Honda,City,1.3 i-VTEC,10,14.79946031214395
Islamabad,2017,Petrol,Automatic,2750000.0,85000,1300.0,Suzuki,Swift,DLX Automatic 1.3 Navigation,9,14.827111833279051
Lahore,2005,Petrol,Automatic,1785000.0000000002,190000,1300.0,Toyota,Vitz,,21,14.394929533419809
Islamabad,2020,Petrol,Automatic,4750000.0,90000,1300.0,Toyota,Corolla,GLi Automatic 1.3 VVTi,6,15.373655386537118
Islamabad,2011,Petrol,Automatic,2975000.0,180000,1300.0,Honda,City,5th (GM2) Generation 1.3 i-VTEC Prosmatec,15,14.905754933096265
Lahore,2018,Petrol,Automatic,3825000.0,67000,1300.0,Honda,City,1.3 i-VTEC Prosmatec,8,15.157069286680647
Islamabad,2012,Petrol,Automatic,2410000.0,45000,1300.0,Honda,City,5th (GM2) Generation Aspire Prosmatec 1.3 i-VTEC,14,14.69513772040451
Karachi,2016,Petrol,Manual,3375000.0,82000,1300.0,Toyota,Corolla,XLi VVTi,10,15.03190617858502
Islamabad,2018,Petrol,Manual,3645000.0000000005,70000,1300.0,Honda,City,5th (GM2) Generation 1.3 i-VTEC,8,15.10886719777328
Karachi,2009,Petrol,Manual,2050000.0,105000,1300.0,Toyota,Corolla,XLi VVTi,17,14.53335083891935
Islamabad,2017,Petrol,Manual,4275000.0,96000,1300.0,Toyota,Corolla,GLi 1.3 VVTi,9,15.268294894271099
Islamabad,2012,Petrol,Manual,2260000.0,86000,1300.0,Suzuki,Swift,DX 1.3,14,14.630875813726247
Islamabad,2022,Petrol,Manual,3715000.0,58000,1300.0,Toyota,Yaris,Sedan GLI MT 1.3,4,15.127889505312965
Karachi,1998,Petrol,Manual,720000.0,100000,1300.0,Suzuki,Margalla,GL Plus,28,13.487007879880162
Lahore,2017,Petrol,Automatic,3400000.0,150000,1300.0,Honda,City,5th (GM2) Generation 1.3 i-VTEC Prosmatec,9,15.039286283703994
Islamabad,2010,Petrol,Manual,2750000.0,178367,1300.0,Toyota,Corolla,GLi 1.3 VVTi,16,14.827111833279051
Islamabad,2017,Petrol,Manual,3450000.0,122000,1300.0,Honda,City,5th (GM2) Generation 1.3 i-VTEC,9,15.053885078862573
Islamabad,2007,Petrol,Manual,2075000.0,100000,1300.0,Honda,City,i-DSI,19,14.54547219357453
Karachi,2017,Petrol,Manual,3679999.9999999995,58000,1300.0,Toyota,Corolla,XLi VVTi,9,15.118423581884207
Islamabad,2012,Petrol,Manual,2595000.0,151000,1300.0,Honda,City,5th (GM2) Generation 1.3 i-VTEC,14,14.769097459938507
Karachi,2016,Petrol,Manual,3425000.0,95000,1300.0,Toyota,Corolla,GLi 1.3 VVTi,10,15.046612321649222
Lahore,2020,Petrol,Automatic,5200000.0,81500,1300.0,Toyota,Corolla,GLi Automatic 1.3 VVTi,6,15.46416937585933
Lahore,2012,Petrol,Manual,2680000.0,100001,1300.0,Toyota,Corolla,GLi 1.3 VVTi,14,14.801327725621299
Islamabad,2014,Petrol,Manual,2950000.0,167421,1300.0,Honda,City,5th (GM2) Generation 1.3 i-VTEC,12,14.897316067298997
Karachi,2005,Petrol,Manual,900000.0,282000,1300.0,Suzuki,Baleno,JXR,21,13.710151153416941
Lahore,2021,Petrol,Automatic,4450000.0,33714,1300.0,Toyota,Yaris,Sedan ATIV CVT 1.3,5,15.308414878861498
Islamabad,2012,Petrol,Manual,2750000.0,100000,1300.0,Toyota,Corolla,XLi VVTi,14,14.827111833279051
Islamabad,2015,Petrol,Manual,2200000.0,136972,1300.0,Suzuki,Swift,DLX 1.3,11,14.603968372873895
Karachi,2015,Petrol,Automatic,3350000.0,173402,1300.0,Toyota,Corolla,GLi Automatic 1.3 VVTi,11,15.024471202308668
Lahore,2025,Petrol,Automatic,5050000.0,19,1300.0,Toyota,Yaris,Sedan GLI CVT 1.3,1,15.434898999271326
Lahore,2016,Petrol,Automatic,4500000.0,58650,1300.0,Toyota,Corolla,GLi Automatic 1.3 VVTi,10,15.319588176962746
Karachi,2021,Petrol,Automatic,4050000.0,57000,1300.0,Toyota,Yaris,Sedan ATIV CVT 1.3,5,15.214227685996272
Karachi,2018,Petrol,Automatic,3550000.0,72,1300.0,Honda,City,5th (GM2) Generation 1.3 i-VTEC Prosmatec,8,15.0824584431417
Islamabad,2018,Petrol,Automatic,4575000.0,205000,1300.0,Toyota,Corolla,GLi Automatic 1.3 VVTi,8,15.336117475270969
Karachi,2023,Petrol,Automatic,2790000.0,18235,1300.0,Proton,Saga,1.3L Ace A/T,3,14.841552512220423
Islamabad,2016,Petrol,Manual,3690000.0,86000,1300.0,Toyota,Corolla,GLi 1.3 VVTi,10,15.121137287019383
Islamabad,1986,CNG,Manual,680000.0,158000,1300.0,Toyota,Corolla,,40,13.429849547739444
Islamabad,1996,Petrol,Manual,680000.0,86000,1300.0,Suzuki,Margalla,GL,30,13.429849547739444
Lahore,2021,Petrol,Automatic,4150000.0,73000,1300.0,Honda,City,5th (GM2) Generation 1.3 i-VTEC Prosmatec,5,15.238619133170708
Lahore,2015,Petrol,Manual,3160000.0,115000,1300.0,Honda,City,5th (GM2) Generation Aspire 1.3 i-VTEC,11,14.96608290201874
Karachi,2009,Petrol,Manual,2275000.0,118000,1300.0,Toyota,Corolla,XLi VVTi,17,14.637491049927531
Islamabad,2014,Petrol,Manual,3650000.0,69000,1300.0,Toyota,Corolla,XLi VVTi Limited Edition,12,15.11023799953124
Lahore,2005,Petrol,Manual,1325000.0,90000,1300.0,Suzuki,Baleno,JXR,21,14.096923772119156
Karachi,1999,Petrol,Manual,680000.0,1,1300.0,Suzuki,Baleno,,27,13.429849547739444
Islamabad,2016,Petrol,Automatic,4235000.0,115000,1300.0,Toyota,Corolla,GLi Automatic 1.3 VVTi,10,15.258894122195773
Lahore,2020,Petrol,Automatic,4100000.0,92500,1300.0,Toyota,Corolla,,6,15.226497775576945
Karachi,2015,Petrol,Manual,3200000.0,131320,1300.0,Toyota,Corolla,GLi 1.3 VVTi,11,14.978661680269907
Lahore,2020,Petrol,Manual,4950000.0,18000,1300.0,Toyota,Corolla,XLi VVTi,6,15.414898336565054
Lahore,2014,Petrol,Manual,3050000.0,106600,1300.0,Honda,City,5th (GM2) Generation,12,14.930652476452392
Lahore,2013,Petrol,Manual,2000000.0,120000,1300.0,Suzuki,Swift,DLX 1.3,13,14.508658238524095
Karachi,2014,Petrol,Automatic,3900000.0,70000,1300.0,Toyota,Probox,,12,15.176487367510099
Lahore,2019,Petrol,Automatic,4350000.0,53000,1300.0,Toyota,Corolla,XLi Automatic,7,15.285686632949897
Islamabad,2018,Petrol,Manual,3800000.0,84000,1300.0,Honda,City,5th (GM2) Generation 1.3 i-VTEC,8,15.150511887854474
Islamabad,2009,Petrol,Manual,2450000.0,205000,1300.0,Honda,City,1.3 i-VTEC,17,14.711598990684092
Karachi,2005,Petrol,Manual,795000.0,96000,1300.0,Suzuki,Baleno,JXR,21,13.586098651497313
Lahore,2025,Petrol,Automatic,5050000.0,30,1300.0,Toyota,Yaris,Sedan AERO CVT 1.3,1,15.434898999271326
Karachi,1994,Petrol,Manual,390000.0,99000,1300.0,Suzuki,Margalla,GL,32,12.873904582205107
Karachi,2019,Petrol,Automatic,3725000.0,58000,1300.0,Honda,City,5th (GM2) Generation 1.3 i-VTEC Prosmatec,7,15.130577678252136
Karachi,2014,Petrol,Manual,2645000.0,88000,1300.0,Toyota,Corolla,XLi VVTi,12,14.788182001346298
Islamabad,2000,Petrol,Manual,1250000.0,167860,1300.0,Honda,City,EXi,26,14.038654909278163
Islamabad,2018,Petrol,Manual,2770000.0,160000,1300.0,Suzuki,Swift,DLX 1.3 Navigation,8,14.834358239174286
Islamabad,2014,Petrol,Manual,3080000.0,109000,1300.0,Toyota,Corolla,GLi Limited Edition 1.3 VVTi,12,14.940440479625028
Islamabad,2018,Petrol,Manual,3650000.0,104000,1300.0,Honda,City,1.3 i-VTEC,8,15.11023799953124
Lahore,2008,Petrol,Manual,1150000.0,269637,1300.0,Suzuki,Liana,RXi,18,13.955273369904273
Islamabad,2017,Petrol,Manual,3379999.9999999995,98300,1300.0,Honda,City,1.3 i-VTEC,9,15.033386563317146
Islamabad,2016,Petrol,Manual,3450000.0,110000,1300.0,Toyota,Corolla,XLi VVTi,10,15.053885078862573
Islamabad,2011,Petrol,Automatic,3100000.0,167746,1300.0,Honda,City,5th (GM2) Generation 1.3 i-VTEC Prosmatec,15,14.946912992035967
Islamabad,2012,Petrol,Manual,2630000.0,118000,1300.0,Honda,City,Aspire 1.3 i-VTEC,14,14.782494784382012
Lahore,2011,Petrol,Manual,2770000.0,117000,1300.0,Toyota,Corolla,XLi VVTi,15,14.834358239174286
Islamabad,2016,Petrol,Automatic,2600000.0,95000,1300.0,Suzuki,Swift,DLX Automatic 1.3,10,14.77102238760702
Karachi,2020,Petrol,Automatic,4300000.0,56331,1300.0,Toyota,Yaris,Sedan ATIV CVT 1.3,6,15.274125813221904
Islamabad,2009,Petrol,Manual,2050000.0,245000,1300.0,Toyota,Corolla,XLi VVTi Limited Edition,17,14.53335083891935
Karachi,2018,Petrol,Manual,4300000.0,74000,1300.0,Toyota,Corolla,GLi 1.3 VVTi Special Edition,8,15.274125813221904
Lahore,2019,Petrol,Automatic,5600000.0,100000,1300.0,Toyota,Corolla,GLi Automatic 1.3 VVTi,7,15.53827733427679
Islamabad,2011,Petrol,Manual,2260000.0,19100,1300.0,Toyota,Corolla,GLi 1.3 VVTi,15,14.630875813726247
Islamabad,2016,Petrol,Manual,3750000.0,86000,1300.0,Toyota,Corolla,GLi 1.3 VVTi,10,15.137266664613225
Lahore,2022,Petrol,Manual,4400000.0,71000,1300.0,Toyota,Yaris,Sedan ATIV MT 1.3,4,15.29711532616119
Lahore,2007,Petrol,Manual,1830000.0,188000,1300.0,Honda,City,i-DSI,19,14.419827071265543
Lahore,2018,Petrol,Manual,2500000.0,82000,1300.0,Suzuki,Swift,DLX 1.3 Navigation,8,14.731801689838349
Lahore,2019,Petrol,Automatic,2550000.0,77092,1300.0,Suzuki,Swift,DLX Automatic 1.3 Navigation,7,14.751604309291395
Islamabad,2024,Petrol,Automatic,5695000.0,9900,1300.0,Toyota,Yaris,Sedan ATIV CVT 1.3,2,15.555099330456029
Islamabad,2014,Petrol,Manual,3345000.0000000005,96700,1300.0,Toyota,Corolla,XLi VVTi,12,15.022977550498084
Islamabad,2006,Petrol,Manual,2140000.0,11,1300.0,Toyota,Corolla,9th (E120) Generation XLi,20,14.576316854287645
Karachi,2015,Petrol,Manual,3195000.0,2000,1300.0,Toyota,Corolla,XLi VVTi,11,14.97709795878277
Islamabad,2017,Petrol,Manual,1985000.0000000002,78000,1300.0,Suzuki,Swift,DLX 1.3 Navigation,9,14.50112997588164
Lahore,2005,Petrol,Manual,1775000.0,10000,1300.0,Honda,City,i-DSI,21,14.389311544271775
Islamabad,2016,Petrol,Automatic,4129999.9999999995,130000,1300.0,Toyota,Corolla,GLi Automatic 1.3 VVTi,10,15.233788207067937
Karachi,2018,Petrol,Automatic,2700000.0,90000,1300.0,Suzuki,Swift,DLX Automatic 1.3 Navigation,8,14.80876270134486
Islamabad,2019,Petrol,Automatic,4250000.0,135000,1300.0,Honda,City,1.3 i-VTEC Prosmatec,7,15.26242977619469
Islamabad,2016,Petrol,Manual,3400000.0,101000,1300.0,Honda,City,,10,15.039286283703994
Lahore,2012,Petrol,Manual,2100000.0,103299,1300.0,Suzuki,Swift,DLX 1.3,14,14.557448378884015
Lahore,2016,Petrol,Manual,2485000.0,65000,1300.0,Suzuki,Swift,DLX 1.3,10,14.725783619927272
Lahore,2012,Petrol,Manual,2550000.0,210000,1300.0,Toyota,Corolla,GLi 1.3 VVTi,14,14.751604309291395
Lahore,2017,Petrol,Manual,3260000.0,147000,1300.0,Honda,City,5th (GM2) Generation 1.3 i-VTEC,9,14.997238060091309
Islamabad,2005,Petrol,Manual,1780000.0,165000,1300.0,Nissan,Sunny,EX Saloon 1.3,21,14.392124484065864
Lahore,2006,Petrol,Manual,1800000.0,188269,1300.0,Toyota,Corolla,9th (E120) Generation XLi,20,14.403297778421795
Lahore,2019,Petrol,Automatic,3975000.0,85000,1300.0,Honda,City,5th (GM2) Generation 1.3 i-VTEC Prosmatec,7,15.195535557642865
Islamabad,2019,Petrol,Automatic,5450000.0,52000,1300.0,Toyota,Corolla,GLi Automatic 1.3 VVTi,7,15.511126350125648
Karachi,2016,Petrol,Automatic,3200000.0,107000,1300.0,Honda,City,1.3 i-VTEC Prosmatec,10,14.978661680269907
Karachi,2006,Petrol,Manual,1975000.0,87000,1300.0,Toyota,Corolla,9th (E120) Generation XLi,20,14.496079462646344
Karachi,2020,Petrol,Automatic,6175000.0,54000,1300.0,Nissan,Kicks,,6,15.636019602421621
Karachi,2020,Petrol,Manual,4000000.0,51174,1300.0,Toyota,Yaris,Sedan ATIV MT 1.3,6,15.201805169084134
Lahore,2010,Petrol,Manual,2550000.0,135000,1300.0,Toyota,Corolla,XLi VVTi,16,14.751604309291395
Lahore,2008,Petrol,Manual,2170000.0,125621,1300.0,Honda,City,i-DSI,18,14.59023818634603
Lahore,2020,Petrol,Manual,3999000.0,65000,1300.0,Honda,City,5th (GM2) Generation 1.3 i-VTEC,6,15.20155513789144
Lahore,2019,Petrol,Automatic,4590000.0,127000,1300.0,Toyota,Corolla,GLi Automatic 1.3 VVTi,7,15.339390799901627
Karachi,2000,Petrol,Manual,750000.0,160000,1300.0,Honda,City,EXi S,26,13.527829818844937
Islamabad,2007,Hybrid,Automatic,3590000.0,112250,1300.0,Honda,Civic,Reborn MXB (Hybrid),19,15.093663039015954
Islamabad,2021,Petrol,Manual,4100000.0,150000,1300.0,Toyota,Yaris,Sedan GLI MT 1.3,5,15.226497775576945
Islamabad,2010,Petrol,Manual,2400000.0,150000,1300.0,Toyota,Corolla,GLi 1.3 VVTi,16,14.690979711984754
Lahore,2004,Petrol,Automatic,1450000.0,176500,1300.0,Mitsubishi,Lancer,GLX Automatic 1.3,22,14.187074804051692
Islamabad,2007,Hybrid,Automatic,2785000.0,120000,1300.0,Honda,Civic,Reborn MXST (Hybrid),19,14.839758790409885
Karachi,2014,Petrol,Manual,2950000.0,139000,1300.0,Toyota,Corolla,XLi VVTi,12,14.897316067298997
Islamabad,2019,Petrol,Automatic,3929999.9999999995,70000,1300.0,Honda,City,1.3 i-VTEC Prosmatec,7,15.184150238298338
Karachi,1994,Petrol,Manual,500000.0,99000,1300.0,Suzuki,Margalla,GL,32,13.122365377402328
Islamabad,2012,Petrol,Manual,2840000.0,200000,1300.0,Toyota,Corolla,GLi 1.3 VVTi,14,14.859314962250004
Lahore,2005,Petrol,Manual,675000.0,100000,1323.0,KIA,Classic,LX,21,13.42246945133505
Islamabad,2018,Petrol,Manual,3490000.0,96500,1300.0,Honda,City,5th (GM2) Generation 1.3 i-VTEC,8,15.06541258071152
Islamabad,2007,Petrol,Manual,1850000.0,282000,1300.0,Toyota,Corolla,9th (E120) Generation XLi,19,14.430696737594902
Lahore,2009,Petrol,Manual,2500000.0,120000,1300.0,Honda,City,1.3 i-VTEC,17,14.731801689838349
Islamabad,2018,Petrol,Manual,4300000.0,93000,1300.0,Toyota,Corolla,GLi 1.3 VVTi,8,15.274125813221904
Islamabad,2015,Petrol,Manual,3250000.0,114000,1300.0,Honda,City,Aspire 1.3 i-VTEC,11,14.99416586199818
Karachi,2018,Petrol,Automatic,2600000.0,130134,1300.0,Suzuki,Swift,DLX Automatic 1.3 Navigation,8,14.77102238760702
Karachi,2007,Petrol,Manual,1150000.0,102000,1300.0,Suzuki,Liana,RXi,19,13.955273369904273
Karachi,2017,Petrol,Automatic,3800000.0,72591,1300.0,Toyota,Corolla,XLi VVTi,9,15.150511887854474
Islamabad,2014,Petrol,Manual,2950000.0,167421,1300.0,Honda,City,5th (GM2) Generation 1.3 i-VTEC,12,14.897316067298997
Karachi,2005,Petrol,Manual,900000.0,282000,1300.0,Suzuki,Baleno,JXR,21,13.710151153416941
Lahore,2012,Petrol,Manual,1800000.0,185000,1300.0,Suzuki,Swift,DLX 1.3,14,14.403297778421795
Lahore,2006,Petrol,Manual,2150000.0,183868,1300.0,Toyota,Corolla,9th (E120) Generation GLi 1.3,20,14.580978865220017
Lahore,2021,Petrol,Automatic,4450000.0,33714,1300.0,Toyota,Yaris,Sedan ATIV CVT 1.3,5,15.308414878861498
Lahore,2018,Petrol,Manual,3490000.0,74000,1300.0,Honda,City,5th (GM2) Generation 1.3 i-VTEC,8,15.06541258071152
Lahore,2017,Petrol,Manual,3300000.0,58000,1300.0,Honda,City,5th (GM2) Generation 1.3 i-VTEC,9,15.009433329466965
Islamabad,2013,Petrol,Manual,3150000.0,115206,1300.0,Toyota,Corolla,XLi VVTi Limited Edition,13,14.962913328262083
Lahore,2011,Petrol,Manual,2618000.0,161000,1300.0,Toyota,Corolla,GLi 1.3 VVTi,15,14.77792160742288
Islamabad,2007,Petrol,Automatic,2290000.0,155000,1300.0,Honda,City,i-DSI Vario,19,14.64406281221155
Lahore,2020,Petrol,Manual,3790000.0,47600,1300.0,Honda,City,1.3 i-VTEC,6,15.147876840910817
Karachi,2009,Petrol,Automatic,2300000.0,157041,1300.0,Honda,City,5th (GM2) Generation 1.3 i-VTEC Prosmatec,17,14.648420115681892
Lahore,2025,Petrol,Automatic,5060000.0,35,1300.0,Toyota,Yaris,Sedan GLI CVT 1.3,1,15.436877238892087
Karachi,2025,Petrol,Automatic,5070000.0,42,1300.0,Toyota,Yaris,Sedan GLI CVT 1.3,1,15.438851572806005
Karachi,2016,Petrol,Automatic,2425000.0,80000,1300.0,Suzuki,Swift,DLX Automatic 1.3,10,14.70134249472477
Karachi,2018,Petrol,Manual,2700000.0,97502,1300.0,Suzuki,Swift,DLX 1.3 Navigation,8,14.80876270134486
Karachi,2016,Petrol,Manual,2150000.0,225878,1300.0,Suzuki,Swift,DLX 1.3,10,14.580978865220017
Lahore,2019,Petrol,Manual,3695000.0000000005,64000,1300.0,Honda,City,5th (GM2) Generation 1.3 i-VTEC,7,15.122491383000398
Karachi,2017,Petrol,Automatic,3575000.0,100000,1300.0,Toyota,Corolla,GLi Automatic 1.3 VVTi,9,15.089476013830486
Karachi,2004,Petrol,Automatic,1570000.0,100101,1300.0,Toyota,Platz,F 1.3,22,14.266586814266963
Karachi,2021,Petrol,Automatic,2490000.0,32000,1300.0,Proton,Saga,1.3L R3 A/T,5,14.727793670047236
Islamabad,2012,Petrol,Manual,2750000.0,100000,1300.0,Toyota,Corolla,XLi VVTi,14,14.827111833279051
Lahore,2008,Petrol,Manual,1700000.0,50000,1300.0,Honda,City,i-DSI,18,14.346139397261565
Islamabad,2018,Petrol,Automatic,3700000.0,75000,1300.0,Honda,City,5th (GM2) Generation 1.3 i-VTEC Prosmatec,8,15.123843647884687
Islamabad,2015,Petrol,Manual,2200000.0,136972,1300.0,Suzuki,Swift,DLX 1.3,11,14.603968372873895
Karachi,2018,Petrol,Automatic,2525000.0,73000,1300.0,Suzuki,Swift,DLX Automatic 1.3 Navigation,8,14.741752016731123
Islamabad,2007,Petrol,Manual,2400000.0,112000,1300.0,Toyota,Corolla,9th (E120) Generation GLi 1.3,19,14.690979711984754
Karachi,2015,Petrol,Manual,2850000.0,80000,1300.0,Toyota,Corolla,GLi 1.3 VVTi,11,14.862829903121964
Karachi,2015,Petrol,Automatic,3350000.0,173402,1300.0,Toyota,Corolla,GLi Automatic 1.3 VVTi,11,15.024471202308668
Karachi,2014,Petrol,Manual,3050000.0,137000,1300.0,Toyota,Corolla,XLi VVTi,12,14.930652476452392
Lahore,2025,Petrol,Automatic,5050000.0,19,1300.0,Toyota,Yaris,Sedan GLI CVT 1.3,1,15.434898999271326
Islamabad,2019,Petrol,Manual,2650000.0,100000,1300.0,Suzuki,Swift,DLX 1.3 Navigation,7,14.790070575320824
Lahore,2015,Petrol,Manual,2780000.0,162000,1300.0,Honda,City,5th (GM2) Generation 1.3 i-VTEC,11,14.837961845378985
Lahore,2019,Petrol,Automatic,4250000.0,140000,1300.0,Toyota,Corolla,GLi Automatic 1.3 VVTi,7,15.26242977619469
Islamabad,2019,Petrol,Automatic,4685000.0,91000,1300.0,Toyota,Corolla,GLi Automatic 1.3 VVTi,7,15.359876687101808
Islamabad,2011,Petrol,Manual,2800000.0,170000,1300.0,Toyota,Corolla,GLi 1.3 VVTi,15,14.845130332288226
Lahore,2016,Petrol,Automatic,4500000.0,58650,1300.0,Toyota,Corolla,GLi Automatic 1.3 VVTi,10,15.319588176962746
Karachi,2015,Petrol,Automatic,2290000.0,53500,1300.0,Suzuki,Swift,DLX Automatic 1.3,11,14.64406281221155
Karachi,2021,Petrol,Automatic,4050000.0,57000,1300.0,Toyota,Yaris,Sedan ATIV CVT 1.3,5,15.214227685996272
Karachi,2018,Petrol,Automatic,3550000.0,72,1300.0,Honda,City,5th (GM2) Generation 1.3 i-VTEC Prosmatec,8,15.0824584431417
Islamabad,2010,Petrol,Manual,1950000.0,110000,1300.0,Suzuki,Swift,DLX 1.3,16,14.48334044336031
Islamabad,2019,Petrol,Automatic,3890000.0,117000,1300.0,Honda,City,5th (GM2) Generation 1.3 i-VTEC Prosmatec,7,15.173919972664004
Islamabad,2013,Petrol,Manual,3825000.0,77500,1300.0,Toyota,Corolla,GLi 1.3 VVTi,13,15.157069286680647
Islamabad,2019,Petrol,Automatic,4800000.0,62132,1300.0,Toyota,Corolla,GLi Automatic 1.3 VVTi,7,15.38412668421143
Karachi,2006,Petrol,Manual,1100000.0,109012,1300.0,Proton,Gen,2,20,13.910821646859095
Karachi,2017,Petrol,Manual,1275000.0,52573,1300.0,FAW,V2,VCT-i,9,14.058457520888082
Karachi,2019,Petrol,Automatic,3895000.0000000005,77000,1300.0,Toyota,Corolla,XLi Automatic,7,15.175204494026362
Islamabad,2015,Petrol,Manual,3150000.0,111000,1300.0,Honda,City,5th (GM2) Generation 1.3 i-VTEC,11,14.962913328262083
Islamabad,1982,Petrol,Manual,1200000.0,282000,1300.0,Toyota,Corolla,,44,13.997832948091215
Karachi,2020,Petrol,Automatic,3700000.0,174309,1300.0,Toyota,Yaris,Sedan ATIV CVT 1.3,6,15.123843647884687
Islamabad,2021,Petrol,Automatic,2950000.0,63374,1299.0,Proton,Saga,1.3L Ace A/T,5,14.897316067298997
Lahore,2007,Petrol,Manual,1800000.0,202763,1300.0,Honda,City,i-DSI,19,14.403297778421795
Islamabad,2018,Petrol,Automatic,4525000.0,107340,1300.0,Toyota,Corolla,GLi Automatic 1.3 VVTi,8,15.325128356110614
Lahore,2022,Petrol,Automatic,4650000.0,33000,1300.0,Toyota,Yaris,Sedan ATIV CVT 1.3,4,15.35237799261728
Karachi,2021,Petrol,Automatic,3090000.0,47000,1300.0,Suzuki,Swift,DLX Automatic 1.3 Navigation,5,14.94368197249847
Lahore,2010,Petrol,Manual,2175000.0,282000,1300.0,Toyota,Corolla,XLi VVTi,16,14.59253968227493
Karachi,2007,Petrol,Manual,1300000.0,100000,1300.0,Suzuki,Liana,RXi,19,14.077875591662238
Karachi,2011,Petrol,Manual,2370000.0,127400,1300.0,Toyota,Corolla,GLi 1.3 VVTi,15,14.678400935052153
Islamabad,2013,Petrol,Manual,3450000.0,99000,1300.0,Toyota,Corolla,GLi 1.3 VVTi,13,15.053885078862573
Lahore,2018,Petrol,Manual,3300000.0,205000,1300.0,Honda,City,5th (GM2) Generation 1.3 i-VTEC,8,15.009433329466965
Karachi,2001,Petrol,Manual,1000000.0,161461,1300.0,Honda,City,EXi,25,13.815511557963774
Islamabad,2015,Petrol,Automatic,3500000.0,250000,1300.0,Toyota,Corolla,GLi Automatic 1.3 VVTi,11,15.068273812173887
Lahore,2019,Petrol,Automatic,4300000.0,73000,1300.0,Toyota,Corolla,XLi Automatic,7,15.274125813221904
Islamabad,2013,Petrol,Manual,2220000.0,121000,1300.0,Suzuki,Swift,DLX 1.3,13,14.613018204298811
Lahore,2020,Petrol,Automatic,4250000.0,35249,1300.0,Toyota,Yaris,Sedan GLI CVT 1.3,6,15.26242977619469
Islamabad,2018,Petrol,Automatic,4575000.0,205000,1300.0,Toyota,Corolla,GLi Automatic 1.3 VVTi,8,15.336117475270969
Karachi,2023,Petrol,Automatic,2790000.0,18235,1300.0,Proton,Saga,1.3L Ace A/T,3,14.841552512220423
Islamabad,2000,Petrol,Manual,1250000.0,167860,1300.0,Honda,City,EXi,26,14.038654909278163
Islamabad,2016,Petrol,Automatic,3600000.0,123000,1300.0,Honda,City,5th (GM2) Generation 1.3 i-VTEC Prosmatec,10,15.096444681204078
Karachi,2009,Petrol,Manual,2250000.0,120000,1300.0,Honda,City,5th (GM2) Generation 1.3 i-VTEC,17,14.626441218624949
Islamabad,2018,Petrol,Manual,2770000.0,160000,1300.0,Suzuki,Swift,DLX 1.3 Navigation,8,14.834358239174286
Islamabad,2010,Petrol,Manual,2695000.0,178367,1300.0,Toyota,Corolla,GLi 1.3 VVTi,16,14.80690913338268
Karachi,1985,Petrol,Manual,550000.0,200000,1300.0,Toyota,Corolla,DX Saloon,41,13.217675375388819
Islamabad,2014,Petrol,Manual,2250000.0,145000,1300.0,Suzuki,Swift,DLX 1.3,12,14.626441218624949
Lahore,2018,Petrol,Manual,3345000.0000000005,149,1300.0,Honda,City,5th (GM2) Generation 1.3 i-VTEC,8,15.022977550498084
Islamabad,2014,Petrol,Manual,3080000.0,109000,1300.0,Toyota,Corolla,GLi Limited Edition 1.3 VVTi,12,14.940440479625028
Islamabad,2018,Petrol,Manual,3650000.0,91000,1300.0,Honda,City,1.3 i-VTEC,8,15.11023799953124
Lahore,2005,Petrol,Manual,1700000.0,244000,1300.0,Honda,City,i-DSI,21,14.346139397261565
Islamabad,2016,Petrol,Manual,3379999.9999999995,97000,1300.0,Honda,City,5th (GM2) Generation 1.3 i-VTEC,10,15.033386563317146
Lahore,2019,Petrol,Automatic,4785000.0,72100,1300.0,Toyota,Corolla,GLi Automatic 1.3 VVTi,7,15.380996791855585
Karachi,2016,Petrol,Manual,2950000.0,119000,1300.0,Honda,City,1.3 i-VTEC,10,14.897316067298997
Islamabad,2018,Petrol,Manual,2450000.0,104087,1300.0,Suzuki,Swift,DLX 1.3 Navigation,8,14.711598990684092
Karachi,2012,Petrol,Manual,2480000.0,152000,1300.0,Toyota,Corolla,XLi VVTi,14,14.72376952136689
Islamabad,2006,Petrol,Manual,2100000.0,282000,1300.0,Toyota,Corolla,9th (E120) Generation XLi,20,14.557448378884015
Lahore,2016,Petrol,Automatic,4000000.0,126422,1300.0,Toyota,Corolla,GLi Automatic 1.3 VVTi,10,15.201805169084134
Lahore,2025,Petrol,Manual,4850000.0,25,1300.0,Toyota,Yaris,Sedan GLI MT 1.3,1,15.394489469099211
Lahore,2004,Petrol,Automatic,1895000.0,104000,1300.0,Honda,City,i-DSI Vario,22,14.45472992420301
Islamabad,2007,Petrol,Manual,1930000.0,238000,1300.0,Honda,City,,19,14.47303107901565
Islamabad,2020,Petrol,Manual,3840000.0,87000,1300.0,Honda,City,5th (GM2) Generation 1.3 i-VTEC,6,15.160983184980543
Lahore,2017,Petrol,Automatic,3700000.0,95000,1300.0,Honda,City,5th (GM2) Generation 1.3 i-VTEC Prosmatec,9,15.123843647884687
Karachi,2007,Hybrid,Automatic,2850000.0,239000,1300.0,Honda,Civic,MXB (Hybrid),19,14.862829903121964
Islamabad,2013,Petrol,Manual,2395000.0,78650,1300.0,Suzuki,Swift,DLX 1.3,13,14.6888942063636
Karachi,2007,Petrol,Manual,2050000.0,76000,1300.0,Honda,City,i-DSI,19,14.53335083891935
Islamabad,2017,Petrol,Automatic,3700000.0,74000,1300.0,Honda,City,5th (GM2) Generation 1.3 i-VTEC Prosmatec,9,15.123843647884687
Lahore,2020,Petrol,Manual,3829999.9999999995,55000,1300.0,Honda,City,5th (GM2) Generation 1.3 i-VTEC,6,15.1583756222534
Islamabad,2017,Petrol,Automatic,3820000.0000000005,105000,1300.0,Toyota,Corolla,GLi Automatic 1.3 VVTi,9,15.155761242362829
Islamabad,2006,Petrol,Manual,1750000.0,200000,1300.0,Honda,City,i-DSI,20,14.375126917328105
Lahore,2010,Petrol,Automatic,2775000.0,249000,1300.0,Honda,City,1.3 i-VTEC Prosmatec,16,14.836161665522967
Islamabad,1989,Petrol,Manual,840000.0,143254,1300.0,Nissan,Sunny,,37,13.641158361294979
Islamabad,2009,Petrol,Manual,2485000.0,118000,1300.0,Honda,City,5th (GM2) Generation 1.3 i-VTEC,17,14.725783619927272
Islamabad,2018,Petrol,Manual,3650000.0,104000,1300.0,Honda,City,1.3 i-VTEC,8,15.11023799953124
Lahore,2008,Petrol,Manual,1330000.0,122807,1300.0,Suzuki,Liana,RXi,18,14.100690252077353
Lahore,2008,Petrol,Manual,1150000.0,269637,1300.0,Suzuki,Liana,RXi,18,13.955273369904273
Islamabad,2015,Petrol,Automatic,2375000.0,257000,1300.0,Suzuki,Swift,DLX Automatic 1.3,11,14.680508416503422
Lahore,2014,Petrol,Manual,3145000.0,88000,1300.0,Honda,City,5th (GM2) Generation 1.3 i-VTEC,12,14.96132476608165
Islamabad,2017,Petrol,Manual,3379999.9999999995,98300,1300.0,Honda,City,1.3 i-VTEC,9,15.033386563317146
Lahore,2021,Petrol,Automatic,4150000.0,80800,1300.0,Honda,City,5th (GM2) Generation 1.3 i-VTEC Prosmatec,5,15.238619133170708
Islamabad,2011,Petrol,Manual,1910000.0000000002,120000,1300.0,Suzuki,Swift,DX 1.3,15,14.462614323582885
Lahore,2017,Petrol,Manual,3195000.0,117000,1300.0,Honda,City,5th (GM2) Generation Aspire 1.3 i-VTEC,9,14.97709795878277
Islamabad,2016,Petrol,Manual,3450000.0,110000,1300.0,Toyota,Corolla,XLi VVTi,10,15.053885078862573
Islamabad,2011,Petrol,Automatic,3100000.0,167746,1300.0,Honda,City,5th (GM2) Generation 1.3 i-VTEC Prosmatec,15,14.946912992035967
Lahore,2019,Petrol,Manual,4225000.0,115000,1300.0,Toyota,Corolla,GLi 1.3 VVTi,7,15.256530055459773
Islamabad,2012,Petrol,Manual,2630000.0,118000,1300.0,Honda,City,Aspire 1.3 i-VTEC,14,14.782494784382012
Islamabad,2006,Petrol,Manual,2275000.0,200000,1300.0,Toyota,Corolla,GLi 1.3,20,14.637491049927531
Lahore,2011,Petrol,Manual,2770000.0,117000,1300.0,Toyota,Corolla,XLi VVTi,15,14.834358239174286
Karachi,2014,Petrol,Automatic,3450000.0,102000,1300.0,Toyota,Corolla,GLi Automatic 1.3 VVTi,12,15.053885078862573
Lahore,2018,Petrol,Automatic,4650000.0,60000,1300.0,Toyota,Corolla,GLi Automatic 1.3 VVTi,8,15.35237799261728
Karachi,2013,Petrol,Manual,2750000.0,115000,1300.0,Toyota,Corolla,GLi 1.3 VVTi,13,14.827111833279051
Karachi,2000,Petrol,Manual,850000.0,150000,1300.0,Honda,City,EXi S,26,13.652992804936396
Islamabad,2019,Petrol,Automatic,5100000.0,72000,1300.0,Toyota,Corolla,GLi Automatic 1.3 VVTi,7,15.444751293772967
Islamabad,2019,Petrol,Manual,2630000.0,95000,1300.0,Suzuki,Swift,DLX 1.3 Navigation,7,14.782494784382012
Islamabad,2015,Petrol,Automatic,3879999.9999999995,138000,1300.0,Toyota,Corolla,GLi Automatic 1.3 VVTi,11,15.171345969331382
Karachi,2010,Petrol,Manual,2180000.0,123000,1300.0,Toyota,Corolla,XLi VVTi,16,14.594835893480763
Karachi,2018,Petrol,Manual,2660000.0,50000,1300.0,Suzuki,Swift,DLX 1.3 Navigation,8,14.793837056697662
Lahore,2011,Petrol,Manual,1850000.0,155000,1300.0,Suzuki,Swift,DX 1.3,15,14.430696737594902
Lahore,2021,Petrol,Automatic,4290000.0,61000,1300.0,Toyota,Yaris,Sedan ATIV CVT 1.3,5,15.271797524004405
Lahore,2018,Petrol,Manual,3575000.0,96000,1300.0,Honda,City,1.3 i-VTEC,8,15.089476013830486
Islamabad,2006,Petrol,Automatic,2250000.0,190000,1300.0,Toyota,Belta,X Business A Package 1.3,20,14.626441218624949
Karachi,2006,Petrol,Automatic,1345000.0,100000,1300.0,Mitsubishi,Lancer,GLX Automatic 1.3,20,14.111905314512224
Islamabad,2016,Petrol,Automatic,2600000.0,95000,1300.0,Suzuki,Swift,DLX Automatic 1.3,10,14.77102238760702
Karachi,2020,Petrol,Automatic,4300000.0,56331,1300.0,Toyota,Yaris,Sedan ATIV CVT 1.3,6,15.274125813221904
Islamabad,2005,Petrol,Manual,1780000.0,165000,1300.0,Nissan,Sunny,EX Saloon 1.3,21,14.392124484065864
Lahore,2015,Petrol,Automatic,2950000.0,130000,1300.0,Honda,City,5th (GM2) Generation 1.3 i-VTEC Prosmatec,11,14.897316067298997
Islamabad,1986,Petrol,Automatic,1600000.0,100000,1300.0,Toyota,86,,40,14.285514812209815
Lahore,2006,Petrol,Manual,1800000.0,188269,1300.0,Toyota,Corolla,9th (E120) Generation XLi,20,14.403297778421795
Lahore,2019,Petrol,Automatic,3975000.0,85000,1300.0,Honda,City,5th (GM2) Generation 1.3 i-VTEC Prosmatec,7,15.195535557642865
Islamabad,2019,Petrol,Automatic,5450000.0,52000,1300.0,Toyota,Corolla,GLi Automatic 1.3 VVTi,7,15.511126350125648
Islamabad,2007,Petrol,Automatic,1750000.0,200000,1300.0,Toyota,Passo,X 1.3,19,14.375126917328105
Karachi,2016,Petrol,Automatic,3200000.0,107000,1300.0,Honda,City,1.3 i-VTEC Prosmatec,10,14.978661680269907
Karachi,2006,Petrol,Manual,1975000.0,87000,1300.0,Toyota,Corolla,9th (E120) Generation XLi,20,14.496079462646344
Karachi,1996,Petrol,Manual,600000.0,282000,1300.0,Suzuki,Margalla,GLX,30,13.304686600863562
Karachi,2020,Petrol,Automatic,6175000.0,54000,1300.0,Nissan,Kicks,,6,15.636019602421621
Karachi,2020,Petrol,Manual,4000000.0,51174,1300.0,Toyota,Yaris,Sedan ATIV MT 1.3,6,15.201805169084134
Islamabad,1989,Petrol,Manual,520000.0,120000,1300.0,Honda,Civic,,37,13.161586013632684
Lahore,2005,Petrol,Manual,2100000.0,120000,1300.0,Honda,City,i-DSI,21,14.557448378884015
Lahore,2010,Petrol,Manual,2550000.0,135000,1300.0,Toyota,Corolla,XLi VVTi,16,14.751604309291395
Karachi,2007,Petrol,Automatic,1730000.0,89000,1300.0,Honda,City,i-DSI Vario,19,14.363632544508476
Lahore,2008,Petrol,Manual,2170000.0,125621,1300.0,Honda,City,i-DSI,18,14.59023818634603
Lahore,2015,Petrol,Manual,3150000.0,115000,1300.0,Honda,City,5th (GM2) Generation 1.3 i-VTEC,11,14.962913328262083
Lahore,2021,Petrol,Manual,3899000.0,89000,1300.0,Honda,City,5th (GM2) Generation 1.3 i-VTEC,5,15.176230924440722
Lahore,2020,Petrol,Manual,3999000.0,65000,1300.0,Honda,City,5th (GM2) Generation 1.3 i-VTEC,6,15.20155513789144
Karachi,2021,Petrol,Automatic,3915000.0,54000,1300.0,Toyota,Yaris,Sedan GLI CVT 1.3,5,15.180326142834849
Islamabad,2010,Petrol,Manual,2720000.0,100200,1300.0,Honda,City,1.3 i-VTEC,16,14.81614280591917
Karachi,2019,Petrol,Automatic,3700000.0,58161,1300.0,Honda,City,5th (GM2) Generation 1.3 i-VTEC Prosmatec,7,15.123843647884687
Lahore,1996,Petrol,Manual,2075000.0,134000,1300.0,Toyota,Corolla,8th (E110) Generation XE,30,14.54547219357453
Lahore,2025,Petrol,Automatic,5070000.0,38,1300.0,Toyota,Yaris,Sedan GLI CVT 1.3,1,15.438851572806005
Lahore,2018,Petrol,Manual,3450000.0,100000,1300.0,Honda,City,5th (GM2) Generation 1.3 i-VTEC,8,15.053885078862573
Islamabad,2019,Petrol,Automatic,2850000.0,86000,1300.0,Suzuki,Swift,DLX Automatic 1.3 Navigation,7,14.862829903121964
Karachi,2018,Petrol,Automatic,4190000.0,68000,1300.0,Toyota,Corolla,GLi Automatic 1.3 VVTi,8,15.248211530561777
Lahore,2021,Petrol,Manual,4290000.0,13000,1300.0,Toyota,Yaris,Sedan ATIV MT 1.3,5,15.271797524004405
Lahore,2008,Petrol,Manual,2500000.0,84752,1300.0,Honda,City,i-DSI,18,14.731801689838349
Karachi,2006,Petrol,Manual,2100000.0,128259,1300.0,Toyota,Corolla,9th (E120) Generation XLi,20,14.557448378884015
Islamabad,2014,Petrol,Manual,3379999.9999999995,73000,1300.0,Toyota,Corolla,XLi VVTi,12,15.033386563317146
Karachi,2024,Petrol,Automatic,4750000.0,19000,1300.0,Toyota,Yaris,Sedan GLI CVT 1.3,2,15.373655386537118
Lahore,2014,Petrol,Manual,2900000.0,211398,1300.0,Honda,City,5th (GM2) Generation 1.3 i-VTEC,12,14.88022163978423
Islamabad,2005,Petrol,Manual,1850000.0,80000,1300.0,Toyota,Corolla,9th (E120) Generation XLi,21,14.430696737594902
Lahore,2015,Petrol,Manual,2850000.0,109000,1300.0,Honda,City,1.3 i-VTEC,11,14.862829903121964
Lahore,2019,Petrol,Automatic,4590000.0,127000,1300.0,Toyota,Corolla,GLi Automatic 1.3 VVTi,7,15.339390799901627
Karachi,2010,Petrol,Manual,2285000.0,123528,1300.0,Honda,City,5th (GM2) Generation i-VTEC,16,14.641877019947108
Karachi,1998,Petrol,Manual,650000.0,22200,1300.0,Honda,City,EXi,28,13.384729180332174
Lahore,2018,Petrol,Manual,3490000.0,74000,1300.0,Honda,City,5th (GM2) Generation 1.3 i-VTEC,8,15.06541258071152
Lahore,2017,Petrol,Manual,3300000.0,58000,1300.0,Honda,City,5th (GM2) Generation 1.3 i-VTEC,9,15.009433329466965
Islamabad,2013,Petrol,Manual,3150000.0,115206,1300.0,Toyota,Corolla,XLi VVTi Limited Edition,13,14.962913328262083
Lahore,2010,Petrol,Manual,2345000.0,125000,1300.0,Honda,City,5th (GM2) Generation 1.3 i-VTEC,16,14.667796386301658
Lahore,2007,Petrol,Manual,2290000.0,123685,1300.0,Honda,City,i-DSI,19,14.64406281221155
Islamabad,2008,Petrol,Manual,2780000.0,78456,1300.0,Honda,City,i-DSI,18,14.837961845378985
Lahore,2011,Petrol,Manual,2618000.0,161000,1300.0,Toyota,Corolla,GLi 1.3 VVTi,15,14.77792160742288
Islamabad,2014,Petrol,Manual,3450000.0,97000,1300.0,Toyota,Corolla,GLi 1.3 VVTi,12,15.053885078862573
Lahore,2020,Petrol,Manual,2790000.0,73000,1300.0,Suzuki,Swift,DLX 1.3 Navigation,6,14.841552512220423
Karachi,2018,Petrol,Manual,2500000.0,70000,1300.0,Suzuki,Swift,DLX 1.3 Navigation,8,14.731801689838349
Islamabad,1985,Petrol,Manual,1750000.0,130000,1300.0,Toyota,Corolla,DX,41,14.375126917328105
Lahore,2014,Petrol,Manual,3050000.0,103000,1300.0,Honda,City,5th (GM2) Generation 1.3 i-VTEC,12,14.930652476452392
Islamabad,2020,Petrol,Automatic,3100000.0,98000,1300.0,Suzuki,Swift,DLX Automatic 1.3 Navigation,6,14.946912992035967
Lahore,2020,Petrol,Automatic,4175000.0,58000,1300.0,Toyota,Yaris,Sedan ATIV CVT 1.3,6,15.244625155788022
Islamabad,2007,Petrol,Automatic,2290000.0,155000,1300.0,Honda,City,i-DSI Vario,19,14.64406281221155
Lahore,2020,Petrol,Manual,3790000.0,47600,1300.0,Honda,City,1.3 i-VTEC,6,15.147876840910817
Islamabad,2014,Petrol,Manual,3379999.9999999995,117000,1300.0,Toyota,Corolla,GLi 1.3 VVTi,12,15.033386563317146
Lahore,2015,Petrol,Automatic,3550000.0,57000,1300.0,Honda,City,1.3 i-VTEC Prosmatec,11,15.0824584431417
Islamabad,2011,Petrol,Manual,3350000.0,70000,1300.0,Toyota,Corolla,XLi VVTi,15,15.024471202308668
Lahore,2010,Petrol,Automatic,2950000.0,89400,1300.0,Honda,City,,16,14.897316067298997
Karachi,2012,Petrol,Manual,1800000.0,166410,1300.0,Suzuki,Swift,DLX 1.3,14,14.403297778421795
Lahore,2025,Petrol,Automatic,5100000.0,8,1300.0,Toyota,Yaris,Sedan GLI CVT 1.3,1,15.444751293772967
Karachi,2016,Petrol,Automatic,3650000.0,105000,1300.0,Toyota,Corolla,GLi Automatic 1.3 VVTi,10,15.11023799953124
Karachi,2014,Petrol,Manual,3200000.0,140261,1300.0,Toyota,Corolla,GLi 1.3 VVTi,12,14.978661680269907
Karachi,2021,Petrol,Automatic,4325000.0,28614,1300.0,Toyota,Yaris,Sedan ATIV CVT 1.3,5,15.279922929561963
Lahore,2002,Petrol,Manual,1150000.0,202287,1300.0,Suzuki,Baleno,JXR,24,13.955273369904273
Karachi,2000,Petrol,Automatic,1800000.0,100000,1300.0,Toyota,Cami,Q,26,14.403297778421795
Karachi,2021,Petrol,Automatic,3890000.0,95000,1300.0,Honda,City,1.3 i-VTEC Prosmatec,5,15.173919972664004
Lahore,2017,Petrol,Automatic,3650000.0,108,1300.0,Honda,City,1.3 i-VTEC Prosmatec,9,15.11023799953124
Karachi,2022,Petrol,Automatic,4150000.0,73000,1300.0,Toyota,Yaris,Sedan ATIV CVT 1.3,4,15.238619133170708
Karachi,2017,Petrol,Automatic,3400000.0,92000,1300.0,Toyota,Vitz,F Safety Edition II,9,15.039286283703994
Islamabad,2013,Petrol,Automatic,2890000.0,145352,1300.0,Honda,City,5th (GM2) Generation 1.3 i-VTEC Prosmatec,13,14.876767406109316
Lahore,2005,Petrol,Manual,1450000.0,282000,1300.0,Honda,City,i-DSI,21,14.187074804051692
Karachi,2009,Petrol,Automatic,2300000.0,157041,1300.0,Honda,City,5th (GM2) Generation 1.3 i-VTEC Prosmatec,17,14.648420115681892
Lahore,2025,Petrol,Automatic,5060000.0,35,1300.0,Toyota,Yaris,Sedan GLI CVT 1.3,1,15.436877238892087
Islamabad,2005,Petrol,Manual,1800000.0,280000,1300.0,Mitsubishi,Lancer,GL,21,14.403297778421795
Lahore,2014,Hybrid,Automatic,2975000.0,149500,1300.0,Honda,Civic,,12,14.905754933096265
Karachi,2025,Petrol,Automatic,5070000.0,42,1300.0,Toyota,Yaris,Sedan GLI CVT 1.3,1,15.438851572806005
Karachi,2016,Petrol,Automatic,2425000.0,80000,1300.0,Suzuki,Swift,DLX Automatic 1.3,10,14.70134249472477
Lahore,2002,Petrol,Manual,925000.0,186000,1300.0,Honda,City,EXi,24,13.73755009757506
Lahore,2008,Petrol,Manual,1875000.0,192000,1300.0,Honda,City,i-DSI,18,14.444119750719839
Lahore,2025,Petrol,Automatic,5090000.0,10,1300.0,Toyota,Yaris,Sedan GLI CVT 1.3,1,15.44278858499034
Karachi,2018,Petrol,Manual,2700000.0,97502,1300.0,Suzuki,Swift,DLX 1.3 Navigation,8,14.80876270134486
Lahore,2021,Petrol,Manual,3950000.0,67000,1300.0,Honda,City,1.3 i-VTEC,5,15.18922639004183
Karachi,2016,Petrol,Manual,2150000.0,225878,1300.0,Suzuki,Swift,DLX 1.3,10,14.580978865220017
Lahore,2010,Petrol,Manual,3025000.0,163000,1300.0,Toyota,Corolla,GLi 1.3 VVTi,16,14.922421980025536
Karachi,2021,Petrol,Automatic,2975000.0,48000,1300.0,Suzuki,Swift,DLX Automatic 1.3 Navigation,5,14.905754933096265
Islamabad,2013,Petrol,Manual,3825000.0,77500,1300.0,Toyota,Corolla,GLi 1.3 VVTi,13,15.157069286680647
Lahore,2018,Petrol,Manual,3500000.0,126000,1300.0,Honda,City,1.3 i-VTEC,8,15.068273812173887
Karachi,2018,Petrol,Automatic,2645000.0,135000,1300.0,Toyota,Corolla,GLi Automatic 1.3 VVTi,8,14.788182001346298
Lahore,2010,Petrol,Manual,1839999.9999999998,225000,1300.0,Suzuki,Swift,DLX 1.3,16,14.425276673063282
Lahore,2017,Petrol,Automatic,3650000.0,230000,1300.0,Toyota,Corolla,GLi Automatic 1.3 VVTi,9,15.11023799953124
Islamabad,1994,Petrol,Manual,675000.0,75000,1300.0,Suzuki,Margalla,GL,32,13.42246945133505
Lahore,2007,Petrol,Automatic,2200000.0,215000,1300.0,Toyota,Belta,X 1.3,19,14.603968372873895
Islamabad,2019,Petrol,Automatic,4800000.0,62132,1300.0,Toyota,Corolla,GLi Automatic 1.3 VVTi,7,15.38412668421143
Karachi,2006,Petrol,Manual,1100000.0,109012,1300.0,Proton,Gen,2,20,13.910821646859095
Islamabad,2018,Petrol,Automatic,2695000.0,99000,1300.0,Suzuki,Swift,DLX Automatic 1.3 Navigation,8,14.80690913338268
Karachi,2012,Hybrid,Automatic,3500000.0,158000,1300.0,Honda,Fit,Shuttle Hybrid 1.3,14,15.068273812173887
Islamabad,2014,Petrol,Manual,3700000.0,93008,1300.0,Toyota,Corolla,GLi 1.3 VVTi,12,15.123843647884687
Lahore,2021,Petrol,Automatic,3900000.0,131157,1300.0,Toyota,Yaris,Sedan GLI CVT 1.3,5,15.176487367510099
Karachi,2006,Petrol,Automatic,1900000.0,188321,1300.0,Honda,City,i-DSI Vario,20,14.45736497045232
Karachi,2018,Petrol,Automatic,4100000.0,70993,1300.0,Toyota,Corolla,GLi Automatic 1.3 VVTi,8,15.226497775576945
Karachi,2018,Petrol,Automatic,3775000.0,78000,1300.0,Toyota,Corolla,GLi Automatic 1.3 VVTi,8,15.143911205565889
Karachi,2018,Petrol,Automatic,2485000.0,60000,1300.0,Suzuki,Swift,DLX Automatic 1.3 Navigation,8,14.725783619927272
Lahore,2022,Petrol,Automatic,4950000.0,15602,1300.0,Toyota,Yaris,Sedan ATIV CVT 1.3,4,15.414898336565054
Islamabad,2005,Petrol,Automatic,2080000.0,113000,1300.0,Honda,City,i-DSI Vario,21,14.547878932446617
Karachi,2012,Petrol,Manual,1750000.0,94000,1300.0,Suzuki,Swift,DLX 1.3,14,14.375126917328105
Islamabad,2020,Petrol,Manual,3235000.0,84289,1300.0,Suzuki,Swift,DLX 1.3 Navigation,6,14.989539795036102
Lahore,2002,Petrol,Manual,1650000.0,250000,1300.0,Toyota,Corolla,9th (E120) Generation GLi 1.3,24,14.316286451937186
Karachi,2017,Petrol,Manual,1275000.0,52573,1300.0,FAW,V2,VCT-i,9,14.058457520888082
Karachi,1996,Petrol,Manual,600000.0,282000,1300.0,Suzuki,Margalla,GL,30,13.304686600863562
Lahore,2007,Petrol,Manual,1185000.0,235690,1300.0,Suzuki,Liana,RXi,19,13.98525417643287
Lahore,2006,Petrol,Automatic,1835000.0000000002,224000,1300.0,Mitsubishi,Lancer,GLX Automatic 1.3,20,14.422555584429787
Karachi,2019,Petrol,Automatic,3895000.0000000005,77000,1300.0,Toyota,Corolla,XLi Automatic,7,15.175204494026362
Lahore,2005,Petrol,Manual,1850000.0,225000,1300.0,Honda,City,i-DSI,21,14.430696737594902
Islamabad,2012,Petrol,Manual,3100000.0,152000,1300.0,Toyota,Corolla,GLi 1.3 VVTi,14,14.946912992035967
Islamabad,2014,Petrol,Manual,3175000.0,160100,1300.0,Toyota,Corolla,XLi VVTi,12,14.97081850526951
Lahore,2007,Hybrid,Automatic,2685000.0,230000,1300.0,Honda,Civic,MXST (Hybrid),19,14.803191658364511
Islamabad,2015,Petrol,Manual,3150000.0,111000,1300.0,Honda,City,5th (GM2) Generation 1.3 i-VTEC,11,14.962913328262083
Karachi,2015,Petrol,Automatic,3750000.0,75000,1300.0,Toyota,Corolla,GLi Automatic 1.3 VVTi,11,15.137266664613225
Islamabad,1982,Petrol,Manual,1200000.0,282000,1300.0,Toyota,Corolla,,44,13.997832948091215
Lahore,2005,Petrol,Manual,1555000.0,124510,1300.0,Honda,City,i-DSI,21,14.256986746682081
Karachi,2020,Petrol,Automatic,3700000.0,174309,1300.0,Toyota,Yaris,Sedan ATIV CVT 1.3,6,15.123843647884687
Lahore,2014,Petrol,Manual,2700000.0,155000,1300.0,Toyota,Corolla,GLi 1.3 VVTi,12,14.80876270134486
Islamabad,2021,Petrol,Automatic,2950000.0,63374,1299.0,Proton,Saga,1.3L Ace A/T,5,14.897316067298997
Lahore,2007,Petrol,Manual,1800000.0,202763,1300.0,Honda,City,i-DSI,19,14.403297778421795
Islamabad,2018,Petrol,Automatic,4525000.0,107340,1300.0,Toyota,Corolla,GLi Automatic 1.3 VVTi,8,15.325128356110614
Lahore,1988,Petrol,Manual,695000.0,100000,1300.0,Honda,Civic,,38,13.451668563394815
Islamabad,2019,Petrol,Automatic,4100000.0,125000,1300.0,Toyota,Corolla,GLi Automatic 1.3 VVTi,7,15.226497775576945
Islamabad,2014,Petrol,Manual,2900000.0,22000,1300.0,Suzuki,Swift,DLX 1.3,12,14.88022163978423
Islamabad,2002,Petrol,Manual,1250000.0,100000,1300.0,Honda,City,EXi,24,14.038654909278163
Lahore,1994,Petrol,Manual,890000.0,100000,1300.0,Honda,Civic,5th Generation EL,32,13.698977865303197
Karachi,2005,Petrol,Manual,869999.9999999999,109000,1300.0,Suzuki,Baleno,JXR,21,13.676249640055394
Islamabad,2019,Petrol,Manual,3785000.0,92000,1300.0,Toyota,Corolla,XLi VVTi,7,15.146556709054444
Karachi,2016,Petrol,Manual,2030000.0,97304,1300.0,Suzuki,Swift,DLX 1.3,10,14.523546843628687
Islamabad,2006,Petrol,Manual,2000000.0,125037,1300.0,Mitsubishi,Lancer,GLX 1.3,20,14.508658238524095
Karachi,2011,Petrol,Manual,2850000.0,92192,1300.0,Toyota,Corolla,GLi 1.3 VVTi,15,14.862829903121964
Karachi,2006,Petrol,Automatic,1400000.0,123851,1300.0,Nissan,AD,Van,20,14.151983508870947
Lahore,2012,Petrol,Manual,3600000.0,198145,1300.0,Toyota,Corolla,XLi VVTi,14,15.096444681204078
Karachi,2019,Petrol,Automatic,4150000.0,101000,1300.0,Toyota,Corolla,XLi Automatic,7,15.238619133170708
Lahore,2018,Petrol,Manual,3400000.0,82000,1300.0,Honda,City,1.3 i-VTEC,8,15.039286283703994
Lahore,2018,Petrol,Manual,3600000.0,108000,1300.0,Toyota,Corolla,GLi 1.3 VVTi Special Edition,8,15.096444681204078
Lahore,2020,Petrol,Automatic,3900000.0,85376,1300.0,Toyota,Yaris,Sedan GLI CVT 1.3,6,15.176487367510099
Islamabad,2015,Petrol,Automatic,3850000.0,87909,1300.0,Toyota,Corolla,GLi Automatic 1.3 VVTi,11,15.163583966004193
Karachi,2018,Petrol,Manual,2450000.0,78680,1300.0,Suzuki,Swift,DLX 1.3 Navigation,8,14.711598990684092
Lahore,2000,Petrol,Manual,950000.0,100000,1300.0,Suzuki,Baleno,GLi,26,13.76421831620775
Lahore,2022,Petrol,Automatic,4650000.0,33000,1300.0,Toyota,Yaris,Sedan ATIV CVT 1.3,4,15.35237799261728
Islamabad,2019,Petrol,Automatic,4800000.0,93500,1300.0,Toyota,Corolla,GLi Automatic 1.3 VVTi,7,15.38412668421143
Lahore,2019,Petrol,Automatic,4785000.0,72100,1300.0,Toyota,Corolla,GLi Automatic 1.3 VVTi,7,15.380996791855585
Islamabad,2018,Petrol,Automatic,3735000.0,122000,1300.0,Honda,City,5th (GM2) Generation 1.3 i-VTEC Prosmatec,8,15.133258644286636
Islamabad,2017,Petrol,Manual,3650000.0,55600,1300.0,Honda,City,,9,15.11023799953124
Lahore,2016,Petrol,Manual,3215000.0,145231,1300.0,Toyota,Corolla,XLi VVTi,10,14.9833382266958
Karachi,2016,Petrol,Manual,2950000.0,119000,1300.0,Honda,City,1.3 i-VTEC,10,14.897316067298997
Islamabad,2018,Petrol,Manual,2450000.0,104087,1300.0,Suzuki,Swift,DLX 1.3 Navigation,8,14.711598990684092
Lahore,2004,Petrol,Manual,840000.0,4000,1300.0,Suzuki,Baleno,JXR,22,13.641158361294979
Karachi,2015,Petrol,Automatic,3000000.0,98000,1300.0,Honda,City,1.3 i-VTEC Prosmatec,11,14.914123179965662
Karachi,2012,Petrol,Manual,2480000.0,152000,1300.0,Toyota,Corolla,XLi VVTi,14,14.72376952136689
Karachi,2003,Petrol,Manual,1080000.0,54000,1300.0,Honda,City,i-DSI,23,13.8924725250259
Islamabad,2007,Petrol,Automatic,3200000.0,132000,1300.0,Toyota,Vitz,iLL 1.3,19,14.978661680269907
Lahore,2004,Petrol,Manual,894000.0,106000,1300.0,Suzuki,Baleno,JXR,22,13.703462172723258
Lahore,2011,Petrol,Manual,2745000.0,173761,1300.0,Honda,City,5th (GM2) Generation 1.3 i-VTEC,15,14.825291997224427
Islamabad,2006,Petrol,Manual,2100000.0,282000,1300.0,Toyota,Corolla,9th (E120) Generation XLi,20,14.557448378884015
Lahore,2016,Petrol,Automatic,4000000.0,126422,1300.0,Toyota,Corolla,GLi Automatic 1.3 VVTi,10,15.201805169084134
Islamabad,2012,Petrol,Automatic,3075000.0,83000,1300.0,Honda,City,1.3 i-VTEC Prosmatec,14,14.938815784425955
Karachi,2013,Petrol,Manual,1745000.0,78000,1300.0,Suzuki,Swift,DLX 1.3,13,14.372265686684402
Lahore,2008,Petrol,Automatic,2200000.0,1,1300.0,Toyota,Vitz,iLL 1.3,18,14.603968372873895
Karachi,2011,Petrol,Manual,2250000.0,107000,1300.0,Toyota,Corolla,GLi 1.3 VVTi,15,14.626441218624949
Lahore,2011,Petrol,Manual,2450000.0,142580,1300.0,Honda,City,1.3 i-VTEC,15,14.711598990684092
Islamabad,2016,Petrol,Manual,2700000.0,74500,1300.0,Suzuki,Swift,DLX 1.3,10,14.80876270134486
Islamabad,2010,Petrol,Manual,2595000.0,230000,1300.0,Toyota,Corolla,GLi 1.3 VVTi,16,14.769097459938507
Lahore,2018,Petrol,Automatic,3699000.0,68000,1300.0,Honda,City,1.3 i-VTEC Prosmatec,8,15.12357334115789
Karachi,2006,Petrol,Manual,2250000.0,145000,1300.0,Toyota,Corolla,9th (E120) Generation GLi 1.3,20,14.626441218624949
Karachi,2024,Petrol,Manual,3800000.0,9518,1300.0,Changan,Alsvin,1.3L MT Comfort,2,15.150511887854474
Islamabad,2021,Petrol,Automatic,4150000.0,75036,1300.0,Honda,City,5th (GM2) Generation 1.3 i-VTEC Prosmatec,5,15.238619133170708
Lahore,2018,Petrol,Manual,3550000.0,125000,1300.0,Honda,City,5th (GM2) Generation 1.3 i-VTEC,8,15.0824584431417
Karachi,2019,Petrol,Automatic,3700000.0,42000,1300.0,Honda,City,5th (GM2) Generation 1.3 i-VTEC Prosmatec,7,15.123843647884687
Karachi,2010,Petrol,Automatic,2450000.0,127000,1300.0,Honda,City,5th (GM2) Generation 1.3 i-VTEC Prosmatec,16,14.711598990684092
Lahore,2012,Petrol,Manual,2715000.0,168524,1300.0,Toyota,Corolla,GLi 1.3 VVTi,14,14.81430287967423
Lahore,2017,Petrol,Automatic,3695000.0000000005,59000,1300.0,Honda,City,5th (GM2) Generation Aspire Prosmatec 1.3 i-VTEC,9,15.122491383000398
Karachi,2011,Petrol,Manual,2750000.0,164000,1300.0,Toyota,Corolla,XLi VVTi,15,14.827111833279051
Islamabad,2022,Petrol,Automatic,2600000.0,72283,1299.0,Proton,Saga,1.3L Standard A/T,4,14.77102238760702
Islamabad,2011,Petrol,Manual,2550000.0,185222,1300.0,Toyota,Corolla,XLi VVTi,15,14.751604309291395
Lahore,2025,Petrol,Manual,4850000.0,25,1300.0,Toyota,Yaris,Sedan GLI MT 1.3,1,15.394489469099211
Lahore,2004,Petrol,Automatic,1895000.0,104000,1300.0,Honda,City,i-DSI Vario,22,14.45472992420301
Islamabad,2008,Petrol,Manual,2975000.0,106800,1300.0,Suzuki,Jimny,JLDX,18,14.905754933096265
Islamabad,2016,Petrol,Manual,3160000.0,92000,1300.0,Honda,City,1.3 i-VTEC,10,14.96608290201874
Lahore,2017,Petrol,Automatic,4500000.0,82000,1300.0,Toyota,Corolla,GLi Automatic 1.3 VVTi,9,15.319588176962746
Karachi,2016,Petrol,Automatic,3275000.0,84000,1300.0,Honda,City,1.3 i-VTEC Prosmatec,10,15.001828732394953
Lahore,2006,Petrol,Manual,2395000.0,195000,1300.0,Toyota,Corolla,9th (E120) Generation XLi,20,14.6888942063636
Karachi,1986,Petrol,Manual,900000.0,100000,1300.0,Suzuki,Swift,,40,13.710151153416941
Islamabad,2018,Petrol,Automatic,3800000.0,78000,1300.0,Honda,City,5th (GM2) Generation 1.3 i-VTEC Prosmatec,8,15.150511887854474
Islamabad,2007,Petrol,Manual,1930000.0,238000,1300.0,Honda,City,,19,14.47303107901565
Lahore,2019,Petrol,Manual,4580000.0,93000,1300.0,Toyota,Corolla,GLi 1.3 VVTi,7,15.337209774430955
Lahore,2009,Petrol,Automatic,2500000.0,100000,1300.0,Honda,City,5th (GM2) Generation 1.3 i-VTEC Prosmatec,17,14.731801689838349
Islamabad,2016,Petrol,Manual,3350000.0,95000,1300.0,Honda,City,5th (GM2) Generation 1.3 i-VTEC,10,15.024471202308668
Islamabad,2020,Petrol,Manual,3840000.0,87000,1300.0,Honda,City,5th (GM2) Generation 1.3 i-VTEC,6,15.160983184980543
Lahore,2017,Petrol,Automatic,3700000.0,95000,1300.0,Honda,City,5th (GM2) Generation 1.3 i-VTEC Prosmatec,9,15.123843647884687
Lahore,2017,Petrol,Manual,3350000.0,85000,1300.0,Honda,City,1.3 i-VTEC,9,15.024471202308668
Lahore,1995,Petrol,Manual,440000.00000000006,200000,1300.0,Suzuki,Margalla,GL,31,12.994532278619134
Karachi,2007,Hybrid,Automatic,2850000.0,239000,1300.0,Honda,Civic,MXB (Hybrid),19,14.862829903121964
Lahore,2018,Petrol,Automatic,4650000.0,60000,1300.0,Toyota,Corolla,GLi Automatic 1.3 VVTi,8,15.35237799261728
Karachi,2001,Petrol,Automatic,1280000.0,100000,1300.0,Daihatsu,YRV,1.3 L K3-VE I4,25,14.062371417145494
Karachi,2013,Petrol,Manual,2750000.0,115000,1300.0,Toyota,Corolla,GLi 1.3 VVTi,13,14.827111833279051
Karachi,2000,Petrol,Manual,850000.0,150000,1300.0,Honda,City,EXi S,26,13.652992804936396
Islamabad,1988,Petrol,Manual,575000.0,100010,1300.0,Honda,Civic,,38,13.26212705890841
Lahore,2016,Petrol,Manual,3195000.0,107000,1300.0,Honda,City,5th (GM2) Generation 1.3 i-VTEC,10,14.97709795878277
Lahore,2003,Petrol,Manual,680000.0,228552,1300.0,KIA,Classic,LX,23,13.429849547739444
Islamabad,2016,Petrol,Manual,3420000.0000000005,70464,1300.0,Toyota,Corolla,XLi VVTi,10,15.045151401436407
Lahore,1994,Petrol,Manual,1750000.0,141000,1300.0,Toyota,Corolla,8th (E110) Generation GL,32,14.375126917328105
Lahore,2017,Petrol,Manual,3800000.0,230000,1300.0,Toyota,Corolla,GLi 1.3 VVTi,9,15.150511887854474
Karachi,2021,Petrol,Automatic,4250000.0,30982,1300.0,Toyota,Yaris,Sedan GLI CVT 1.3,5,15.26242977619469
Lahore,2011,Petrol,Manual,2490000.0,120000,1300.0,Honda,City,1.3 i-VTEC,15,14.727793670047236
Karachi,2019,Petrol,Automatic,4129999.9999999995,90490,1300.0,Toyota,Corolla,GLi Automatic 1.3 VVTi,7,15.233788207067937
Karachi,2009,Petrol,Manual,2700000.0,140000,1300.0,Toyota,Corolla,GLi 1.3 VVTi,17,14.80876270134486
Karachi,2020,Petrol,Automatic,3900000.0,22000,1300.0,Honda,City,5th (GM2) Generation 1.3 i-VTEC Prosmatec,6,15.176487367510099
Lahore,2022,Petrol,Manual,4160000.0,35000,1300.0,Toyota,Yaris,Sedan GLI MT 1.3,4,15.241025872622032
Karachi,2021,Petrol,Automatic,3950000.0,63060,1300.0,Toyota,Yaris,Sedan GLI CVT 1.3,5,15.18922639004183
Islamabad,2006,Petrol,Automatic,2550000.0,102000,1300.0,Toyota,Belta,G 1.3,20,14.751604309291395
Islamabad,2019,Petrol,Automatic,5100000.0,72000,1300.0,Toyota,Corolla,GLi Automatic 1.3 VVTi,7,15.444751293772967
Karachi,2014,Petrol,Automatic,2600000.0,77000,1300.0,Toyota,Passo,+ Hana 1.3,12,14.77102238760702
Islamabad,2019,Petrol,Manual,2630000.0,95000,1300.0,Suzuki,Swift,DLX 1.3 Navigation,7,14.782494784382012
Lahore,2018,Petrol,Automatic,4685000.0,90000,1300.0,Toyota,Corolla,GLi Automatic 1.3 VVTi,8,15.359876687101808
Islamabad,2015,Petrol,Automatic,3879999.9999999995,138000,1300.0,Toyota,Corolla,GLi Automatic 1.3 VVTi,11,15.171345969331382
Karachi,2010,Petrol,Manual,2180000.0,123000,1300.0,Toyota,Corolla,XLi VVTi,16,14.594835893480763
Lahore,2016,Petrol,Manual,1350000.0,130000,1300.0,FAW,V2,VCT-i,10,14.115615891155079
Karachi,2021,Petrol,Manual,3600000.0,84000,1300.0,Toyota,Yaris,Sedan GLI MT 1.3,5,15.096444681204078
Karachi,2018,Petrol,Manual,2660000.0,50000,1300.0,Suzuki,Swift,DLX 1.3 Navigation,8,14.793837056697662
Lahore,2011,Petrol,Manual,1850000.0,155000,1300.0,Suzuki,Swift,DX 1.3,15,14.430696737594902
Karachi,2016,Petrol,Manual,3000000.0,41000,1300.0,Honda,City,Aspire 1.3 i-VTEC,10,14.914123179965662
Lahore,2012,Petrol,Manual,2475000.0,71946,1300.0,Suzuki,Swift,DLX 1.3,14,14.72175135802525
Karachi,2019,Petrol,Automatic,5200000.0,16150,1300.0,Toyota,Corolla,GLi Automatic 1.3 VVTi,7,15.46416937585933
Lahore,2021,Petrol,Automatic,4290000.0,61000,1300.0,Toyota,Yaris,Sedan ATIV CVT 1.3,5,15.271797524004405
Lahore,2020,Petrol,Automatic,4800000.0,82000,1300.0,Toyota,Corolla,GLi Automatic 1.3 VVTi,6,15.38412668421143
Lahore,2018,Petrol,Manual,3575000.0,96000,1300.0,Honda,City,1.3 i-VTEC,8,15.089476013830486
Islamabad,2017,Petrol,Automatic,3697999.9999999995,92000,1300.0,Honda,City,5th (GM2) Generation 1.3 i-VTEC Prosmatec,9,15.123302961345612
Islamabad,2016,Petrol,Automatic,3385000.0,112000,1300.0,Honda,City,5th (GM2) Generation 1.3 i-VTEC Prosmatec,10,15.034864759749444
Islamabad,2010,Petrol,Manual,3100000.0,120000,1300.0,Toyota,Corolla,GLi 1.3 VVTi,16,14.946912992035967
Lahore,2003,Petrol,Manual,950000.0,170000,1300.0,Suzuki,Baleno,JXR,23,13.76421831620775
Lahore,2016,Petrol,Automatic,4375000.0,64500,1300.0,Toyota,Corolla,GLi Automatic 1.3 VVTi,10,15.291417306345254
Karachi,2011,Petrol,Manual,1810000.0000000002,50000,1300.0,Suzuki,Swift,DX 1.3,15,14.408837955728044
Islamabad,2017,Petrol,Automatic,3379999.9999999995,165000,1300.0,Honda,City,5th (GM2) Generation 1.3 i-VTEC Prosmatec,9,15.033386563317146
Islamabad,1997,Petrol,Manual,1100000.0,282000,1300.0,Mitsubishi,Lancer,,29,13.910821646859095
Karachi,2018,Petrol,Manual,1345000.0,68000,1300.0,FAW,V2,VCT-i,8,14.111905314512224
Lahore,2025,Petrol,Automatic,4990000.0,30,1300.0,Toyota,Yaris,Sedan GLI CVT 1.3,1,15.422946668128484
Karachi,2016,Petrol,Manual,3200000.0,254392,1300.0,Toyota,Corolla,GLi 1.3 VVTi,10,14.978661680269907
Karachi,2021,Petrol,Automatic,3200000.0,11241,1300.0,Suzuki,Swift,DLX Automatic 1.3 Navigation,5,14.978661680269907
Karachi,2013,Petrol,Manual,1700000.0,139703,1300.0,Suzuki,Swift,DX 1.3,13,14.346139397261565
Lahore,2010,Petrol,Manual,2145000.0,153000,1300.0,Toyota,Corolla,XLi VVTi Limited Edition,16,14.578650576544613
Lahore,2024,Petrol,Automatic,4700000.0,14000,1300.0,Toyota,Yaris,Sedan GLI CVT 1.3,2,15.363073279446223
Lahore,2011,Petrol,Manual,2290000.0,150000,1300.0,Honda,City,5th (GM2) Generation 1.3 i-VTEC,15,14.64406281221155
Lahore,2020,Petrol,Automatic,3050000.0,59000,1300.0,Suzuki,Swift,DLX Automatic 1.3 Navigation,6,14.930652476452392
Islamabad,2007,Petrol,Automatic,2115000.0,115224,1300.0,Toyota,Passo,G 1.3,19,14.564565843275643
Karachi,2005,Petrol,Manual,1550000.0,170000,1300.0,Mitsubishi,Lancer,GLX 1.3,21,14.253766134056512
Karachi,2017,Petrol,Automatic,4300000.0,56000,1300.0,Toyota,Corolla,GLi Automatic 1.3 VVTi,9,15.274125813221904
Islamabad,2023,Petrol,Automatic,5000000.0,11237,1300.0,Toyota,Yaris,Sedan ATIV CVT 1.3,3,15.424948670398354
Lahore,1996,Petrol,Manual,530000.0,50000,1300.0,Suzuki,Margalla,GL,30,13.180634172318978
Karachi,2022,Petrol,Automatic,2800000.0,45000,1300.0,Proton,Saga,1.3L Ace A/T,4,14.845130332288226
Lahore,2011,Petrol,Automatic,2300000.0,282000,1300.0,Toyota,Vitz,RS 1.3,15,14.648420115681892
Islamabad,2004,Petrol,Manual,1875000.0,3256,1300.0,Honda,City,i-DSI,22,14.444119750719839
Lahore,2019,Petrol,Automatic,4725000.0,51000,1300.0,Toyota,Corolla,GLi Automatic 1.3 VVTi,7,15.36837833055017
Lahore,2017,Petrol,Manual,3200000.0,134000,1300.0,Honda,City,5th (GM2) Generation 1.3 i-VTEC,9,14.978661680269907
Islamabad,2006,Petrol,Automatic,2250000.0,190000,1300.0,Toyota,Belta,X Business A Package 1.3,20,14.626441218624949
Islamabad,2019,Petrol,Manual,3900000.0,126000,1300.0,Toyota,Corolla,XLi VVTi,7,15.176487367510099
Lahore,2006,Petrol,Manual,1750000.0,200000,1300.0,Honda,City,i-DSI,20,14.375126917328105
Lahore,2011,Petrol,Manual,2750000.0,102400,1300.0,Toyota,Corolla,XLi VVTi,15,14.827111833279051
Lahore,2018,Petrol,Manual,3450000.0,78000,1300.0,Honda,City,1.3 i-VTEC,8,15.053885078862573
Islamabad,2014,Petrol,Manual,3390000.0,250,1300.0,Toyota,Corolla,GLi 1.3 VVTi,12,15.03634077434184
Karachi,2017,Petrol,Automatic,3700000.0,66000,1300.0,Honda,City,5th (GM2) Generation 1.3 i-VTEC Prosmatec,9,15.123843647884687
Islamabad,2016,Petrol,Manual,2435000.0,118000,1300.0,Suzuki,Swift,DLX 1.3,10,14.70545772517636
Karachi,2006,Petrol,Manual,1150000.0,96789,1300.0,Suzuki,Liana,LXi Sport,20,13.955273369904273
Lahore,2009,Petrol,Manual,2300000.0,150000,1300.0,Honda,City,5th (GM2) Generation 1.3 i-VTEC,17,14.648420115681892
Islamabad,2005,Petrol,Manual,2390000.0,147000,1300.0,Honda,City,i-DSI,21,14.686804342317648
Karachi,2020,Petrol,Automatic,4025000.0,39000,1300.0,Toyota,Yaris,Sedan GLI CVT 1.3,6,15.208035717281975
Lahore,2004,Petrol,Manual,1900000.0,230000,1300.0,Honda,City,i-DSI,22,14.45736497045232
Karachi,2013,Petrol,Manual,2650000.0,94000,1300.0,Toyota,Corolla,GLi 1.3 VVTi,13,14.790070575320824
Karachi,2019,Petrol,Automatic,3700000.0,58161,1300.0,Honda,City,5th (GM2) Generation 1.3 i-VTEC Prosmatec,7,15.123843647884687
Lahore,1996,Petrol,Manual,2075000.0,134000,1300.0,Toyota,Corolla,8th (E110) Generation XE,30,14.54547219357453
Islamabad,2017,Petrol,Manual,4200000.0,126000,1300.0,Toyota,Corolla,GLi 1.3 VVTi,9,15.250595321348806
Lahore,2025,Petrol,Automatic,5070000.0,38,1300.0,Toyota,Yaris,Sedan GLI CVT 1.3,1,15.438851572806005
Islamabad,2005,Petrol,Automatic,1080000.0,150000,1300.0,Chevrolet,Optra,,21,13.8924725250259
Lahore,2013,Petrol,Manual,2185000.0,126000,1300.0,Suzuki,Swift,DLX 1.3,13,14.597126844177627
Karachi,2017,Petrol,Automatic,3800000.0,85000,1300.0,Toyota,Corolla,GLi Automatic 1.3 VVTi,9,15.150511887854474
Islamabad,2000,Petrol,Automatic,2150000.0,150000,1300.0,Toyota,Cami,,26,14.580978865220017
Islamabad,2017,Petrol,Automatic,3470000.0000000005,120000,1300.0,Honda,City,5th (GM2) Generation 1.3 i-VTEC Prosmatec,9,15.05966544010744
Karachi,2007,Hybrid,Automatic,2785000.0,75000,1300.0,Honda,Civic,Reborn MXST (Hybrid),19,14.839758790409885
Lahore,2011,Petrol,Manual,2750000.0,78000,1300.0,Honda,City,5th (GM2) Generation 1.3 i-VTEC,15,14.827111833279051
Karachi,2019,Petrol,Automatic,4350000.0,82000,1300.0,Toyota,Corolla,GLi Automatic 1.3 VVTi,7,15.285686632949897
Islamabad,2001,Petrol,Manual,490000.00000000006,282000,1300.0,KIA,Classic,LX,25,13.102162710901053
Lahore,2011,Petrol,Manual,2400000.0,158903,1300.0,Honda,City,5th (GM2) Generation 1.3 i-VTEC,15,14.690979711984754
Lahore,2024,Petrol,Automatic,4800000.0,26099,1300.0,Toyota,Yaris,Sedan GLI CVT 1.3,2,15.38412668421143
Karachi,2017,Petrol,Manual,3200000.0,96612,1300.0,Toyota,Corolla,XLi VVTi,9,14.978661680269907
Lahore,2018,Petrol,Manual,3450000.0,100000,1300.0,Honda,City,5th (GM2) Generation 1.3 i-VTEC,8,15.053885078862573
Lahore,2013,Petrol,Manual,2780000.0,150000,1300.0,Honda,City,1.3 i-VTEC,13,14.837961845378985
Islamabad,2019,Petrol,Automatic,2850000.0,86000,1300.0,Suzuki,Swift,DLX Automatic 1.3 Navigation,7,14.862829903121964
Islamabad,2019,Petrol,Manual,4800000.0,57000,1300.0,Toyota,Corolla,GLi 1.3 VVTi,7,15.38412668421143
Karachi,2010,Petrol,Manual,2200000.0,270000,1300.0,Toyota,Corolla,XLi VVTi,16,14.603968372873895
Karachi,2018,Petrol,Automatic,4190000.0,68000,1300.0,Toyota,Corolla,GLi Automatic 1.3 VVTi,8,15.248211530561777
Lahore,2016,Petrol,Automatic,3850000.0,116250,1300.0,Toyota,Corolla,GLi Automatic 1.3 VVTi,10,15.163583966004193
Lahore,2012,Petrol,Manual,2050000.0,160000,1300.0,Suzuki,Swift,DLX 1.3,14,14.53335083891935
Karachi,2014,Petrol,Automatic,2275000.0,54881,1300.0,Suzuki,Swift,DLX Automatic 1.3,12,14.637491049927531
Lahore,2017,Petrol,Manual,2800000.0,150000,1300.0,Honda,City,5th (GM2) Generation Aspire 1.3 i-VTEC,9,14.845130332288226
Karachi,2014,Petrol,Manual,4050000.0,115000,1300.0,Toyota,Corolla,GLi 1.3 VVTi,12,15.214227685996272
Lahore,2021,Petrol,Manual,4290000.0,13000,1300.0,Toyota,Yaris,Sedan ATIV MT 1.3,5,15.271797524004405
Lahore,2008,Petrol,Manual,2500000.0,84752,1300.0,Honda,City,i-DSI,18,14.731801689838349
Lahore,2009,Petrol,Manual,2349000.0,166000,1300.0,Toyota,Corolla,GLi 1.3 VVTi,17,14.66950068935403
Karachi,2006,Petrol,Manual,2100000.0,128259,1300.0,Toyota,Corolla,9th (E120) Generation XLi,20,14.557448378884015
Lahore,2025,Petrol,Automatic,4970000.0,1,1300.0,Toyota,Yaris,Sedan GLI CVT 1.3,1,15.418930599280035
Lahore,2007,Petrol,Manual,1345000.0,105000,1300.0,Toyota,Corolla,9th (E120) Generation XLi,19,14.111905314512224
Karachi,2014,Petrol,Manual,2450000.0,150000,1300.0,Honda,City,5th (GM2) Generation 1.3 i-VTEC,12,14.711598990684092
Lahore,2025,Petrol,Automatic,4950000.0,1,1300.0,Toyota,Yaris,Sedan GLI CVT 1.3,1,15.414898336565054
Karachi,2018,Petrol,Automatic,3850000.0,59000,1300.0,Toyota,Corolla,GLi Automatic 1.3 VVTi,8,15.163583966004193
Islamabad,2014,Petrol,Manual,3379999.9999999995,73000,1300.0,Toyota,Corolla,XLi VVTi,12,15.033386563317146
Lahore,2017,Petrol,Manual,3090000.0,148000,1300.0,Toyota,Corolla,XLi VVTi,9,14.94368197249847
Karachi,2024,Petrol,Automatic,4750000.0,19000,1300.0,Toyota,Yaris,Sedan GLI CVT 1.3,2,15.373655386537118
Karachi,2010,Petrol,Manual,2400000.0,121000,1300.0,Toyota,Corolla,XLi VVTi,16,14.690979711984754
Lahore,2014,Petrol,Manual,2900000.0,211398,1300.0,Honda,City,5th (GM2) Generation 1.3 i-VTEC,12,14.88022163978423
Karachi,2018,Petrol,Automatic,4050000.0,52000,1300.0,Toyota,Corolla,GLi Automatic 1.3 VVTi,8,15.214227685996272
Islamabad,2016,Petrol,Manual,3900000.0,97218,1300.0,Toyota,Corolla,GLi 1.3 VVTi,10,15.176487367510099
Lahore,2016,Petrol,Manual,3600000.0,81092,1300.0,Toyota,Corolla,XLi VVTi,10,15.096444681204078
Islamabad,2020,Petrol,Automatic,3150000.0,76895,1300.0,Suzuki,Swift,DLX Automatic 1.3 Navigation,6,14.962913328262083
Karachi,2022,Petrol,Automatic,4375000.0,42000,1300.0,Toyota,Yaris,Sedan ATIV CVT 1.3,4,15.291417306345254
Lahore,2016,Petrol,Manual,3550000.0,125000,1300.0,Toyota,Corolla,GLi 1.3 VVTi,10,15.0824584431417
Lahore,2013,Petrol,Manual,3000000.0,210734,1300.0,Toyota,Corolla,GLi Limited Edition 1.3 VVTi,13,14.914123179965662
Karachi,2011,Petrol,Manual,2600000.0,119543,1300.0,Honda,City,5th (GM2) Generation 1.3 i-VTEC,15,14.77102238760702
Islamabad,2006,Petrol,Manual,1800000.0,282000,1300.0,Honda,City,i-DSI,20,14.403297778421795
Islamabad,2011,Petrol,Manual,2785000.0,125000,1300.0,Honda,City,5th (GM2) Generation 1.3 i-VTEC,15,14.839758790409885
Lahore,2019,Petrol,Manual,3550000.0,75000,1300.0,Honda,City,1.3 i-VTEC,7,15.0824584431417
Lahore,2018,Petrol,Automatic,4395000.0,75626,1300.0,Toyota,Corolla,GLi Automatic 1.3 VVTi,8,15.295978316632674
Karachi,2012,Petrol,Manual,1800000.0,166410,1300.0,Suzuki,Swift,DLX 1.3,14,14.403297778421795
Lahore,2025,Petrol,Automatic,5100000.0,8,1300.0,Toyota,Yaris,Sedan GLI CVT 1.3,1,15.444751293772967
Karachi,2016,Petrol,Automatic,3650000.0,105000,1300.0,Toyota,Corolla,GLi Automatic 1.3 VVTi,10,15.11023799953124
Karachi,2001,Petrol,Manual,1050000.0,225000,1300.0,Honda,City,EXi,25,13.864301674514206
Karachi,2017,Petrol,Automatic,4250000.0,10200,1300.0,Toyota,Corolla,GLi Automatic 1.3 VVTi,9,15.26242977619469
Islamabad,2016,Petrol,Automatic,3600000.0,190000,1300.0,Toyota,Corolla,GLi Automatic 1.3 VVTi,10,15.096444681204078
Karachi,2014,Petrol,Manual,3200000.0,140261,1300.0,Toyota,Corolla,GLi 1.3 VVTi,12,14.978661680269907
Islamabad,2012,Petrol,Manual,2800000.0,50000,1300.0,Toyota,Corolla,GLi 1.3 VVTi,14,14.845130332288226
Lahore,2008,Petrol,Automatic,2000000.0,180000,1300.0,Honda,City,i-DSI Vario,18,14.508658238524095
Islamabad,2004,Petrol,Manual,1100000.0,123456,1300.0,Suzuki,Baleno,JXR,22,13.910821646859095
Lahore,2007,Petrol,Manual,1820000.0,150000,1300.0,Honda,City,i-DSI,19,14.414347608503377
Karachi,2021,Petrol,Automatic,4325000.0,28614,1300.0,Toyota,Yaris,Sedan ATIV CVT 1.3,5,15.279922929561963
Lahore,2016,Petrol,Manual,3250000.0,82000,1300.0,Toyota,Corolla,XLi VVTi,10,14.99416586199818
Islamabad,2020,Petrol,Automatic,3990000.0,55000,1300.0,Honda,City,1.3 i-VTEC Prosmatec,6,15.199302039492581
Lahore,2016,Petrol,Automatic,3590000.0,94000,1300.0,Honda,City,5th (GM2) Generation 1.3 i-VTEC Prosmatec,10,15.093663039015954
Lahore,2019,Petrol,Automatic,2685000.0,82000,1300.0,Suzuki,Swift,DLX Automatic 1.3 Navigation,7,14.803191658364511
Karachi,2014,Petrol,Automatic,2850000.0,100000,1300.0,Honda,City,5th (GM2) Generation 1.3 i-VTEC Prosmatec,12,14.862829903121964
Lahore,2002,Petrol,Manual,1150000.0,202287,1300.0,Suzuki,Baleno,JXR,24,13.955273369904273
Karachi,2000,Petrol,Automatic,1800000.0,100000,1300.0,Toyota,Cami,Q,26,14.403297778421795
Karachi,2021,Petrol,Automatic,3890000.0,95000,1300.0,Honda,City,1.3 i-VTEC Prosmatec,5,15.173919972664004
Lahore,1994,Petrol,Manual,1050000.0,135000,1300.0,Suzuki,Margalla,GL,32,13.864301674514206
Lahore,1988,Petrol,Manual,700000.0,100000,1300.0,Nissan,Sunny,,38,13.45883704259595
Lahore,2017,Petrol,Automatic,3650000.0,108,1300.0,Honda,City,1.3 i-VTEC Prosmatec,9,15.11023799953124
Karachi,2022,Petrol,Automatic,4150000.0,73000,1300.0,Toyota,Yaris,Sedan ATIV CVT 1.3,4,15.238619133170708
Islamabad,2025,Petrol,Automatic,5016000.0,2,1300.0,Toyota,Yaris,Sedan GLI CVT 1.3,1,15.428143560656915
Islamabad,2017,Petrol,Manual,2600000.0,132621,1300.0,Suzuki,Swift,DLX 1.3,9,14.77102238760702
Lahore,2008,Petrol,Manual,2395000.0,99000,1300.0,Honda,City,i-DSI,18,14.6888942063636
Karachi,2018,Petrol,Automatic,4300000.0,45000,1300.0,Toyota,Corolla,GLi Automatic 1.3 VVTi,8,15.274125813221904
Lahore,2020,Petrol,Automatic,3900000.0,86758,1300.0,Honda,City,5th (GM2) Generation 1.3 i-VTEC Prosmatec,6,15.176487367510099
Lahore,2014,Petrol,Automatic,3150000.0,120000,1300.0,Honda,City,1.3 i-VTEC Prosmatec,12,14.962913328262083
Lahore,2021,Petrol,Automatic,4400000.0,126165,1300.0,Toyota,Yaris,Sedan ATIV CVT 1.3,5,15.29711532616119
Lahore,2006,Petrol,Manual,1735000.0000000002,282000,1300.0,Honda,City,i-DSI,20,14.366518547731808
Islamabad,2004,Petrol,Manual,1180000.0,180000,1300.0,Suzuki,Baleno,JXR,22,13.981025843899115
Islamabad,2021,Petrol,Automatic,2900000.0,63698,1299.0,Proton,Saga,1.3L Standard A/T,5,14.88022163978423
Lahore,2016,Petrol,Manual,2950000.0,200637,1300.0,Toyota,Corolla,XLi VVTi,10,14.897316067298997
Islamabad,2005,Petrol,Manual,2195000.0,170000,1300.0,Honda,City,i-DSI,21,14.60169306007217
Islamabad,2004,Petrol,Manual,1180000.0,180000,1300.0,Suzuki,Baleno,JXL,22,13.981025843899115
Islamabad,2011,Petrol,Manual,2850000.0,110000,1300.0,Toyota,Corolla,GLi 1.3 VVTi,15,14.862829903121964
Karachi,2017,Petrol,Automatic,3400000.0,92000,1300.0,Toyota,Vitz,F Safety Edition II,9,15.039286283703994
Islamabad,2010,Petrol,Manual,2195000.0,155000,1300.0,Toyota,Corolla,XLi VVTi,16,14.60169306007217
Islamabad,2018,Petrol,Automatic,2695000.0,99000,1300.0,Suzuki,Swift,DLX Automatic 1.3 Navigation,8,14.80690913338268
Karachi,2012,Hybrid,Automatic,3500000.0,158000,1300.0,Honda,Fit,Shuttle Hybrid 1.3,14,15.068273812173887
Islamabad,2014,Petrol,Manual,3700000.0,93008,1300.0,Toyota,Corolla,GLi 1.3 VVTi,12,15.123843647884687
Lahore,2021,Petrol,Automatic,3900000.0,131157,1300.0,Toyota,Yaris,Sedan GLI CVT 1.3,5,15.176487367510099
Karachi,2006,Petrol,Automatic,1900000.0,188321,1300.0,Honda,City,i-DSI Vario,20,14.45736497045232
Lahore,2016,Petrol,Manual,3650000.0,120000,1300.0,Honda,City,5th (GM2) Generation 1.3 i-VTEC,10,15.11023799953124
Islamabad,2009,Petrol,Automatic,2350000.0,22000,1300.0,Toyota,Vitz,,17,14.669926311652166
Lahore,2010,Petrol,Automatic,2670000.0,150000,1300.0,Honda,City,5th (GM2) Generation 1.3 i-VTEC Prosmatec,16,14.797589404908198
Karachi,2018,Petrol,Automatic,4100000.0,70993,1300.0,Toyota,Corolla,GLi Automatic 1.3 VVTi,8,15.226497775576945
Lahore,2007,Petrol,Manual,1450000.0,277500,1300.0,Suzuki,Liana,RXi,19,14.187074804051692
Karachi,2018,Petrol,Automatic,3775000.0,78000,1300.0,Toyota,Corolla,GLi Automatic 1.3 VVTi,8,15.143911205565889
Lahore,2004,Petrol,Manual,1270000.0,110000,1300.0,Toyota,Corolla,XLi,22,14.054528245836039
Lahore,2013,Petrol,Manual,2750000.0,19000,1300.0,Suzuki,Swift,DLX 1.3,13,14.827111833279051
Karachi,2010,Petrol,Manual,2520000.0,128000,1300.0,Toyota,Corolla,GLi 1.3 VVTi,16,14.739769856312924
Lahore,2018,Petrol,Automatic,3695000.0000000005,82000,1300.0,Honda,City,5th (GM2) Generation 1.3 i-VTEC Prosmatec,8,15.122491383000398
Islamabad,2006,Petrol,Manual,2175000.0,282000,1300.0,Toyota,Corolla,9th (E120) Generation GLi 1.3,20,14.59253968227493
Lahore,2014,Petrol,Manual,3150000.0,118000,1300.0,Honda,City,1.3 i-VTEC,12,14.962913328262083
Lahore,2019,Petrol,Automatic,4375000.0,48000,1300.0,Toyota,Corolla,XLi Automatic,7,15.291417306345254
Karachi,2018,Petrol,Automatic,2485000.0,60000,1300.0,Suzuki,Swift,DLX Automatic 1.3 Navigation,8,14.725783619927272
Lahore,2006,Hybrid,Automatic,2650000.0,165000,1300.0,Honda,Civic,MXB (Hybrid),20,14.790070575320824
Islamabad,2025,Petrol,Automatic,5200000.0,30,1300.0,Toyota,Yaris,Sedan ATIV CVT 1.3,1,15.46416937585933
Islamabad,2012,Petrol,Automatic,2300000.0,157439,1300.0,Suzuki,Swift,DLX Automatic 1.3,14,14.648420115681892
Karachi,2016,Petrol,Manual,3080000.0,103000,1300.0,Toyota,Corolla,GLi 1.3 VVTi,10,14.940440479625028
Lahore,2012,Petrol,Manual,1825000.0,69000,1300.0,Suzuki,Swift,DLX 1.3,14,14.417091092943783
Karachi,2025,Petrol,Automatic,5000000.0,13943,1300.0,Toyota,Yaris,Sedan GLI CVT 1.3,1,15.424948670398354
Islamabad,2012,Petrol,Manual,2900000.0,206000,1300.0,Toyota,Corolla,XLi VVTi,14,14.88022163978423
Lahore,2015,Petrol,Automatic,4100000.0,160251,1300.0,Toyota,Corolla,GLi Automatic 1.3 VVTi,11,15.226497775576945
Islamabad,2015,Petrol,Automatic,3450000.0,125000,1300.0,Honda,City,5th (GM2) Generation 1.3 i-VTEC Prosmatec,11,15.053885078862573
Karachi,2006,Petrol,Manual,1400000.0,219298,1300.0,Nissan,Sunny,EX Saloon 1.3,20,14.151983508870947
Lahore,2016,Petrol,Manual,3050000.0,120000,1300.0,Honda,City,1.3 i-VTEC,10,14.930652476452392
Karachi,2001,Petrol,Manual,2000000.0,96000,1300.0,Toyota,Corolla,8th (E110) Generation XE,25,14.508658238524095
Karachi,2000,Petrol,Manual,919999.9999999999,282000,1300.0,Honda,City,EXi,26,13.732130035981154
Islamabad,2016,Petrol,Manual,3125000.0,120000,1300.0,Toyota,Corolla,GLi 1.3 VVTi,10,14.954945161152589
Islamabad,2007,Petrol,Automatic,2500000.0,180000,1300.0,Toyota,Vitz,F 1.3,19,14.731801689838349
Lahore,2022,Petrol,Automatic,4950000.0,15602,1300.0,Toyota,Yaris,Sedan ATIV CVT 1.3,4,15.414898336565054
Lahore,2005,Petrol,Manual,1380000.0,105000,1300.0,Toyota,Corolla,9th (E120) Generation XLi,21,14.137594781770806
Islamabad,2005,Petrol,Automatic,2080000.0,113000,1300.0,Honda,City,i-DSI Vario,21,14.547878932446617
Karachi,2013,Petrol,Manual,2820000.0,159500,1300.0,Toyota,Corolla,XLi VVTi,13,14.852247797524162
Lahore,2012,Petrol,Manual,2490000.0,120000,1300.0,Toyota,Corolla,XLi VVTi,14,14.727793670047236
Karachi,2012,Petrol,Manual,1750000.0,94000,1300.0,Suzuki,Swift,DLX 1.3,14,14.375126917328105
Islamabad,2020,Petrol,Manual,3235000.0,84289,1300.0,Suzuki,Swift,DLX 1.3 Navigation,6,14.989539795036102
Lahore,2004,Petrol,Manual,1700000.0,10000,1300.0,Honda,City,i-DSI,22,14.346139397261565
Karachi,2021,Petrol,Automatic,4750000.0,23000,1300.0,Toyota,Yaris,Sedan ATIV CVT 1.3,5,15.373655386537118
Islamabad,2019,Petrol,Manual,3785000.0,92000,1300.0,Toyota,Corolla,XLi VVTi,7,15.146556709054444
Lahore,2016,Petrol,Manual,3325000.0,93000,1300.0,Honda,City,5th (GM2) Generation 1.3 i-VTEC,10,15.016980532823926
Karachi,2016,Petrol,Manual,2030000.0,97304,1300.0,Suzuki,Swift,DLX 1.3,10,14.523546843628687
Karachi,2012,Petrol,Manual,2550000.0,163000,1300.0,Toyota,Corolla,XLi VVTi,14,14.751604309291395
Lahore,2020,Petrol,Automatic,4050000.0,84000,1300.0,Toyota,Yaris,Sedan ATIV CVT 1.3,6,15.214227685996272
Lahore,2006,Petrol,Manual,1664000.0,155000,1300.0,Honda,City,i-DSI,20,14.324735501324648
Karachi,2016,Petrol,Automatic,3250000.0,94000,1300.0,Toyota,Corolla,GLi Automatic 1.3 VVTi,10,14.99416586199818
Lahore,2018,Petrol,Automatic,3850000.0,99700,1300.0,Honda,City,5th (GM2) Generation 1.3 i-VTEC Prosmatec,8,15.163583966004193
Islamabad,2006,Petrol,Manual,2000000.0,125037,1300.0,Mitsubishi,Lancer,GLX 1.3,20,14.508658238524095
Lahore,2000,Petrol,Manual,900000.0,282000,1300.0,Honda,City,EXi,26,13.710151153416941
Karachi,2011,Petrol,Manual,2850000.0,92192,1300.0,Toyota,Corolla,GLi 1.3 VVTi,15,14.862829903121964
Karachi,2021,Petrol,Automatic,4250000.0,31000,1300.0,Toyota,Yaris,Sedan ATIV CVT 1.3,5,15.26242977619469
Karachi,2006,Petrol,Automatic,1800000.0,80000,1300.0,Honda,City,i-DSI Vario,20,14.403297778421795
Karachi,2010,Petrol,Manual,2220000.0,96,1300.0,Toyota,Corolla,GLi 1.3 VVTi,16,14.613018204298811
Lahore,2016,Petrol,Manual,3135000.0,87000,1300.0,Honda,City,1.3 i-VTEC,10,14.958140051028373
Karachi,2013,Petrol,Manual,2900000.0,114837,1300.0,Toyota,Corolla,XLi VVTi,13,14.88022163978423
Islamabad,2016,Petrol,Automatic,4025000.0,233000,1300.0,Toyota,Corolla,GLi Automatic 1.3 VVTi,10,15.208035717281975
Islamabad,2020,Petrol,Manual,3690000.0,100000,1300.0,Toyota,Yaris,Sedan GLI MT 1.3,6,15.121137287019383
Islamabad,2013,Petrol,Automatic,3229999.9999999995,105000,1300.0,Honda,City,Aspire Prosmatec 1.3 i-VTEC,13,14.987993004796314
Islamabad,2017,Petrol,Manual,4000000.0,67000,1300.0,Toyota,Corolla,XLi VVTi,9,15.201805169084134
Islamabad,2017,Petrol,Manual,3725000.0,52000,1300.0,Honda,City,1.3 i-VTEC,9,15.130577678252136
Islamabad,2018,Petrol,Automatic,3450000.0,121761,1300.0,Honda,City,5th (GM2) Generation 1.3 i-VTEC Prosmatec,8,15.053885078862573
Karachi,2019,Petrol,Automatic,4400000.0,41418,1300.0,Toyota,Corolla,GLi Automatic 1.3 VVTi,7,15.29711532616119
Islamabad,2006,Petrol,Manual,1700000.0,236000,1300.0,Mitsubishi,Lancer,GLX 1.3,20,14.346139397261565
Islamabad,2018,Petrol,Manual,3679999.9999999995,87800,1300.0,Honda,City,5th (GM2) Generation 1.3 i-VTEC,8,15.118423581884207
Lahore,2006,Petrol,Manual,1950000.0,163526,1300.0,Honda,City,i-DSI,20,14.48334044336031
Islamabad,2020,Petrol,Automatic,3700000.0,190000,1300.0,Honda,City,5th (GM2) Generation 1.3 i-VTEC Prosmatec,6,15.123843647884687
Karachi,2018,Petrol,Manual,3945000.0000000005,65000,1300.0,Toyota,Corolla,,8,15.187959765747504
Lahore,2003,Petrol,Manual,1350000.0,175000,1300.0,Honda,City,EXi,23,14.115615891155079
Lahore,2017,Petrol,Manual,3890000.0,182557,1300.0,Toyota,Corolla,GLi 1.3 VVTi,9,15.173919972664004
Lahore,2016,Petrol,Manual,3640000.0,118900,1300.0,Toyota,Corolla,GLi 1.3 VVTi,10,15.10749451433816
Lahore,2015,Petrol,Manual,3150000.0,94000,1300.0,Honda,City,5th (GM2) Generation 1.3 i-VTEC,11,14.962913328262083
Karachi,2006,Petrol,Automatic,1400000.0,123851,1300.0,Nissan,AD,Van,20,14.151983508870947
Lahore,2012,Petrol,Manual,3600000.0,198145,1300.0,Toyota,Corolla,XLi VVTi,14,15.096444681204078
Karachi,2021,Petrol,Manual,3600000.0,92000,1300.0,Toyota,Yaris,Sedan GLI MT 1.3,5,15.096444681204078
Lahore,2005,Petrol,Manual,1595000.0,200000,1300.0,Toyota,Corolla,9th (E120) Generation XLi,21,14.282384921160133
Islamabad,2018,Petrol,Automatic,4480000.0,150000,1300.0,Toyota,Corolla,GLi Automatic 1.3 VVTi,8,15.315133827605429
Islamabad,2009,Petrol,Manual,2420000.0,187000,1300.0,Toyota,Corolla,XLi VVTi,17,14.699278511355924
Karachi,2000,Petrol,Manual,950000.0,200000,1300.0,Honda,City,EXi,26,13.76421831620775
Lahore,1980,Petrol,Manual,390000.0,100000,1300.0,Toyota,Corolla,,46,12.873904582205107
Karachi,2019,Petrol,Automatic,4150000.0,101000,1300.0,Toyota,Corolla,XLi Automatic,7,15.238619133170708
Lahore,2018,Petrol,Manual,3400000.0,82000,1300.0,Honda,City,1.3 i-VTEC,8,15.039286283703994
Lahore,2018,Petrol,Manual,3600000.0,108000,1300.0,Toyota,Corolla,GLi 1.3 VVTi Special Edition,8,15.096444681204078
Lahore,2020,Petrol,Automatic,3900000.0,85376,1300.0,Toyota,Yaris,Sedan GLI CVT 1.3,6,15.176487367510099
Islamabad,2015,Petrol,Automatic,3850000.0,87909,1300.0,Toyota,Corolla,GLi Automatic 1.3 VVTi,11,15.163583966004193
Lahore,2019,Petrol,Automatic,3579999.9999999995,78000,1300.0,Honda,City,1.3 i-VTEC Prosmatec,7,15.090873637706453
Lahore,2006,Petrol,Manual,1739999.9999999998,180000,1300.0,Toyota,Corolla,XLi,20,14.36939624590319
Lahore,2005,CNG,Manual,350000.0,282000,1323.0,KIA,Classic,LX,21,12.765691290604371
Karachi,2018,Petrol,Manual,2450000.0,78680,1300.0,Suzuki,Swift,DLX 1.3 Navigation,8,14.711598990684092
Islamabad,2019,Petrol,Manual,4800000.0,200000,1300.0,Toyota,Corolla,GLi 1.3 VVTi Special Edition,7,15.38412668421143
Karachi,2005,Petrol,Manual,2450000.0,227671,1300.0,Toyota,Corolla,9th (E120) Generation XLi,21,14.711598990684092
Karachi,2018,Petrol,Manual,3800000.0,136000,1300.0,Toyota,Corolla,GLi 1.3 VVTi,8,15.150511887854474
Islamabad,2017,Petrol,Manual,3925000.0,72500,1300.0,Honda,City,5th (GM2) Generation 1.3 i-VTEC,9,15.182877163975684
Islamabad,2012,Petrol,Manual,3375000.0,98000,1300.0,Toyota,Corolla,GLi 1.3 VVTi,14,15.03190617858502
Islamabad,2005,Petrol,Manual,1930000.0,282000,1300.0,Honda,City,i-DSI,21,14.47303107901565
Islamabad,2011,Petrol,Manual,2980000.0,198136,1300.0,Toyota,Corolla,GLi 1.3 VVTi,15,14.907434194052001
Lahore,2019,Petrol,Automatic,4785000.0,41000,1300.0,Toyota,Corolla,GLi Automatic 1.3 VVTi,7,15.380996791855585
Islamabad,2025,Petrol,Automatic,5150000.0,30,1300.0,Toyota,Yaris,Sedan GLI CVT 1.3,1,15.454507466814658
Lahore,2018,Petrol,Manual,2590000.0,110000,1300.0,Suzuki,Swift,DLX 1.3 Navigation,8,14.767168819776032
Islamabad,2011,Petrol,Manual,2140000.0,132000,1300.0,Suzuki,Swift,DX 1.3,15,14.576316854287645
Islamabad,2006,Petrol,Manual,1425000.0,123400,1300.0,Suzuki,Liana,RXi,20,14.169683073439028
Islamabad,1988,Petrol,Manual,975000.0,122000,1300.0,Nissan,Sunny,EX Saloon 1.3,38,13.790193775620484
Lahore,2014,Petrol,Automatic,3325000.0,100000,1300.0,Honda,City,5th (GM2) Generation 1.3 i-VTEC Prosmatec,12,15.016980532823926
Lahore,2018,Petrol,Automatic,3699000.0,68000,1300.0,Honda,City,1.3 i-VTEC Prosmatec,8,15.12357334115789
Karachi,2006,Petrol,Manual,2250000.0,145000,1300.0,Toyota,Corolla,9th (E120) Generation GLi 1.3,20,14.626441218624949
Karachi,2020,Petrol,Automatic,3850000.0,44000,1300.0,Toyota,Yaris,Sedan GLI CVT 1.3,6,15.163583966004193
Karachi,2007,Petrol,Automatic,1760000.0000000002,130000,1300.0,Honda,City,i-DSI,19,14.380824935195992
Islamabad,2007,Petrol,Manual,2540000.0,131000,1300.0,Toyota,Corolla,9th (E120) Generation XLi,19,14.74767503269543
Lahore,2013,Petrol,Manual,2795000.0,170000,1300.0,Honda,City,1.3 i-VTEC,13,14.843343022353025
Lahore,2016,Petrol,Automatic,3600000.0,80000,1300.0,Honda,City,1.3 i-VTEC Prosmatec,10,15.096444681204078
Karachi,2024,Petrol,Manual,3800000.0,9518,1300.0,Changan,Alsvin,1.3L MT Comfort,2,15.150511887854474
Islamabad,2021,Petrol,Automatic,4150000.0,75036,1300.0,Honda,City,5th (GM2) Generation 1.3 i-VTEC Prosmatec,5,15.238619133170708
Lahore,2018,Petrol,Manual,3550000.0,125000,1300.0,Honda,City,5th (GM2) Generation 1.3 i-VTEC,8,15.0824584431417
Lahore,2006,Petrol,Manual,1760000.0000000002,20000,1300.0,Honda,City,i-DSI,20,14.380824935195992
Islamabad,2019,Petrol,Manual,2750000.0,80000,1300.0,Suzuki,Swift,DLX 1.3 Navigation,7,14.827111833279051
Lahore,2006,Petrol,Automatic,1939999.9999999998,140000,1300.0,Toyota,Vitz,F 1.3,20,14.478199046503295
Karachi,2019,Petrol,Automatic,3700000.0,42000,1300.0,Honda,City,5th (GM2) Generation 1.3 i-VTEC Prosmatec,7,15.123843647884687
Karachi,2010,Petrol,Automatic,2450000.0,127000,1300.0,Honda,City,5th (GM2) Generation 1.3 i-VTEC Prosmatec,16,14.711598990684092
Islamabad,2011,Petrol,Manual,2750000.0,117900,1300.0,Toyota,Corolla,GLi 1.3 VVTi,15,14.827111833279051
Lahore,2012,Petrol,Manual,2715000.0,168524,1300.0,Toyota,Corolla,GLi 1.3 VVTi,14,14.81430287967423
Lahore,2017,Petrol,Automatic,3695000.0000000005,59000,1300.0,Honda,City,5th (GM2) Generation Aspire Prosmatec 1.3 i-VTEC,9,15.122491383000398
Karachi,2011,Hybrid,Automatic,2675000.0,89000,1300.0,Honda,Fit,1.3 Hybrid XH Selection,15,14.79946031214395
Islamabad,2019,Petrol,Manual,3750000.0,60000,1300.0,Honda,City,1.3 i-VTEC,7,15.137266664613225
Lahore,2024,Petrol,Manual,4150000.0,24000,1300.0,Changan,Alsvin,1.3L MT Comfort,2,15.238619133170708
Islamabad,2008,Petrol,Manual,1850000.0,100000,1300.0,Toyota,Corolla,9th (E120) Generation XLi,18,14.430696737594902
Karachi,2011,Petrol,Manual,2750000.0,164000,1300.0,Toyota,Corolla,XLi VVTi,15,14.827111833279051
Karachi,2020,Petrol,Automatic,5150000.0,30000,1300.0,Toyota,Corolla,GLi Automatic 1.3 VVTi,6,15.454507466814658
Islamabad,2022,Petrol,Automatic,2600000.0,72283,1299.0,Proton,Saga,1.3L Standard A/T,4,14.77102238760702
Lahore,2020,Petrol,Automatic,3900000.0,88000,1300.0,Honda,City,5th (GM2) Generation 1.3 i-VTEC Prosmatec,6,15.176487367510099
Islamabad,2010,Petrol,Manual,2300000.0,282000,1300.0,Toyota,Corolla,XLi VVTi,16,14.648420115681892
Islamabad,2004,Petrol,Manual,1250000.0,234972,1300.0,Suzuki,Baleno,JXR,22,14.038654909278163
Islamabad,2012,Petrol,Manual,2895000.0,166000,1300.0,Toyota,Corolla,XLi VVTi Limited Edition,14,14.878496014412317
Karachi,2016,Petrol,Automatic,2385000.0,47000,1300.0,Suzuki,Swift,DLX Automatic 1.3,10,14.684710101591703
Lahore,2012,Petrol,Manual,2375000.0,245235,1300.0,Toyota,Corolla,XLi VVTi,14,14.680508416503422
Lahore,2005,Petrol,Automatic,2140000.0,142492,1300.0,Honda,City,i-DSI Vario,21,14.576316854287645
Islamabad,2011,Petrol,Manual,2900000.0,122000,1300.0,Toyota,Corolla,GLi 1.3 VVTi,15,14.88022163978423
Islamabad,2008,Petrol,Manual,2000000.0,100000,1300.0,Toyota,Corolla,XLi,18,14.508658238524095
Karachi,2014,Petrol,Automatic,3340000.0,122564,1300.0,Toyota,Corolla,GLi Automatic 1.3 VVTi,12,15.021481664354036
Karachi,2021,Petrol,Automatic,3990000.0,80000,1300.0,Toyota,Yaris,Sedan ATIV CVT 1.3,5,15.199302039492581
Karachi,2020,Petrol,Automatic,4550000.0,100000,1300.0,Toyota,Corolla,GLi Automatic 1.3 VVTi,6,15.330638010707329
Karachi,2014,Petrol,Manual,2800000.0,135000,1300.0,Honda,City,5th (GM2) Generation 1.3 i-VTEC,12,14.845130332288226
Lahore,2018,Petrol,Automatic,3850000.0,61500,1300.0,Honda,City,1.3 i-VTEC Prosmatec,8,15.163583966004193
Islamabad,2011,Petrol,Manual,2550000.0,185222,1300.0,Toyota,Corolla,XLi VVTi,15,14.751604309291395
Islamabad,2016,Petrol,Manual,3420000.0000000005,70464,1300.0,Toyota,Corolla,XLi VVTi,10,15.045151401436407
Islamabad,2007,Petrol,Manual,1789999.9999999998,220000,1300.0,Honda,City,,19,14.397726736475999
Lahore,1994,Petrol,Manual,1750000.0,141000,1300.0,Toyota,Corolla,8th (E110) Generation GL,32,14.375126917328105
Lahore,2017,Petrol,Manual,3800000.0,230000,1300.0,Toyota,Corolla,GLi 1.3 VVTi,9,15.150511887854474
Lahore,2018,Petrol,Automatic,3500000.0,60000,1300.0,Suzuki,Swift,DLX Automatic 1.3 Navigation,8,15.068273812173887
Islamabad,2022,Petrol,Automatic,2600000.0,70000,1299.0,Proton,Saga,1.3L Standard A/T,4,14.77102238760702
Lahore,2010,Petrol,Manual,2175000.0,160000,1300.0,Toyota,Corolla,XLi VVTi,16,14.59253968227493
Karachi,2021,Petrol,Automatic,4150000.0,45875,1300.0,Honda,City,5th (GM2) Generation 1.3 i-VTEC Prosmatec,5,15.238619133170708
Lahore,2019,Petrol,Manual,2700000.0,145114,1300.0,Honda,City,1.3 i-VTEC,7,14.80876270134486
Karachi,2012,Petrol,Manual,1889999.9999999998,90000,1300.0,Suzuki,Swift,DLX 1.3,14,14.452087916136215
Karachi,2021,Petrol,Automatic,4250000.0,30982,1300.0,Toyota,Yaris,Sedan GLI CVT 1.3,5,15.26242977619469
Lahore,2011,Petrol,Manual,2490000.0,120000,1300.0,Honda,City,1.3 i-VTEC,15,14.727793670047236
Lahore,2016,Petrol,Manual,3350000.0,10000,1300.0,Toyota,Corolla,GLi 1.3 VVTi,10,15.024471202308668
Karachi,2016,Petrol,Automatic,3650000.0,102000,1300.0,Toyota,Corolla,GLi Automatic 1.3 VVTi,10,15.11023799953124
Islamabad,2010,Petrol,Manual,2570000.0,146000,1300.0,Toyota,Corolla,GLi 1.3 VVTi,16,14.759416845976386
Lahore,2003,Petrol,Automatic,1650000.0,104193,1300.0,Toyota,Corolla,9th (E120) Generation GLi 1.3,23,14.316286451937186
Karachi,2019,Petrol,Automatic,4129999.9999999995,90490,1300.0,Toyota,Corolla,GLi Automatic 1.3 VVTi,7,15.233788207067937
Karachi,2010,Petrol,Manual,1950000.0,90000,1300.0,Suzuki,Swift,DLX 1.3,16,14.48334044336031
Lahore,2013,Petrol,Manual,2850000.0,138540,1300.0,Honda,City,1.3 i-VTEC,13,14.862829903121964
Islamabad,2010,Petrol,Manual,2650000.0,230000,1300.0,Toyota,Corolla,GLi 1.3 VVTi,16,14.790070575320824
Karachi,2013,Petrol,Manual,2600000.0,130000,1300.0,Honda,City,5th (GM2) Generation 1.3 i-VTEC,13,14.77102238760702
Karachi,2020,Petrol,Automatic,4000000.0,110000,1300.0,Toyota,Corolla,GLi Automatic 1.3 VVTi,6,15.201805169084134
Lahore,2020,Petrol,Manual,3900000.0,65781,1300.0,Honda,City,5th (GM2) Generation 1.3 i-VTEC,6,15.176487367510099
Islamabad,2012,Petrol,Manual,2100000.0,86286,1300.0,Suzuki,Liana,RXi (CNG),14,14.557448378884015
Islamabad,2013,Petrol,Manual,2750000.0,243871,1300.0,Toyota,Corolla,GLi 1.3 VVTi,13,14.827111833279051
Islamabad,2021,Petrol,Automatic,4100000.0,67267,1300.0,Toyota,Yaris,Sedan ATIV CVT 1.3,5,15.226497775576945
Islamabad,2004,Petrol,Manual,1400000.0,200000,1300.0,Toyota,Corolla,XLi,22,14.151983508870947
Lahore,2013,Petrol,Manual,2700000.0,192000,1300.0,Honda,City,5th (GM2) Generation 1.3 i-VTEC,13,14.80876270134486
Lahore,2019,Petrol,Manual,3995000.0000000005,98154,1300.0,Toyota,Corolla,XLi VVTi,7,15.200554387495371
Lahore,2018,Petrol,Manual,2590000.0,65000,1300.0,Suzuki,Swift,DLX 1.3 Navigation,8,14.767168819776032
Karachi,2018,Petrol,Manual,2350000.0,63000,1300.0,Suzuki,Swift,DLX 1.3 Navigation,8,14.669926311652166
Islamabad,2004,Petrol,Automatic,2175000.0,140000,1300.0,Toyota,Vitz,RS 1.3,22,14.59253968227493
Lahore,2003,Petrol,Automatic,2350000.0,92000,1300.0,Honda,City,EXi S Automatic,23,14.669926311652166
Karachi,2024,Petrol,Automatic,4790000.0,16000,1300.0,Toyota,Yaris,Sedan GLI CVT 1.3,2,15.382041178155344
Karachi,2015,Petrol,Manual,2900000.0,94000,1300.0,Toyota,Corolla,XLi VVTi,11,14.88022163978423
Karachi,2009,Petrol,Manual,2700000.0,140000,1300.0,Toyota,Corolla,GLi 1.3 VVTi,17,14.80876270134486
Lahore,2005,Petrol,Manual,1000000.0,150000,1300.0,Suzuki,Baleno,JXL,21,13.815511557963774
Karachi,2019,Petrol,Manual,3675000.0,78000,1300.0,Toyota,Corolla,XLi VVTi,7,15.11706396273788
Karachi,2006,Petrol,Manual,1500000.0,48000,1300.0,Suzuki,Liana,,20,14.220976332738882
Lahore,2012,Petrol,Manual,2180000.0,91292,1300.0,Suzuki,Swift,DLX 1.3,14,14.594835893480763
Karachi,2020,Petrol,Automatic,3900000.0,22000,1300.0,Honda,City,5th (GM2) Generation 1.3 i-VTEC Prosmatec,6,15.176487367510099
Islamabad,2005,Petrol,Manual,1250000.0,231600,1300.0,Suzuki,Baleno,JXR,21,14.038654909278163
Islamabad,2016,Petrol,Manual,3200000.0,282000,1300.0,Honda,City,5th (GM2) Generation 1.3 i-VTEC,10,14.978661680269907
Karachi,2016,Petrol,Manual,3800000.0,32500,1300.0,Toyota,Corolla,XLi VVTi,10,15.150511887854474
Karachi,2018,Petrol,Automatic,4250000.0,59000,1300.0,Toyota,Corolla,GLi Automatic 1.3 VVTi,8,15.26242977619469
Lahore,2014,Petrol,Manual,2190000.0,135000,1300.0,Suzuki,Swift,DX 1.3,12,14.599412558413583
Lahore,2019,Petrol,Manual,4200000.0,220575,1300.0,Toyota,Corolla,GLi 1.3 VVTi,7,15.250595321348806
Lahore,2022,Petrol,Manual,4160000.0,35000,1300.0,Toyota,Yaris,Sedan GLI MT 1.3,4,15.241025872622032
Islamabad,2017,Petrol,Manual,4550000.0,95500,1300.0,Toyota,Corolla,GLi 1.3 VVTi,9,15.330638010707329
Islamabad,2008,Petrol,Manual,2300000.0,110000,1300.0,Toyota,Corolla,XLi,18,14.648420115681892
Lahore,2009,Petrol,Manual,2000000.0,55354,1300.0,Suzuki,Liana,LXi,17,14.508658238524095
Lahore,2019,Petrol,Manual,2870000.0,67000,1300.0,Suzuki,Swift,DLX 1.3 Navigation,7,14.869822936167798
Islamabad,2019,Petrol,Automatic,4750000.0,100000,1300.0,Toyota,Corolla,GLi Automatic 1.3 VVTi,7,15.373655386537118
Karachi,2021,Petrol,Automatic,3950000.0,63060,1300.0,Toyota,Yaris,Sedan GLI CVT 1.3,5,15.18922639004183
Islamabad,2006,Petrol,Automatic,2550000.0,102000,1300.0,Toyota,Belta,G 1.3,20,14.751604309291395
Lahore,2020,Petrol,Automatic,3495000.0000000005,115000,1300.0,Suzuki,Swift,DLX Automatic 1.3 Navigation,6,15.06684421977304
Lahore,2025,Petrol,Automatic,5050000.0,30,1300.0,Toyota,Yaris,Sedan GLI CVT 1.3,1,15.434898999271326
Lahore,2013,Petrol,Manual,2850000.0,175000,1300.0,Toyota,Corolla,GLi 1.3 VVTi,13,14.862829903121964
Islamabad,2014,Petrol,Manual,2720000.0,282000,1300.0,Toyota,Corolla,XLi VVTi,12,14.81614280591917
Lahore,2025,Petrol,Automatic,5150000.0,50,1300.0,Toyota,Yaris,Sedan GLI CVT 1.3,1,15.454507466814658
Karachi,2009,Petrol,Manual,2180000.0,105000,1300.0,Honda,City,5th (GM2) Generation 1.3 i-VTEC,17,14.594835893480763
Karachi,2018,Petrol,Manual,2225000.0,69000,1300.0,Suzuki,Swift,DLX 1.3 Navigation,8,14.615267923020578
Islamabad,2008,Petrol,Manual,2000000.0,282000,1300.0,Toyota,Corolla,XLi VVTi,18,14.508658238524095
Islamabad,2018,Petrol,Automatic,3695000.0000000005,133000,1300.0,Honda,City,5th (GM2) Generation 1.3 i-VTEC Prosmatec,8,15.122491383000398
Karachi,2025,Petrol,Automatic,5050000.0,50,1300.0,Toyota,Yaris,Sedan GLI CVT 1.3,1,15.434898999271326
Karachi,2020,Petrol,Automatic,2850000.0,47087,1300.0,Suzuki,Swift,DLX Automatic 1.3 Navigation,6,14.862829903121964
Karachi,2020,Petrol,Manual,2125000.0,26000,1300.0,FAW,V2,,6,14.56928283092878
Karachi,2018,Petrol,Manual,4200000.0,70000,1300.0,Toyota,Corolla,GLi 1.3 VVTi,8,15.250595321348806
Islamabad,2020,Petrol,Automatic,4250000.0,42000,1300.0,Honda,City,1.3 i-VTEC Prosmatec,6,15.26242977619469
Karachi,2014,Petrol,Automatic,3000000.0,75000,1300.0,Honda,City,5th (GM2) Generation 1.3 i-VTEC Prosmatec,12,14.914123179965662
Lahore,2008,Petrol,Automatic,2350000.0,132000,1300.0,Honda,City,i-DSI Vario,18,14.669926311652166
Karachi,2016,Petrol,Manual,3200000.0,254392,1300.0,Toyota,Corolla,GLi 1.3 VVTi,10,14.978661680269907
Karachi,2021,Petrol,Automatic,3200000.0,11241,1300.0,Suzuki,Swift,DLX Automatic 1.3 Navigation,5,14.978661680269907
Karachi,2013,Petrol,Manual,1700000.0,139703,1300.0,Suzuki,Swift,DX 1.3,13,14.346139397261565
Karachi,2024,Petrol,Automatic,5195000.0,8709,1300.0,Toyota,Yaris,Sedan ATIV CVT 1.3,2,15.463207375008228
Karachi,2012,Petrol,Manual,2425000.0,113000,1300.0,Toyota,Corolla,XLi VVTi,14,14.70134249472477
Lahore,2010,Petrol,Manual,2145000.0,153000,1300.0,Toyota,Corolla,XLi VVTi Limited Edition,16,14.578650576544613
Lahore,2009,Petrol,Automatic,2395000.0,150600,1300.0,Toyota,Vitz,F 1.3,17,14.6888942063636
Lahore,2024,Petrol,Automatic,4700000.0,14000,1300.0,Toyota,Yaris,Sedan GLI CVT 1.3,2,15.363073279446223
Lahore,2011,Petrol,Manual,2290000.0,150000,1300.0,Honda,City,5th (GM2) Generation 1.3 i-VTEC,15,14.64406281221155
Lahore,2019,Petrol,Manual,2650000.0,99000,1300.0,Suzuki,Swift,DLX 1.3 Navigation,7,14.790070575320824
Karachi,2015,Petrol,Automatic,3500000.0,104000,1300.0,Toyota,Corolla,GLi Automatic 1.3 VVTi,11,15.068273812173887
Lahore,2020,Petrol,Automatic,3050000.0,59000,1300.0,Suzuki,Swift,DLX Automatic 1.3 Navigation,6,14.930652476452392
Lahore,2005,Petrol,Manual,1590000.0,164000,1300.0,Honda,City,i-DSI,21,14.279245203127035
Lahore,2007,Petrol,Manual,1185000.0,152346,1300.0,Suzuki,Liana,RXi,19,13.98525417643287
Karachi,2011,Petrol,Manual,3050000.0,33000,1300.0,Toyota,Corolla,GLi 1.3 VVTi,15,14.930652476452392
Islamabad,2017,Petrol,Automatic,4699000.0,69000,1300.0,Toyota,Corolla,GLi Automatic 1.3 VVTi,9,15.362860490896166
Karachi,2001,Petrol,Manual,1375000.0,282000,1300.0,Toyota,Corolla,XE-G,25,14.13396501635527
Lahore,2011,Petrol,Manual,1850000.0,96000,1300.0,Suzuki,Swift,DX 1.3,15,14.430696737594902
Lahore,2000,Petrol,Manual,819999.9999999999,75000,1300.0,Suzuki,Khyber,,26,13.617060838751888
Islamabad,2007,Petrol,Automatic,2115000.0,115224,1300.0,Toyota,Passo,G 1.3,19,14.564565843275643
Lahore,2012,Petrol,Manual,2850000.0,270000,1300.0,Toyota,Corolla,XLi VVTi,14,14.862829903121964
Karachi,2005,Petrol,Manual,1550000.0,170000,1300.0,Mitsubishi,Lancer,GLX 1.3,21,14.253766134056512
Islamabad,2013,Petrol,Manual,3090000.0,95000,1300.0,Honda,City,1.3 i-VTEC,13,14.94368197249847
Islamabad,2016,Petrol,Manual,2375000.0,116000,1300.0,Suzuki,Swift,DLX 1.3,10,14.680508416503422
Karachi,2019,Petrol,Automatic,4700000.0,29474,1300.0,Toyota,Corolla,GLi Automatic 1.3 VVTi,7,15.363073279446223
Islamabad,2018,Petrol,Automatic,2800000.0,79744,1300.0,Suzuki,Swift,DLX Automatic 1.3 Navigation,8,14.845130332288226
Karachi,2019,Petrol,Automatic,3650000.0,95000,1300.0,Honda,City,1.3 i-VTEC Prosmatec,7,15.11023799953124
Lahore,2017,Petrol,Automatic,3650000.0,108532,1300.0,Honda,City,5th (GM2) Generation 1.3 i-VTEC Prosmatec,9,15.11023799953124
Lahore,2011,Petrol,Manual,2470000.0,145000,1300.0,Toyota,Corolla,GLi 1.3 VVTi,15,14.719729113462378
Islamabad,2009,Petrol,Manual,3500000.0,60000,1300.0,Toyota,Corolla,GLi 1.3 VVTi,17,15.068273812173887
Lahore,2019,Petrol,Manual,3725000.0,50364,1300.0,Honda,City,1.3 i-VTEC,7,15.130577678252136
Karachi,2018,Petrol,Manual,2550000.0,77000,1300.0,Suzuki,Swift,DLX 1.3,8,14.751604309291395
Islamabad,2017,Petrol,Automatic,3800000.0,101201,1300.0,Toyota,Corolla,GLi Automatic 1.3 VVTi,9,15.150511887854474
Islamabad,2008,Petrol,Manual,2800000.0,161000,1300.0,Toyota,Corolla,XLi VVTi,18,14.845130332288226
Karachi,2006,Petrol,Manual,1150000.0,98000,1300.0,Suzuki,Liana,RXi,20,13.955273369904273
Lahore,2017,Petrol,Manual,2450000.0,82486,1300.0,Suzuki,Swift,DLX 1.3,9,14.711598990684092
Karachi,2017,Petrol,Automatic,4300000.0,56000,1300.0,Toyota,Corolla,GLi Automatic 1.3 VVTi,9,15.274125813221904
Islamabad,2016,Petrol,Manual,3900000.0,282000,1300.0,Toyota,Corolla,GLi 1.3 VVTi,10,15.176487367510099
Lahore,2020,Petrol,Manual,3950000.0,85000,1300.0,Honda,City,1.3 i-VTEC,6,15.18922639004183
Islamabad,2007,Petrol,Manual,3700000.0,100000,1300.0,Mazda,RX8,Base Grade,19,15.123843647884687
Islamabad,2011,Petrol,Automatic,3050000.0,155000,1300.0,Honda,City,5th (GM2) Generation 1.3 i-VTEC Prosmatec,15,14.930652476452392
Karachi,2017,Petrol,Automatic,3625000.0,90000,1300.0,Honda,City,5th (GM2) Generation Aspire Prosmatec 1.3 i-VTEC,9,15.103365122132944
Karachi,2018,Petrol,Automatic,2800000.0,139000,1300.0,Suzuki,Swift,DLX Automatic 1.3 Navigation,8,14.845130332288226
Islamabad,2023,Petrol,Automatic,5000000.0,11237,1300.0,Toyota,Yaris,Sedan ATIV CVT 1.3,3,15.424948670398354
Lahore,2017,Petrol,Manual,3400000.0,100000,1300.0,Toyota,Corolla,XLi VVTi,9,15.039286283703994
Lahore,2013,Petrol,Manual,2185000.0,126000,1300.0,Suzuki,Swift,DLX 1.3,13,14.597126844177627
Lahore,2015,Petrol,Manual,3220000.0000000005,141000,1300.0,Honda,City,5th (GM2) Generation 1.3 i-VTEC,11,14.984892228079548
Karachi,2017,Petrol,Automatic,3800000.0,85000,1300.0,Toyota,Corolla,GLi Automatic 1.3 VVTi,9,15.150511887854474
Lahore,2001,Petrol,Manual,1000000.0,95000,1300.0,Suzuki,Baleno,GLi,25,13.815511557963774
Islamabad,2015,Petrol,Manual,3290000.0,147000,1300.0,Honda,City,5th (GM2) Generation 1.3 i-VTEC,11,15.006398426692876
Lahore,2007,Petrol,Manual,1800000.0,200000,1300.0,Toyota,Corolla,9th (E120) Generation XLi,19,14.403297778421795
Karachi,2022,Petrol,Automatic,4300000.0,49000,1300.0,Toyota,Yaris,Sedan ATIV CVT 1.3,4,15.274125813221904
Islamabad,2000,Petrol,Automatic,2150000.0,150000,1300.0,Toyota,Cami,,26,14.580978865220017
Karachi,1974,Petrol,Manual,500000.0,200000,1300.0,Toyota,Corolla,,52,13.122365377402328
Islamabad,2005,Petrol,Automatic,2222000.0,150000,1300.0,Toyota,Vitz,F 1.3,21,14.613918699226616
Karachi,2010,Petrol,Manual,2230000.0,140000,1300.0,Toyota,Corolla,,16,14.617512591866694
Islamabad,2017,Petrol,Automatic,3470000.0000000005,120000,1300.0,Honda,City,5th (GM2) Generation 1.3 i-VTEC Prosmatec,9,15.05966544010744
Karachi,2007,Hybrid,Automatic,2785000.0,75000,1300.0,Honda,Civic,Reborn MXST (Hybrid),19,14.839758790409885
Lahore,2011,Petrol,Manual,2750000.0,78000,1300.0,Honda,City,5th (GM2) Generation 1.3 i-VTEC,15,14.827111833279051
Karachi,2004,Petrol,Manual,1095000.0,97699,1300.0,Suzuki,Baleno,JXR,22,13.90626583447433
Karachi,2010,Petrol,Manual,2275000.0,135000,1300.0,Toyota,Corolla,GLi 1.3 VVTi,16,14.637491049927531
Karachi,2020,Petrol,Manual,3000000.0,64539,1300.0,Suzuki,Swift,DLX 1.3 Navigation,6,14.914123179965662
Karachi,2022,Petrol,Automatic,2800000.0,23199,1299.0,Proton,Saga,1.3L Standard A/T,4,14.845130332288226
Lahore,2023,Petrol,Manual,3095000.0,82000,1300.0,Honda,City,6th Generation,3,14.945298787202558
Karachi,2019,Petrol,Automatic,2750000.0,75000,1300.0,Suzuki,Swift,DLX Automatic 1.3 Navigation,7,14.827111833279051
Lahore,2017,Petrol,Manual,3850000.0,121000,1300.0,Toyota,Corolla,GLi 1.3 VVTi,9,15.163583966004193
Lahore,2015,Petrol,Manual,3365000.0,74000,1300.0,Toyota,Corolla,GLi 1.3 VVTi,11,15.02893881823774
Lahore,2020,Petrol,Manual,1800000.0,85417,1300.0,FAW,V2,VCT-i,6,14.403297778421795
Lahore,2016,Petrol,Automatic,4600000.0,96500,1300.0,Toyota,Corolla,GLi Automatic 1.3 VVTi,10,15.341567078850604
Karachi,2025,Petrol,Automatic,4990000.0,50,1300.0,Toyota,Yaris,Sedan GLI CVT 1.3,1,15.422946668128484
Karachi,2006,Petrol,Manual,1300000.0,179387,1300.0,Honda,City,i-DSI,20,14.077875591662238
Karachi,2019,Petrol,Automatic,3600000.0,39027,1300.0,Suzuki,Swift,DLX Automatic 1.3 Navigation,7,15.096444681204078
Islamabad,2020,Petrol,Manual,3950000.0,74000,1300.0,Honda,City,5th (GM2) Generation 1.3 i-VTEC,6,15.18922639004183
Lahore,2018,Petrol,Manual,3525000.0,88000,1300.0,Honda,City,5th (GM2) Generation 1.3 i-VTEC,8,15.07539127791641
Lahore,2023,Petrol,Automatic,5200000.0,30200,1300.0,Toyota,Yaris,Sedan ATIV CVT 1.3,3,15.46416937585933
Lahore,2017,Petrol,Automatic,3690000.0,88000,1300.0,Honda,City,Aspire Prosmatec 1.3 i-VTEC,9,15.121137287019383
Karachi,2017,Petrol,Manual,1600000.0,54000,1300.0,FAW,V2,VCT-i,9,14.285514812209815
Islamabad,1988,Petrol,Manual,630000.0,85000,1300.0,Daihatsu,Charade,,38,13.353476685668044
Lahore,2017,Petrol,Manual,2485000.0,90000,1300.0,Suzuki,Swift,DLX 1.3 Navigation,9,14.725783619927272
Karachi,2019,Petrol,Automatic,4350000.0,82000,1300.0,Toyota,Corolla,GLi Automatic 1.3 VVTi,7,15.285686632949897
Lahore,2018,Petrol,Manual,1530000.0,125000,1300.0,FAW,V2,VCT-i,8,14.240778946963175
Islamabad,1995,Petrol,Manual,740000.0,282000,1300.0,Suzuki,Margalla,,31,13.51440681653079
Lahore,2016,Petrol,Manual,3800000.0,62000,1300.0,Toyota,Corolla,XLi VVTi,10,15.150511887854474
Islamabad,2012,Petrol,Automatic,2325000.0,104000,1300.0,Suzuki,Swift,DLX Automatic 1.3,14,14.659231027111028
Islamabad,2001,Petrol,Manual,490000.00000000006,282000,1300.0,KIA,Classic,LX,25,13.102162710901053
Lahore,2011,Petrol,Manual,2400000.0,158903,1300.0,Honda,City,5th (GM2) Generation 1.3 i-VTEC,15,14.690979711984754
Lahore,2024,Petrol,Automatic,4800000.0,26099,1300.0,Toyota,Yaris,Sedan GLI CVT 1.3,2,15.38412668421143
Islamabad,2006,Petrol,Automatic,3180000.0,185000,1300.0,Toyota,Corolla,Assista X Package 1.3,20,14.97239206922172
Karachi,2017,Petrol,Manual,3200000.0,96612,1300.0,Toyota,Corolla,XLi VVTi,9,14.978661680269907
Karachi,1998,Petrol,Manual,580000.0,227000,1300.0,Nissan,Sunny,,28,13.270785106659046
Karachi,2006,Petrol,Automatic,1200000.0,144000,1300.0,Suzuki,Liana,Eminent Automatic 1.3,20,13.997832948091215
Karachi,2018,Petrol,Automatic,4050000.0,52000,1300.0,Toyota,Corolla,GLi Automatic 1.3 VVTi,8,15.214227685996272
Lahore,2019,Petrol,Automatic,3275000.0,120000,1300.0,Honda,City,5th (GM2) Generation 1.3 i-VTEC Prosmatec,7,15.001828732394953
Islamabad,2016,Petrol,Manual,3900000.0,97218,1300.0,Toyota,Corolla,GLi 1.3 VVTi,10,15.176487367510099
Lahore,2016,Petrol,Manual,3600000.0,81092,1300.0,Toyota,Corolla,XLi VVTi,10,15.096444681204078
Islamabad,2020,Petrol,Automatic,3150000.0,76895,1300.0,Suzuki,Swift,DLX Automatic 1.3 Navigation,6,14.962913328262083
Karachi,2014,Petrol,Manual,2800000.0,87233,1300.0,Toyota,Corolla,GLi Limited Edition 1.3 VVTi,12,14.845130332288226
Islamabad,2014,Petrol,Manual,3225000.0,140000,1300.0,Honda,City,5th (GM2) Generation 1.3 i-VTEC,12,14.986443818289482
Karachi,2023,Petrol,Automatic,4525000.0,17125,1300.0,Toyota,Yaris,Sedan GLI CVT 1.3,3,15.325128356110614
Karachi,2006,Petrol,Manual,2070000.0,107315,1300.0,Honda,City,i-DSI,20,14.543059648333223
Lahore,2015,Petrol,Manual,2950000.0,109712,1300.0,Honda,City,5th (GM2) Generation Aspire 1.3 i-VTEC,11,14.897316067298997
Karachi,2009,Petrol,Manual,2200000.0,282000,1300.0,Toyota,Corolla,GLi 1.3 VVTi,17,14.603968372873895
Karachi,2014,Petrol,Manual,2850000.0,85000,1300.0,Honda,City,5th (GM2) Generation 1.3 i-VTEC,12,14.862829903121964
Karachi,2016,Petrol,Automatic,3825000.0,126000,1300.0,Toyota,Corolla,GLi Automatic 1.3 VVTi,10,15.157069286680647
Lahore,2019,Petrol,Automatic,4370000.0,71361,1300.0,Toyota,Corolla,XLi Automatic,7,15.2902737959047
Lahore,2024,Petrol,Automatic,5150000.0,14670,1300.0,Toyota,Yaris,Sedan ATIV CVT 1.3,2,15.454507466814658
Lahore,2010,Petrol,Manual,2300000.0,129000,1300.0,Toyota,Corolla,GLi 1.3 VVTi,16,14.648420115681892
Lahore,2025,Petrol,Automatic,5030000.0,1,1300.0,Toyota,Yaris,Sedan ATIV CVT 1.3,1,15.43093074088306
Islamabad,2018,Petrol,Manual,2750000.0,75000,1300.0,Suzuki,Swift,DLX 1.3 Navigation,8,14.827111833279051
Karachi,2022,Petrol,Automatic,4375000.0,42000,1300.0,Toyota,Yaris,Sedan ATIV CVT 1.3,4,15.291417306345254
Karachi,1999,Petrol,Manual,1500000.0,88000,1300.0,Toyota,Corolla,8th (E110) Generation XE Limited,27,14.220976332738882
Lahore,2005,Petrol,Automatic,1875000.0,282000,1300.0,Honda,City,i-DSI Vario,21,14.444119750719839
Lahore,2016,Petrol,Manual,3550000.0,125000,1300.0,Toyota,Corolla,GLi 1.3 VVTi,10,15.0824584431417
Lahore,2007,Petrol,Automatic,2250000.0,124500,1300.0,Toyota,Belta,G 1.3,19,14.626441218624949
Karachi,2010,Petrol,Manual,2350000.0,150000,1300.0,Toyota,Corolla,GLi 1.3 VVTi,16,14.669926311652166
Karachi,2017,Petrol,Manual,3690000.0,64000,1300.0,Toyota,Corolla,GLi 1.3 VVTi,9,15.121137287019383
Karachi,2017,Petrol,Manual,2450000.0,118000,1300.0,Suzuki,Swift,DLX 1.3,9,14.711598990684092
Lahore,2015,Petrol,Automatic,3700000.0,103569,1300.0,Toyota,Corolla,GLi Automatic 1.3 VVTi,11,15.123843647884687
Karachi,2021,Petrol,Automatic,4250000.0,50500,1300.0,Toyota,Yaris,Sedan ATIV CVT 1.3,5,15.26242977619469
Karachi,2017,Petrol,Manual,3950000.0,115000,1300.0,Toyota,Corolla,GLi 1.3 VVTi,9,15.18922639004183
Lahore,2009,Petrol,Automatic,2350000.0,125000,1300.0,Daihatsu,Terios,,17,14.669926311652166
Lahore,2016,Petrol,Manual,3190000.0,111000,1300.0,Honda,City,5th (GM2) Generation 1.3 i-VTEC,10,14.975531788240602
Karachi,2019,Petrol,Automatic,3750000.0,45000,1300.0,Honda,City,1.3 i-VTEC Prosmatec,7,15.137266664613225
Islamabad,2015,Petrol,Automatic,3850000.0,183,1300.0,Toyota,Corolla,GLi Automatic 1.3 VVTi,11,15.163583966004193
Lahore,2005,Petrol,Manual,1750000.0,282000,1300.0,Honda,City,i-DSI,21,14.375126917328105
Lahore,2013,Petrol,Manual,3000000.0,210734,1300.0,Toyota,Corolla,GLi Limited Edition 1.3 VVTi,13,14.914123179965662
Karachi,2011,Petrol,Manual,2600000.0,119543,1300.0,Honda,City,5th (GM2) Generation 1.3 i-VTEC,15,14.77102238760702
Islamabad,2006,Petrol,Manual,1800000.0,282000,1300.0,Honda,City,i-DSI,20,14.403297778421795
Lahore,2015,Petrol,Manual,3050000.0,132800,1300.0,Honda,City,5th (GM2) Generation Aspire 1.3 i-VTEC,11,14.930652476452392
Lahore,2015,Petrol,Automatic,3800000.0,75000,1300.0,Toyota,Corolla,GLi Automatic 1.3 VVTi,11,15.150511887854474
Islamabad,2011,Petrol,Manual,2785000.0,125000,1300.0,Honda,City,5th (GM2) Generation 1.3 i-VTEC,15,14.839758790409885
Islamabad,2006,Petrol,Manual,2050000.0,197589,1300.0,Toyota,Corolla,9th (E120) Generation XLi,20,14.53335083891935
Karachi,2011,Petrol,Manual,2730000.0,96000,1300.0,Toyota,Corolla,GLi 1.3 VVTi,15,14.819812533461441
Karachi,2019,Petrol,Automatic,3775000.0,38000,1300.0,Honda,City,5th (GM2) Generation 1.3 i-VTEC Prosmatec,7,15.143911205565889
Lahore,2018,Petrol,Automatic,3675000.0,86159,1300.0,Honda,City,5th (GM2) Generation 1.3 i-VTEC Prosmatec,8,15.11706396273788
Lahore,2020,Petrol,Automatic,4245000.0,80000,1300.0,Toyota,Yaris,Sedan GLI CVT 1.3,6,15.261252613298817
Karachi,2019,Petrol,Manual,2600000.0,92045,1300.0,Suzuki,Swift,DLX 1.3 Navigation,7,14.77102238760702
Islamabad,2015,Petrol,Automatic,3650000.0,164000,1300.0,Toyota,Corolla,GLi Automatic 1.3 VVTi,11,15.11023799953124
Lahore,2019,Petrol,Automatic,4150000.0,65588,1300.0,Honda,City,5th (GM2) Generation 1.3 i-VTEC Prosmatec,7,15.238619133170708
Lahore,2011,Petrol,Manual,2850000.0,131000,1300.0,Toyota,Corolla,GLi 1.3 VVTi,15,14.862829903121964
Karachi,2018,Petrol,Automatic,2700000.0,95566,1300.0,Suzuki,Swift,DLX Automatic 1.3 Navigation,8,14.80876270134486
Karachi,2005,Petrol,Manual,1600000.0,157644,1300.0,Honda,City,i-DSI,21,14.285514812209815
Karachi,2016,Petrol,Automatic,3679999.9999999995,34040,1300.0,Honda,City,5th (GM2) Generation 1.3 i-VTEC Prosmatec,10,15.118423581884207
Karachi,2013,Petrol,Manual,1839000.0,71000,1300.0,Suzuki,Swift,DLX 1.3,13,14.4247330473601
Islamabad,2010,Petrol,Manual,2550000.0,196000,1300.0,Toyota,Corolla,XLi VVTi,16,14.751604309291395
Lahore,2019,Petrol,Manual,3550000.0,75000,1300.0,Honda,City,1.3 i-VTEC,7,15.0824584431417
Islamabad,2007,Petrol,Manual,1780000.0,95000,1300.0,Toyota,Corolla,9th (E120) Generation GLi 1.3,19,14.392124484065864
Lahore,2018,Petrol,Automatic,4395000.0,75626,1300.0,Toyota,Corolla,GLi Automatic 1.3 VVTi,8,15.295978316632674
Islamabad,2025,Petrol,Automatic,5016000.0,2,1300.0,Toyota,Yaris,Sedan GLI CVT 1.3,1,15.428143560656915
Islamabad,2006,Petrol,Manual,2130000.0,200000,1300.0,Honda,City,i-DSI,20,14.571633007169066
Lahore,1998,Petrol,Manual,1750000.0,250000,1300.0,Suzuki,Potohar,,28,14.375126917328105
Lahore,2014,Petrol,Manual,2790000.0,130000,1300.0,Honda,City,1.3 i-VTEC,12,14.841552512220423
Karachi,2021,Petrol,Automatic,4125000.0,46702,1300.0,Toyota,Yaris,Sedan ATIV CVT 1.3,5,15.232576820175131
Karachi,2011,Petrol,Manual,2600000.0,79346,1300.0,Toyota,Corolla,XLi VVTi,15,14.77102238760702
Islamabad,2017,Petrol,Manual,2600000.0,132621,1300.0,Suzuki,Swift,DLX 1.3,9,14.77102238760702
Karachi,2019,Petrol,Automatic,4385000.0,45000,1300.0,Toyota,Corolla,GLi Automatic 1.3 VVTi,7,15.293700411838566
Lahore,2017,Petrol,Automatic,2995000.0,96000,1300.0,Honda,City,1.3 i-VTEC Prosmatec,9,14.912455123421447
Karachi,2003,Petrol,Manual,2000000.0,123,1300.0,Toyota,Corolla,9th (E120) Generation GLi 1.3,23,14.508658238524095
Islamabad,2010,Petrol,Manual,2550000.0,240000,1300.0,Honda,City,5th (GM2) Generation 1.3 i-VTEC,16,14.751604309291395
Lahore,2008,Petrol,Manual,2395000.0,99000,1300.0,Honda,City,i-DSI,18,14.6888942063636
Islamabad,2018,Petrol,Automatic,3000000.0,53000,1300.0,Suzuki,Swift,,8,14.914123179965662
Lahore,2006,Petrol,Manual,3700000.0,45000,1300.0,Mazda,RX8,Type S,20,15.123843647884687
Karachi,2009,Petrol,Manual,2200000.0,200000,1300.0,Toyota,Corolla,GLi 1.3 VVTi,17,14.603968372873895
Karachi,2018,Petrol,Automatic,4300000.0,45000,1300.0,Toyota,Corolla,GLi Automatic 1.3 VVTi,8,15.274125813221904
Lahore,1988,Petrol,Manual,375000.0,95000,1300.0,Nissan,Sunny,,38,12.834683971615659
Lahore,1994,Petrol,Manual,475000.0,100000,1300.0,Suzuki,Margalla,GL,32,13.07107218827772
Lahore,2020,Petrol,Automatic,3900000.0,86758,1300.0,Honda,City,5th (GM2) Generation 1.3 i-VTEC Prosmatec,6,15.176487367510099
Islamabad,2021,Petrol,Automatic,3145000.0,80000,1300.0,Suzuki,Swift,DLX Automatic 1.3 Navigation,5,14.96132476608165
Islamabad,2019,Petrol,Automatic,4625000.0,108000,1300.0,Toyota,Corolla,GLi Automatic 1.3 VVTi,7,15.346987145144855
Islamabad,2019,Petrol,Automatic,4025000.0,68000,1300.0,Honda,City,5th (GM2) Generation 1.3 i-VTEC Prosmatec,7,15.208035717281975
Islamabad,2015,Petrol,Manual,3850000.0,69000,1300.0,Toyota,Corolla,XLi VVTi,11,15.163583966004193
Lahore,2015,Petrol,Manual,3250000.0,161880,1300.0,Toyota,Corolla,GLi 1.3 VVTi,11,14.99416586199818
Karachi,2017,Petrol,Automatic,3850000.0,80000,1300.0,Toyota,Corolla,GLi Automatic 1.3 VVTi,9,15.163583966004193
Karachi,2010,Petrol,Manual,2625000.0,99000,1300.0,Toyota,Corolla,XLi VVTi,16,14.78059183496017
Lahore,2013,Petrol,Manual,2580000.0,250000,1300.0,Toyota,Corolla,XLi VVTi,13,14.763300344494624
Karachi,2013,Petrol,Automatic,2950000.0,93000,1300.0,Honda,City,5th (GM2) Generation Aspire Prosmatec 1.3 i-VTEC,13,14.897316067298997
Karachi,2018,Petrol,Automatic,3850000.0,75000,1300.0,Toyota,Vitz,F Safety Edition II,8,15.163583966004193
Lahore,2010,Petrol,Manual,1745000.0,123000,1300.0,Suzuki,Liana,RXi,16,14.372265686684402
Islamabad,1996,Petrol,Manual,1350000.0,200000,1300.0,Toyota,Corolla,XE,30,14.115615891155079
Lahore,2006,Petrol,Manual,1950000.0,177000,1300.0,Honda,City,i-DSI,20,14.48334044336031
Lahore,2014,Petrol,Automatic,3150000.0,120000,1300.0,Honda,City,1.3 i-VTEC Prosmatec,12,14.962913328262083
Karachi,1998,Petrol,Manual,1225000.0,134000,1300.0,Toyota,Corolla,8th (E110) Generation XE,28,14.018452218287162
Lahore,2025,Petrol,Automatic,5150000.0,10,1300.0,Toyota,Yaris,Sedan ATIV CVT 1.3,1,15.454507466814658
Karachi,1974,Petrol,Manual,330000.0,120,1300.0,Toyota,Corolla,,52,12.706850963741102
Lahore,2021,Petrol,Automatic,4400000.0,126165,1300.0,Toyota,Yaris,Sedan ATIV CVT 1.3,5,15.29711532616119
Lahore,2006,Petrol,Manual,1735000.0000000002,282000,1300.0,Honda,City,i-DSI,20,14.366518547731808
Islamabad,2004,Petrol,Manual,1180000.0,180000,1300.0,Suzuki,Baleno,JXR,22,13.981025843899115
Islamabad,2006,Petrol,Automatic,2075000.0,138800,1300.0,Honda,City,i-DSI Vario,20,14.54547219357453
Islamabad,2017,Petrol,Automatic,5200000.0,55208,1300.0,Toyota,Corolla,GLi Automatic 1.3 VVTi,9,15.46416937585933
Lahore,2016,Petrol,Manual,950000.0,75000,1300.0,FAW,X-PV,,10,13.76421831620775
Islamabad,1996,Petrol,Manual,1600000.0,16084,1300.0,Toyota,Corolla,8th (E110) Generation XE,30,14.285514812209815
Lahore,2005,Petrol,Manual,1070000.0,150000,1300.0,Suzuki,Baleno,JXR,21,13.883170141017091
Islamabad,2021,Petrol,Automatic,2900000.0,63698,1299.0,Proton,Saga,1.3L Standard A/T,5,14.88022163978423
Islamabad,1999,Petrol,Manual,1600000.0,150000,1300.0,Toyota,Corolla,8th (E110) Generation XE-G,27,14.285514812209815
Karachi,2011,Petrol,Manual,2700000.0,97000,1300.0,Toyota,Corolla,GLi 1.3 VVTi,15,14.80876270134486
Islamabad,1993,Petrol,Manual,869999.9999999999,180000,1300.0,Suzuki,Margalla,GL,33,13.676249640055394
Lahore,2008,Petrol,Manual,1900000.0,181500,1300.0,Honda,City,i-DSI,18,14.45736497045232
Lahore,2016,Petrol,Manual,2950000.0,200637,1300.0,Toyota,Corolla,XLi VVTi,10,14.897316067298997
Islamabad,2025,Petrol,Automatic,5200000.0,30,1300.0,Toyota,Yaris,Sedan ATIV CVT 1.3,1,15.46416937585933
Islamabad,2009,Petrol,Automatic,2775000.0,130000,1300.0,Honda,City,5th (GM2) Generation 1.3 i-VTEC Prosmatec,17,14.836161665522967
Islamabad,1997,Petrol,Automatic,1670000.0,99000,1300.0,Daihatsu,Terios,,29,14.328334783195153
Lahore,2011,Petrol,Automatic,2795000.0,115000,1300.0,Honda,City,5th (GM2) Generation 1.3 i-VTEC Prosmatec,15,14.843343022353025
Islamabad,2012,Petrol,Automatic,2300000.0,157439,1300.0,Suzuki,Swift,DLX Automatic 1.3,14,14.648420115681892
Lahore,2014,Petrol,Manual,2175000.0,90000,1300.0,Suzuki,Swift,DLX 1.3,12,14.59253968227493
Islamabad,2004,Petrol,Manual,1550000.0,170000,1300.0,Honda,City,i-DSI Vario,22,14.253766134056512
Islamabad,2015,Petrol,Manual,2990000.0,124000,1300.0,Honda,City,1.3 i-VTEC,11,14.910784279814974
Islamabad,2014,Petrol,Manual,2350000.0,85000,1300.0,Suzuki,Swift,DLX 1.3,12,14.669926311652166
Lahore,2015,Petrol,Manual,3150000.0,91000,1300.0,Toyota,Corolla,XLi VVTi,11,14.962913328262083
Karachi,2019,Petrol,Automatic,3515000.0,81669,1300.0,Honda,City,1.3 i-VTEC Prosmatec,7,15.072550367721883
Karachi,2015,Petrol,Automatic,3450000.0,96789,1300.0,Toyota,Corolla,GLi Automatic 1.3 VVTi,11,15.053885078862573
Karachi,2011,Hybrid,Automatic,2650000.0,86789,1300.0,Honda,Fit,1.3 Hybrid XH Selection,15,14.790070575320824
Lahore,2019,Petrol,Automatic,2950000.0,110691,1300.0,Suzuki,Swift,DLX Automatic 1.3 Navigation,7,14.897316067298997
Lahore,2022,Petrol,Automatic,4850000.0,12251,1300.0,Toyota,Yaris,Sedan ATIV CVT 1.3,4,15.394489469099211
Karachi,2016,Petrol,Automatic,3279999.9999999995,88057,1300.0,Toyota,Corolla,GLi Automatic 1.3 VVTi,10,15.003354285238329
Islamabad,2011,Petrol,Manual,2550000.0,178124,1300.0,Toyota,Corolla,XLi VVTi Ecotec,15,14.751604309291395
Islamabad,2019,Petrol,Automatic,3990000.0,164000,1300.0,Honda,City,5th (GM2) Generation 1.3 i-VTEC Prosmatec,7,15.199302039492581
Islamabad,2011,Petrol,Manual,2350000.0,200000,1300.0,Toyota,Corolla,XLi VVTi,15,14.669926311652166
Karachi,2016,Petrol,Manual,3080000.0,103000,1300.0,Toyota,Corolla,GLi 1.3 VVTi,10,14.940440479625028
Lahore,2012,Petrol,Manual,1825000.0,69000,1300.0,Suzuki,Swift,DLX 1.3,14,14.417091092943783
Islamabad,2011,Petrol,Manual,2250000.0,147000,1300.0,Toyota,Corolla,GLi 1.3 VVTi,15,14.626441218624949
Karachi,2008,Petrol,Manual,2150000.0,150000,1300.0,Toyota,Corolla,9th (E120) Generation GLi 1.3,18,14.580978865220017
Karachi,2012,Petrol,Manual,2725000.0,86000,1300.0,Toyota,Corolla,GLi 1.3 VVTi,14,14.817979353051891
Lahore,2011,Petrol,Manual,1950000.0,115000,1300.0,Suzuki,Swift,DLX 1.3,15,14.48334044336031
Karachi,2025,Petrol,Automatic,5000000.0,13943,1300.0,Toyota,Yaris,Sedan GLI CVT 1.3,1,15.424948670398354
Karachi,2019,Petrol,Automatic,3850000.0,63730,1300.0,Honda,City,1.3 i-VTEC Prosmatec,7,15.163583966004193
Islamabad,1986,Petrol,Manual,400000.0,282000,1300.0,Honda,City,,40,12.899222326086994
Lahore,2008,Petrol,Manual,1820000.0,230000,1300.0,Honda,City,i-DSI,18,14.414347608503377
Islamabad,2012,Petrol,Manual,2900000.0,206000,1300.0,Toyota,Corolla,XLi VVTi,14,14.88022163978423
Lahore,2015,Petrol,Automatic,4100000.0,160251,1300.0,Toyota,Corolla,GLi Automatic 1.3 VVTi,11,15.226497775576945
Islamabad,2015,Petrol,Automatic,3450000.0,125000,1300.0,Honda,City,5th (GM2) Generation 1.3 i-VTEC Prosmatec,11,15.053885078862573
Islamabad,2009,Petrol,Manual,2545000.0,120000,1300.0,Toyota,Corolla,GLi 1.3 VVTi,17,14.749641600893991
Lahore,2015,Petrol,Automatic,3750000.0,163000,1300.0,Toyota,Corolla,GLi Automatic 1.3 VVTi,11,15.137266664613225
Islamabad,2014,Petrol,Manual,3000000.0,100000,1300.0,Toyota,Corolla,GLi 1.3 VVTi,12,14.914123179965662
Lahore,2010,Petrol,Automatic,2575000.0,175000,1300.0,Honda,City,5th (GM2) Generation 1.3 i-VTEC Prosmatec,16,14.761360480429413
Lahore,2020,Petrol,Manual,3975000.0,72000,1300.0,Honda,City,5th (GM2) Generation 1.3 i-VTEC,6,15.195535557642865
Karachi,2006,Petrol,Manual,1400000.0,219298,1300.0,Nissan,Sunny,EX Saloon 1.3,20,14.151983508870947
Lahore,2016,Petrol,Manual,3050000.0,120000,1300.0,Honda,City,1.3 i-VTEC,10,14.930652476452392
Karachi,2009,Petrol,Manual,2350000.0,105000,1300.0,Toyota,Corolla,GLi 1.3 VVTi,17,14.669926311652166
Karachi,2012,Petrol,Manual,3445000.0000000005,45000,1300.0,Toyota,Corolla,XLi VVTi,14,15.052434752705617
Karachi,2001,Petrol,Manual,2000000.0,96000,1300.0,Toyota,Corolla,8th (E110) Generation XE,25,14.508658238524095
Karachi,2000,Petrol,Manual,919999.9999999999,282000,1300.0,Honda,City,EXi,26,13.732130035981154
Karachi,2014,Petrol,Automatic,3175000.0,88000,1300.0,Toyota,Corolla,GLi Automatic 1.3 VVTi,12,14.97081850526951
Lahore,2015,Petrol,Manual,3200000.0,91524,1300.0,Honda,City,5th (GM2) Generation 1.3 i-VTEC,11,14.978661680269907
Lahore,2016,Petrol,Automatic,3400000.0,102051,1300.0,Honda,City,5th (GM2) Generation Aspire Prosmatec 1.3 i-VTEC,10,15.039286283703994
Karachi,2020,Petrol,Automatic,3850000.0,27533,1300.0,Honda,City,5th (GM2) Generation 1.3 i-VTEC Prosmatec,6,15.163583966004193
Islamabad,2013,Petrol,Manual,3075000.0,135723,1300.0,Honda,City,5th (GM2) Generation 1.3 i-VTEC,13,14.938815784425955
Karachi,2015,Petrol,Manual,3000000.0,121386,1300.0,Toyota,Corolla,XLi VVTi,11,14.914123179965662
Islamabad,2014,Petrol,Automatic,3700000.0,162335,1300.0,Toyota,Corolla,GLi Automatic 1.3 VVTi,12,15.123843647884687
Islamabad,2016,Petrol,Automatic,3965000.0,149000,1300.0,Toyota,Corolla,GLi Automatic 1.3 VVTi,10,15.193016665257863
Karachi,2020,Petrol,Automatic,4150000.0,50000,1300.0,Honda,City,5th (GM2) Generation 1.3 i-VTEC Prosmatec,6,15.238619133170708
Lahore,2007,Petrol,Manual,1250000.0,172569,1300.0,Suzuki,Liana,RXi,19,14.038654909278163
Karachi,2007,Hybrid,Automatic,2650000.0,71000,1300.0,Honda,Civic,MXST (Hybrid),19,14.790070575320824
Lahore,2005,Petrol,Manual,1875000.0,134000,1300.0,Honda,City,i-DSI,21,14.444119750719839
Lahore,2016,Petrol,Manual,3135000.0,87000,1300.0,Honda,City,1.3 i-VTEC,10,14.958140051028373
Karachi,2013,Petrol,Manual,2900000.0,114837,1300.0,Toyota,Corolla,XLi VVTi,13,14.88022163978423
Islamabad,2016,Petrol,Automatic,4025000.0,233000,1300.0,Toyota,Corolla,GLi Automatic 1.3 VVTi,10,15.208035717281975
Islamabad,2012,Petrol,Manual,3000000.0,90000,1300.0,Toyota,Corolla,GLi 1.3 VVTi,14,14.914123179965662
Islamabad,2020,Petrol,Manual,3690000.0,100000,1300.0,Toyota,Yaris,Sedan GLI MT 1.3,6,15.121137287019383
Islamabad,2009,Petrol,Manual,2165000.0,175000,1300.0,Toyota,Corolla,XLi VVTi Limited Edition,17,14.587931381312385
Islamabad,2024,Petrol,Manual,4000000.0,23000,1300.0,Changan,Alsvin,1.3L MT Comfort,2,15.201805169084134
Islamabad,2013,Petrol,Automatic,3229999.9999999995,105000,1300.0,Honda,City,Aspire Prosmatec 1.3 i-VTEC,13,14.987993004796314
Lahore,1982,Petrol,Manual,550000.0,241721,1300.0,Datsun,120,Y,44,13.217675375388819
Karachi,2007,Petrol,Automatic,1920000.0,98000,1300.0,Honda,City,i-DSI Vario,19,14.467836264837162
Islamabad,2005,Petrol,Manual,680000.0,150000,1300.0,KIA,Classic,,21,13.429849547739444
Karachi,2019,Petrol,Manual,3275000.0,80000,1300.0,Honda,City,5th (GM2) Generation 1.3 i-VTEC,7,15.001828732394953
Karachi,2019,Petrol,Automatic,4350000.0,89265,1300.0,Toyota,Corolla,GLi Automatic 1.3 VVTi,7,15.285686632949897
Islamabad,2025,Petrol,Automatic,5190000.0,6000,1300.0,Toyota,Yaris,Sedan GLI CVT 1.3,1,15.46224444782028
Islamabad,2011,Petrol,Manual,2865000.0,123000,1300.0,Honda,City,1.3 i-VTEC,15,14.868079257171056
Karachi,1989,Petrol,Manual,650000.0,10000,1300.0,Honda,Civic,,37,13.384729180332174
Karachi,2006,Hybrid,Automatic,3133000.0,89500,1300.0,Honda,Civic,Reborn MX (Hybrid),20,14.95750188911717
Karachi,2013,Petrol,Automatic,2250000.0,93000,1300.0,Suzuki,Swift,DLX Automatic 1.3,13,14.626441218624949
Lahore,2007,Petrol,Manual,1850000.0,190000,1300.0,Honda,City,i-DSI,19,14.430696737594902
Karachi,2013,Petrol,Automatic,2240000.0,91000,1300.0,Suzuki,Swift,DLX Automatic 1.3,13,14.621986870259695
Islamabad,2017,Petrol,Manual,4000000.0,67000,1300.0,Toyota,Corolla,XLi VVTi,9,15.201805169084134
Islamabad,2017,Petrol,Manual,3725000.0,52000,1300.0,Honda,City,1.3 i-VTEC,9,15.130577678252136
Lahore,2020,Petrol,Manual,3750000.0,67000,1300.0,Toyota,Yaris,Sedan GLI MT 1.3,6,15.137266664613225
Islamabad,2018,Petrol,Automatic,3450000.0,121761,1300.0,Honda,City,5th (GM2) Generation 1.3 i-VTEC Prosmatec,8,15.053885078862573
Karachi,2019,Petrol,Automatic,4400000.0,41418,1300.0,Toyota,Corolla,GLi Automatic 1.3 VVTi,7,15.29711532616119
Islamabad,2019,Petrol,Automatic,4850000.0,62000,1300.0,Toyota,Corolla,GLi Automatic 1.3 VVTi,7,15.394489469099211
Islamabad,2018,Petrol,Manual,1350000.0,131337,1300.0,FAW,V2,VCT-i,8,14.115615891155079
Karachi,2008,Petrol,Automatic,2500000.0,65877,1300.0,Suzuki,Swift,XG 1.3,18,14.731801689838349
Lahore,2018,Petrol,Manual,3200000.0,76000,1300.0,Honda,City,1.3 i-VTEC,8,14.978661680269907
Karachi,2014,Petrol,Manual,2980000.0,78000,1300.0,Honda,City,Aspire 1.3 i-VTEC,12,14.907434194052001
Lahore,2022,Petrol,Automatic,4725000.0,77000,1300.0,Toyota,Yaris,Sedan ATIV CVT 1.3,4,15.36837833055017
Karachi,2005,Petrol,Manual,1300000.0,176486,1300.0,Honda,City,i-DSI,21,14.077875591662238
Lahore,2020,Petrol,Manual,3940000.0,113300,1300.0,Toyota,Yaris,Sedan ATIV MT 1.3,6,15.186691535081192
Lahore,2004,Petrol,Manual,1400000.0,282000,1300.0,Honda,City,i-DSI,22,14.151983508870947
Karachi,2007,Petrol,Automatic,2375000.0,119000,1300.0,Toyota,Belta,G 1.3,19,14.680508416503422
Lahore,2020,Petrol,Automatic,3999000.0,70000,1300.0,Toyota,Yaris,Sedan ATIV CVT 1.3,6,15.20155513789144
Islamabad,2010,Petrol,Manual,2390000.0,180000,1300.0,Toyota,Corolla,GLi 1.3 VVTi,16,14.686804342317648
Lahore,2000,Petrol,Manual,1365000.0,170000,1300.0,Toyota,Corolla,XE,26,14.126665719201661
Islamabad,2006,Petrol,Manual,1700000.0,236000,1300.0,Mitsubishi,Lancer,GLX 1.3,20,14.346139397261565
Islamabad,2018,Petrol,Manual,3679999.9999999995,87800,1300.0,Honda,City,5th (GM2) Generation 1.3 i-VTEC,8,15.118423581884207
Karachi,2002,Petrol,Manual,1125000.0,196000,1300.0,Honda,City,EXi,24,13.933294482509151
Lahore,2006,Petrol,Manual,1750000.0,172000,1300.0,Toyota,Corolla,9th (E120) Generation XLi,20,14.375126917328105
Lahore,2006,Petrol,Manual,1950000.0,163526,1300.0,Honda,City,i-DSI,20,14.48334044336031
Karachi,2010,Petrol,Manual,2250000.0,90000,1300.0,Toyota,Corolla,GLi 1.3 VVTi,16,14.626441218624949
Lahore,2013,Petrol,Manual,2250000.0,85580,1300.0,Suzuki,Swift,DLX 1.3,13,14.626441218624949
Lahore,2015,Petrol,Manual,3500000.0,125000,1300.0,Toyota,Corolla,GLi 1.3 VVTi,11,15.068273812173887
Karachi,2018,Petrol,Manual,3800000.0,136000,1300.0,Toyota,Corolla,GLi 1.3 VVTi,8,15.150511887854474
Lahore,2020,Petrol,Automatic,4275000.0,27000,1300.0,Honda,City,5th (GM2) Generation 1.3 i-VTEC Prosmatec,6,15.268294894271099
Islamabad,2014,Petrol,Manual,2250000.0,138000,1300.0,Suzuki,Swift,DLX 1.3,12,14.626441218624949
Lahore,2002,Petrol,Manual,1435000.0,145000,1300.0,Toyota,Corolla,9th (E120) Generation XLi,24,14.176676104039727
Islamabad,2017,Petrol,Manual,3925000.0,72500,1300.0,Honda,City,5th (GM2) Generation 1.3 i-VTEC,9,15.182877163975684
Lahore,2004,Petrol,Manual,1050000.0,150000,1300.0,Suzuki,Baleno,JXR,22,13.864301674514206
Lahore,2016,Petrol,Automatic,4650000.0,38000,1300.0,Toyota,Corolla,GLi Automatic 1.3 VVTi,10,15.35237799261728
Islamabad,2018,Petrol,Automatic,4350000.0,80000,1300.0,Toyota,Corolla,GLi Automatic 1.3 VVTi,8,15.285686632949897
Islamabad,2012,Petrol,Manual,3375000.0,98000,1300.0,Toyota,Corolla,GLi 1.3 VVTi,14,15.03190617858502
Islamabad,2005,Petrol,Manual,1930000.0,282000,1300.0,Honda,City,i-DSI,21,14.47303107901565
Islamabad,2017,Petrol,Manual,3400000.0,96000,1300.0,Honda,City,5th (GM2) Generation 1.3 i-VTEC,9,15.039286283703994
Karachi,2016,Petrol,Automatic,3350000.0,85000,1300.0,Toyota,Corolla,GLi Automatic 1.3 VVTi,10,15.024471202308668
Islamabad,2001,Petrol,Manual,1395000.0,265000,1300.0,Toyota,Corolla,8th (E110) Generation XE,25,14.148405690083225
Karachi,2016,Petrol,Manual,2375000.0,68000,1300.0,Suzuki,Swift,DLX 1.3 Navigation,10,14.680508416503422
Lahore,2025,Petrol,Automatic,5200000.0,966,1300.0,Toyota,Yaris,Sedan GLI CVT 1.3,1,15.46416937585933
Islamabad,2011,Petrol,Manual,2980000.0,198136,1300.0,Toyota,Corolla,GLi 1.3 VVTi,15,14.907434194052001
Lahore,2022,Petrol,Automatic,2750000.0,35000,1299.0,Proton,Saga,1.3L Ace A/T,4,14.827111833279051
Karachi,2017,Petrol,Automatic,4150000.0,33000,1300.0,Toyota,Corolla,GLi Automatic 1.3 VVTi,9,15.238619133170708
Islamabad,2009,Petrol,Automatic,2350000.0,88000,1300.0,Toyota,Vitz,F 1.3,17,14.669926311652166
Islamabad,2014,Petrol,Manual,3045000.0,110000,1300.0,Honda,City,5th (GM2) Generation 1.3 i-VTEC,12,14.929011787533305
Islamabad,2013,Petrol,Manual,2995000.0,110000,1300.0,Honda,City,5th (GM2) Generation 1.3 i-VTEC,13,14.912455123421447
Lahore,2012,Petrol,Manual,2750000.0,162592,1300.0,Toyota,Corolla,GLi 1.3 VVTi,14,14.827111833279051
Islamabad,2015,Petrol,Manual,3100000.0,127174,1300.0,Honda,City,5th (GM2) Generation 1.3 i-VTEC,11,14.946912992035967
Lahore,2006,Petrol,Manual,2300000.0,103011,1300.0,Honda,City,i-DSI,20,14.648420115681892
Karachi,2009,Petrol,Automatic,2350000.0,103000,1300.0,Toyota,Belta,X S Package 1.3,17,14.669926311652166
Karachi,2009,Petrol,Manual,1350000.0,92577,1300.0,Suzuki,Liana,RXi (CNG),17,14.115615891155079
Islamabad,2001,Petrol,Manual,690000.0,178000,1300.0,KIA,Classic,LX,25,13.444448325847754
Islamabad,2005,Petrol,Manual,1390000.0,185000,1300.0,Mitsubishi,Lancer,GL,21,14.144815024531075
Lahore,2014,Petrol,Manual,2750000.0,115000,1300.0,Honda,City,5th (GM2) Generation 1.3 i-VTEC,12,14.827111833279051
Karachi,1998,Petrol,Manual,900000.0,282000,1300.0,Suzuki,Baleno,GLi,28,13.710151153416941
Karachi,2013,Petrol,Automatic,2250000.0,79000,1300.0,Suzuki,Swift,DLX Automatic 1.3,13,14.626441218624949
Lahore,2019,Petrol,Automatic,4785000.0,41000,1300.0,Toyota,Corolla,GLi Automatic 1.3 VVTi,7,15.380996791855585
Islamabad,2025,Petrol,Automatic,5150000.0,30,1300.0,Toyota,Yaris,Sedan GLI CVT 1.3,1,15.454507466814658
Lahore,2003,Petrol,Manual,2000000.0,102340,1300.0,Honda,City,EXi S,23,14.508658238524095
Lahore,2018,Petrol,Manual,2590000.0,110000,1300.0,Suzuki,Swift,DLX 1.3 Navigation,8,14.767168819776032
Islamabad,2011,Petrol,Manual,2140000.0,132000,1300.0,Suzuki,Swift,DX 1.3,15,14.576316854287645
Islamabad,2006,Petrol,Manual,1425000.0,123400,1300.0,Suzuki,Liana,RXi,20,14.169683073439028
Islamabad,2015,Petrol,Automatic,2750000.0,44000,1300.0,Suzuki,Swift,DLX 1.3,11,14.827111833279051
Islamabad,1988,Petrol,Manual,975000.0,122000,1300.0,Nissan,Sunny,EX Saloon 1.3,38,13.790193775620484
Karachi,2007,Petrol,Automatic,1850000.0,45000,1300.0,Suzuki,Swift,XG 1.3,19,14.430696737594902
Karachi,2010,Petrol,Manual,2300000.0,282000,1300.0,Toyota,Corolla,GLi 1.3 VVTi,16,14.648420115681892
Karachi,2011,Petrol,Manual,2320000.0,140000,1300.0,Honda,City,1.3 i-VTEC,15,14.657078174676883
Karachi,2018,Petrol,Manual,3599000.0,85300,1300.0,Toyota,Corolla,XLi VVTi,8,15.09616686491609
Lahore,2002,Petrol,Manual,1200000.0,282000,1300.0,Honda,City,EXi,24,13.997832948091215
Lahore,2014,Petrol,Automatic,3325000.0,100000,1300.0,Honda,City,5th (GM2) Generation 1.3 i-VTEC Prosmatec,12,15.016980532823926
Lahore,2020,Petrol,Automatic,3900000.0,88000,1300.0,Honda,City,5th (GM2) Generation 1.3 i-VTEC Prosmatec,6,15.176487367510099
Islamabad,2010,Petrol,Manual,2300000.0,282000,1300.0,Toyota,Corolla,XLi VVTi,16,14.648420115681892
Lahore,2015,Petrol,Automatic,2600000.0,98160,1300.0,Suzuki,Swift,DLX Automatic 1.3,11,14.77102238760702
Lahore,2010,Petrol,Manual,2190000.0,200000,1300.0,Toyota,Corolla,GLi 1.3 VVTi,16,14.599412558413583
Lahore,2014,Petrol,Manual,2975000.0,155464,1300.0,Honda,City,1.3 i-VTEC,12,14.905754933096265
Karachi,1999,Petrol,Manual,600000.0,150000,1300.0,Honda,City,EXi,27,13.304686600863562
Islamabad,2004,Petrol,Manual,1250000.0,234972,1300.0,Suzuki,Baleno,JXR,22,14.038654909278163
Islamabad,2017,Petrol,Manual,4000000.0,75783,1300.0,Toyota,Corolla,GLi 1.3 VVTi,9,15.201805169084134
Lahore,2014,Petrol,Automatic,3100000.0,80156,1300.0,Honda,City,5th (GM2) Generation 1.3 i-VTEC Prosmatec,12,14.946912992035967
Karachi,2018,Petrol,Automatic,3895000.0000000005,59000,1300.0,Toyota,Corolla,GLi Automatic 1.3 VVTi,8,15.175204494026362
Karachi,2008,Petrol,Manual,1800000.0,282000,1300.0,Honda,City,i-DSI,18,14.403297778421795
Karachi,2018,Petrol,Automatic,4450000.0,60000,1300.0,Toyota,Corolla,GLi Automatic 1.3 VVTi,8,15.308414878861498
Islamabad,2006,Petrol,Manual,2300000.0,125125,1300.0,Honda,City,i-DSI,20,14.648420115681892
Karachi,2009,Petrol,Automatic,2075000.0,65000,1300.0,Toyota,iQ,130G Go Leather Package,17,14.54547219357453
Lahore,2005,Petrol,Manual,1075000.0,240500,1300.0,Suzuki,Baleno,JXL,21,13.887832149776026
Karachi,2010,Hybrid,Automatic,2799000.0,159509,1300.0,Honda,Civic,Reborn MX (Hybrid),16,14.844773125767981
Lahore,2025,Petrol,Automatic,5040000.0,10,1300.0,Toyota,Yaris,Sedan GLI CVT 1.3,1,15.43291683846023
Lahore,2014,Petrol,Manual,2925000.0,120000,1300.0,Honda,City,1.3 i-VTEC,12,14.888805380528378
Islamabad,2004,Petrol,Automatic,1920000.0,172000,1300.0,Honda,City,i-DSI Vario,22,14.467836264837162
Lahore,2025,Petrol,Automatic,5050000.0,30,1300.0,Toyota,Yaris,Sedan AERO CVT 1.3,1,15.434898999271326
Lahore,2004,Petrol,Manual,1575000.0,232000,1300.0,Honda,City,i-DSI,22,14.269766465162304
Karachi,2017,Petrol,Automatic,3665000.0,87000,1300.0,Toyota,Corolla,GLi Automatic 1.3 VVTi,9,15.114339166154148
Islamabad,2014,Petrol,Manual,3100000.0,150000,1300.0,Toyota,Corolla,XLi VVTi,12,14.946912992035967
Islamabad,2012,Petrol,Manual,2300000.0,116000,1300.0,Suzuki,Swift,DLX 1.3,14,14.648420115681892
Karachi,2019,Petrol,Automatic,4100000.0,110000,1300.0,Toyota,Corolla,GLi Automatic 1.3 VVTi,7,15.226497775576945
Islamabad,2019,Petrol,Automatic,3795000.0000000005,66000,1300.0,Toyota,Corolla,XLi Automatic,7,15.149195232316444
Islamabad,2011,Petrol,Manual,1800000.0,210000,1300.0,Suzuki,Swift,DLX 1.3,15,14.403297778421795
Islamabad,2012,Petrol,Manual,2895000.0,166000,1300.0,Toyota,Corolla,XLi VVTi Limited Edition,14,14.878496014412317
Lahore,2003,Petrol,Manual,1050000.0,55487,1300.0,Honda,City,EXi,23,13.864301674514206
Karachi,2016,Petrol,Automatic,2385000.0,47000,1300.0,Suzuki,Swift,DLX Automatic 1.3,10,14.684710101591703
Lahore,2013,Hybrid,Automatic,3085000.0,130000,1300.0,Honda,Fit,1.3 Hybrid 10th Anniversary,13,14.942062539470681
Lahore,2012,Petrol,Manual,2375000.0,245235,1300.0,Toyota,Corolla,XLi VVTi,14,14.680508416503422
Islamabad,1999,Petrol,Manual,1499000.0,161000,1300.0,Toyota,Corolla,8th (E110) Generation XE,27,14.22030944419592
Lahore,2016,Petrol,Manual,3150000.0,85000,1300.0,Honda,City,5th (GM2) Generation 1.3 i-VTEC,10,14.962913328262083
Lahore,2018,Petrol,Manual,4190000.0,82000,1300.0,Toyota,Corolla,GLi 1.3 VVTi,8,15.248211530561777
Lahore,2005,Petrol,Automatic,2140000.0,142492,1300.0,Honda,City,i-DSI Vario,21,14.576316854287645
Islamabad,2011,Petrol,Manual,2900000.0,122000,1300.0,Toyota,Corolla,GLi 1.3 VVTi,15,14.88022163978423
Islamabad,2008,Petrol,Manual,2000000.0,100000,1300.0,Toyota,Corolla,XLi,18,14.508658238524095
Lahore,2019,Petrol,Manual,4250000.0,125000,1300.0,Toyota,Corolla,GLi 1.3 VVTi,7,15.26242977619469
Karachi,2014,Petrol,Automatic,3340000.0,122564,1300.0,Toyota,Corolla,GLi Automatic 1.3 VVTi,12,15.021481664354036
Karachi,2015,Petrol,Manual,2475000.0,98000,1300.0,Honda,City,1.3 i-VTEC,11,14.72175135802525
Karachi,2021,Petrol,Automatic,3990000.0,80000,1300.0,Toyota,Yaris,Sedan ATIV CVT 1.3,5,15.199302039492581
Islamabad,2017,Petrol,Manual,2700000.0,88000,1300.0,Suzuki,Swift,DLX 1.3,9,14.80876270134486
Lahore,2003,Petrol,Automatic,1820000.0,168500,1300.0,Honda,City,i-DSI Vario,23,14.414347608503377
Islamabad,2007,Petrol,Manual,2300000.0,158000,1300.0,Toyota,Corolla,XLi,19,14.648420115681892
Lahore,2018,Petrol,Automatic,2700000.0,82432,1300.0,Suzuki,Swift,DLX Automatic 1.3 Navigation,8,14.80876270134486
Islamabad,2010,Petrol,Manual,2620000.0,135000,1300.0,Toyota,Corolla,XLi VVTi,16,14.778685257416596
Lahore,2017,Petrol,Manual,3150000.0,145000,1300.0,Honda,City,1.3 i-VTEC,9,14.962913328262083
Lahore,2025,Petrol,Automatic,5100000.0,35,1300.0,Toyota,Yaris,Sedan AERO CVT 1.3,1,15.444751293772967
Lahore,2019,Petrol,Automatic,3870000.0000000005,65000,1300.0,Honda,City,5th (GM2) Generation 1.3 i-VTEC Prosmatec,7,15.168765323403864
Karachi,2016,Petrol,Automatic,2375000.0,84000,1300.0,Suzuki,Swift,DLX Automatic 1.3,10,14.680508416503422
Lahore,2025,Petrol,Automatic,5090000.0,8,1300.0,Toyota,Yaris,Sedan GLI CVT 1.3,1,15.44278858499034
Lahore,2013,Petrol,Manual,1725000.0,89652,1300.0,Suzuki,Liana,RXi,13,14.360738188157574
Karachi,2006,Petrol,Manual,1150000.0,190000,1300.0,Suzuki,Liana,RXi,20,13.955273369904273
Islamabad,2012,Petrol,Manual,2895000.0,95000,1300.0,Honda,City,5th (GM2) Generation Aspire 1.3 i-VTEC,14,14.878496014412317
Karachi,2019,Petrol,Automatic,3995000.0000000005,91000,1300.0,Toyota,Corolla,GLi Automatic 1.3 VVTi,7,15.200554387495371
Islamabad,2013,Petrol,Manual,3500000.0,83000,1300.0,Toyota,Corolla,GLi 1.3 VVTi,13,15.068273812173887
Karachi,2020,Petrol,Automatic,4550000.0,100000,1300.0,Toyota,Corolla,GLi Automatic 1.3 VVTi,6,15.330638010707329
Lahore,2007,Petrol,Manual,2000000.0,250000,1300.0,Honda,City,i-DSI,19,14.508658238524095
Karachi,2011,Petrol,Automatic,2400000.0,104000,1300.0,Honda,City,1.3 i-VTEC Prosmatec,15,14.690979711984754
Islamabad,2005,Petrol,Manual,1250000.0,10000,1300.0,Suzuki,Baleno,JXR,21,14.038654909278163
Lahore,2020,Petrol,Manual,3900000.0,65781,1300.0,Honda,City,5th (GM2) Generation 1.3 i-VTEC,6,15.176487367510099
Islamabad,2012,Petrol,Manual,2100000.0,86286,1300.0,Suzuki,Liana,RXi (CNG),14,14.557448378884015
Islamabad,2013,Petrol,Manual,2750000.0,243871,1300.0,Toyota,Corolla,GLi 1.3 VVTi,13,14.827111833279051
Islamabad,2021,Petrol,Automatic,4100000.0,67267,1300.0,Toyota,Yaris,Sedan ATIV CVT 1.3,5,15.226497775576945
Islamabad,2004,Petrol,Manual,1400000.0,200000,1300.0,Toyota,Corolla,XLi,22,14.151983508870947
Islamabad,2014,Petrol,Manual,3200000.0,230000,1300.0,Honda,City,5th (GM2) Generation 1.3 i-VTEC,12,14.978661680269907
Karachi,2008,Petrol,Automatic,2000000.0,160000,1300.0,Honda,City,i-DSI Vario,18,14.508658238524095
Lahore,2013,Petrol,Manual,2700000.0,192000,1300.0,Honda,City,5th (GM2) Generation 1.3 i-VTEC,13,14.80876270134486
Lahore,2005,Petrol,Manual,1425000.0,230000,1300.0,Suzuki,Baleno,JXL,21,14.169683073439028
Lahore,2019,Petrol,Manual,3995000.0000000005,98154,1300.0,Toyota,Corolla,XLi VVTi,7,15.200554387495371
Lahore,2021,Petrol,Automatic,4500000.0,27500,1300.0,Toyota,Yaris,Sedan ATIV CVT 1.3,5,15.319588176962746
Lahore,2025,Petrol,Automatic,5030000.0,7700,1300.0,Toyota,Yaris,Sedan GLI CVT 1.3,1,15.43093074088306
Lahore,2016,Petrol,Manual,3150000.0,92000,1300.0,Honda,City,5th (GM2) Generation 1.3 i-VTEC,10,14.962913328262083
Karachi,2021,Petrol,Automatic,4400000.0,20000,1300.0,Toyota,Yaris,Sedan ATIV CVT 1.3,5,15.29711532616119
Lahore,2018,Petrol,Manual,2590000.0,65000,1300.0,Suzuki,Swift,DLX 1.3 Navigation,8,14.767168819776032
Karachi,2016,Petrol,Automatic,3600000.0,85000,1300.0,Toyota,Corolla,GLi Automatic 1.3 VVTi,10,15.096444681204078
Islamabad,2015,Petrol,Manual,3070000.0,115000,1300.0,Honda,City,Aspire 1.3 i-VTEC,11,14.937188445296226
Lahore,2014,Petrol,Manual,2825000.0,100000,1300.0,Toyota,Corolla,XLi VVTi Limited Edition,12,14.854019276544916
Karachi,2018,Petrol,Manual,2350000.0,63000,1300.0,Suzuki,Swift,DLX 1.3 Navigation,8,14.669926311652166
Lahore,2005,Petrol,Manual,875000.0,51214,1300.0,Suzuki,Baleno,JXR,21,13.681980308196241
Lahore,2004,Petrol,Manual,1375000.0,69000,1300.0,Suzuki,Baleno,JXR,22,14.13396501635527
Lahore,2005,Petrol,Automatic,1889999.9999999998,150000,1300.0,Honda,City,i-DSI Vario,21,14.452087916136215
Karachi,2019,Petrol,Automatic,3950000.0,73000,1300.0,Toyota,Vitz,F Safety Edition III,7,15.18922639004183
Lahore,2022,Petrol,Automatic,2800000.0,58000,1300.0,Proton,Saga,1.3L Ace A/T,4,14.845130332288226
Lahore,2018,Petrol,Manual,3450000.0,132000,1300.0,Honda,City,1.3 i-VTEC,8,15.053885078862573
Karachi,2021,Petrol,Manual,3595000.0000000005,60000,1300.0,Honda,City,5th (GM2) Generation 1.3 i-VTEC,5,15.095054827301363
Karachi,2017,Petrol,Automatic,3829999.9999999995,160000,1300.0,Toyota,Corolla,GLi Automatic 1.3 VVTi,9,15.1583756222534
Lahore,2010,Petrol,Manual,2250000.0,115000,1300.0,Toyota,Corolla,GLi 1.3 VVTi,16,14.626441218624949
Lahore,2016,Petrol,Manual,3190000.0,78000,1300.0,Honda,City,1.3 i-VTEC,10,14.975531788240602
Islamabad,2012,Petrol,Manual,2580000.0,145000,1300.0,Toyota,Corolla,XLi VVTi Limited Edition,14,14.763300344494624
Karachi,2025,Petrol,Automatic,4975000.0,25,1300.0,Toyota,Yaris,Sedan GLI CVT 1.3,1,15.419936129579835
Lahore,2006,Petrol,Automatic,1850000.0,135000,1300.0,Nissan,Sunny,EX Saloon Automatic 1.3,20,14.430696737594902
Islamabad,2016,Petrol,Manual,3575000.0,156000,1300.0,Honda,City,5th (GM2) Generation 1.3 i-VTEC,10,15.089476013830486
Islamabad,2004,Petrol,Automatic,2175000.0,140000,1300.0,Toyota,Vitz,RS 1.3,22,14.59253968227493
Karachi,2016,Petrol,Manual,2080000.0,68000,1300.0,Suzuki,Swift,DLX 1.3,10,14.547878932446617
Lahore,2003,Petrol,Automatic,2350000.0,92000,1300.0,Honda,City,EXi S Automatic,23,14.669926311652166
Islamabad,2019,Petrol,Automatic,3290000.0,48600,1300.0,Suzuki,Swift,DLX Automatic 1.3 Navigation,7,15.006398426692876
Lahore,2020,Petrol,Automatic,2700000.0,60000,1300.0,Toyota,Yaris,Sedan ATIV CVT 1.3,6,14.80876270134486
Lahore,2005,Petrol,Manual,1325000.0,282000,1300.0,Mitsubishi,Lancer,GLX 1.3,21,14.096923772119156
Lahore,1993,Petrol,Manual,480000.0,100000,1300.0,Mitsubishi,Lancer,Evolution X,33,13.081543466215237
Karachi,2017,Petrol,Automatic,3775000.0,100000,1300.0,Toyota,Corolla,GLi Automatic 1.3 VVTi,9,15.143911205565889
Karachi,2024,Petrol,Automatic,4790000.0,16000,1300.0,Toyota,Yaris,Sedan GLI CVT 1.3,2,15.382041178155344
Karachi,2016,Petrol,Manual,2750000.0,104000,1300.0,Honda,City,5th (GM2) Generation 1.3 i-VTEC,10,14.827111833279051
Islamabad,2016,Petrol,Manual,3900000.0,150000,1300.0,Toyota,Corolla,GLi 1.3 VVTi,10,15.176487367510099
Karachi,2013,Petrol,Manual,2750000.0,86000,1300.0,Toyota,Corolla,XLi VVTi,13,14.827111833279051
Lahore,2004,Petrol,Manual,840000.0,50000,1300.0,Suzuki,Baleno,JXL,22,13.641158361294979
Islamabad,2005,Petrol,Manual,1639999.9999999998,119800,1300.0,Honda,City,i-DSI,21,14.310207409556293
Lahore,2004,Petrol,Manual,1600000.0,270000,1300.0,Honda,City,i-DSI,22,14.285514812209815
Karachi,2015,Petrol,Automatic,3750000.0,114000,1300.0,Toyota,Corolla,GLi Automatic 1.3 VVTi,11,15.137266664613225
Karachi,2025,Petrol,Automatic,5250000.0,3000,1300.0,Toyota,Yaris,Sedan GLI CVT 1.3,1,15.473738825043979
Islamabad,2014,Petrol,Manual,2720000.0,282000,1300.0,Toyota,Corolla,XLi VVTi,12,14.81614280591917
Lahore,2025,Petrol,Automatic,5150000.0,50,1300.0,Toyota,Yaris,Sedan GLI CVT 1.3,1,15.454507466814658
Islamabad,1994,LPG,Manual,280000.0,160000,1300.0,Hyundai,Tucson,,32,12.54254845357358
Karachi,2009,Petrol,Manual,2180000.0,105000,1300.0,Honda,City,5th (GM2) Generation 1.3 i-VTEC,17,14.594835893480763
Lahore,2008,Petrol,Manual,2215000.0,125525,1300.0,Honda,City,i-DSI,18,14.61076341292854
Karachi,2017,Petrol,Manual,2200000.0,99000,1300.0,Suzuki,Swift,DLX 1.3 Navigation,9,14.603968372873895
Islamabad,2007,Petrol,Automatic,2350000.0,210000,1300.0,Toyota,Passo,,19,14.669926311652166
Lahore,2006,Petrol,Manual,1635000.0000000002,270000,1300.0,Honda,City,i-DSI,20,14.3071539739341
Karachi,2021,Petrol,Manual,3350000.0,53000,1300.0,Toyota,Yaris,Sedan GLI MT 1.3,5,15.024471202308668
Karachi,2021,Petrol,Automatic,4090000.0,49000,1300.0,Honda,City,1.3 i-VTEC Prosmatec,5,15.224055772517731
Lahore,2017,Petrol,Automatic,3750000.0,80000,1300.0,Honda,City,5th (GM2) Generation 1.3 i-VTEC Prosmatec,9,15.137266664613225
Lahore,2015,Petrol,Automatic,3625000.0,63000,1300.0,Honda,City,5th (GM2) Generation Aspire Prosmatec 1.3 i-VTEC,11,15.103365122132944
Lahore,2009,Petrol,Manual,2495000.0,99000,1300.0,Honda,City,5th (GM2) Generation 1.3 i-VTEC,17,14.72979968796928
Lahore,2006,Petrol,Manual,3000000.0,51000,1300.0,Honda,City,i-DSI,20,14.914123179965662
Lahore,2006,Petrol,Manual,1295000.0,159000,1300.0,Suzuki,Liana,RXi,20,14.07402202531625
Karachi,2016,Petrol,Automatic,2300000.0,89000,1300.0,Suzuki,Swift,DLX Automatic 1.3,10,14.648420115681892
Lahore,2006,Petrol,Manual,1789999.9999999998,155000,1300.0,Honda,City,i-DSI,20,14.397726736475999
Lahore,2019,Petrol,Automatic,4495000.0,72000,1300.0,Toyota,Corolla,GLi Automatic 1.3 VVTi,7,15.318476448357243
Islamabad,2021,Petrol,Manual,2500000.0,75238,1300.0,Proton,Saga,1.3L Standard M/T,5,14.731801689838349
Lahore,2016,Petrol,Manual,3025000.0,155678,1300.0,Honda,City,1.3 i-VTEC,10,14.922421980025536
Lahore,2012,Petrol,Manual,2590000.0,200000,1300.0,Toyota,Corolla,GLi 1.3 VVTi,14,14.767168819776032
Lahore,1995,Petrol,Manual,625000.0,100000,1300.0,Suzuki,Margalla,GL,31,13.345508528717259
Lahore,2011,Petrol,Manual,2980000.0,118000,1300.0,Toyota,Corolla,XLi VVTi Ecotec,15,14.907434194052001
Karachi,2018,Petrol,Manual,2225000.0,69000,1300.0,Suzuki,Swift,DLX 1.3 Navigation,8,14.615267923020578
Lahore,2017,Petrol,Manual,3600000.0,64000,1300.0,Honda,City,1.3 i-VTEC,9,15.096444681204078
Islamabad,2008,Petrol,Manual,2450000.0,151000,1300.0,Honda,City,i-DSI,18,14.711598990684092
Islamabad,2009,Petrol,Manual,2670000.0,270000,1300.0,Toyota,Corolla,,17,14.797589404908198
Karachi,2016,Petrol,Manual,4000000.0,103000,1300.0,Toyota,Corolla,GLi 1.3 VVTi,10,15.201805169084134
Karachi,2010,Petrol,Manual,1330000.0,135000,1300.0,Suzuki,Liana,RXi,16,14.100690252077353
Lahore,2006,Petrol,Manual,1150000.0,190000,1300.0,Suzuki,Liana,LXi Sport,20,13.955273369904273
Lahore,2012,Petrol,Manual,2250000.0,116000,1300.0,Suzuki,Swift,DLX 1.3,14,14.626441218624949
Islamabad,2019,Petrol,Automatic,4500000.0,70000,1300.0,Toyota,Corolla,GLi Automatic 1.3 VVTi,7,15.319588176962746
Islamabad,2000,Petrol,Manual,750000.0,123455,1300.0,Honda,City,EXi,26,13.527829818844937
Islamabad,2007,Petrol,Automatic,1850000.0,10000,1300.0,Daihatsu,Sirion,,19,14.430696737594902
Karachi,2019,Petrol,Automatic,4500000.0,72500,1300.0,Toyota,Corolla,GLi Automatic 1.3 VVTi,7,15.319588176962746
Lahore,1998,Petrol,Manual,819999.9999999999,1232,1300.0,Honda,City,EXi,28,13.617060838751888
Lahore,2016,Petrol,Manual,3075000.0,160000,1300.0,Honda,City,5th (GM2) Generation 1.3 i-VTEC,10,14.938815784425955
Islamabad,2001,Petrol,Manual,1180000.0,150000,1300.0,Honda,City,EXi S,25,13.981025843899115
Lahore,2011,Petrol,Manual,2750000.0,139000,1300.0,Honda,City,i-VTEC,15,14.827111833279051
Islamabad,2008,Petrol,Manual,2000000.0,282000,1300.0,Toyota,Corolla,XLi VVTi,18,14.508658238524095
Lahore,2006,Petrol,Manual,1455000.0,200000,1300.0,Mitsubishi,Lancer,GLX 1.3,20,14.190517145872716
Karachi,2014,Petrol,Manual,2800000.0,73500,1300.0,Honda,City,5th (GM2) Generation 1.3 i-VTEC,12,14.845130332288226
Islamabad,2018,Petrol,Automatic,3695000.0000000005,133000,1300.0,Honda,City,5th (GM2) Generation 1.3 i-VTEC Prosmatec,8,15.122491383000398
Lahore,2007,Petrol,Manual,2000000.0,240,1300.0,Honda,City,i-DSI,19,14.508658238524095
Lahore,2002,Petrol,Manual,1300000.0,200000,1300.0,Honda,City,EXi,24,14.077875591662238
Islamabad,2015,Petrol,Manual,3579999.9999999995,110000,1300.0,Toyota,Corolla,XLi VVTi,11,15.090873637706453
Karachi,2020,Petrol,Manual,1655000.0,99000,1300.0,FAW,V2,VCT-i,6,14.319312171022725
Islamabad,2017,Petrol,Manual,2795000.0,44000,1300.0,Suzuki,Swift,DLX 1.3 Navigation,9,14.843343022353025
Lahore,2023,Petrol,Automatic,4885000.0,85000,1300.0,Toyota,Yaris,Sedan ATIV CVT 1.3,3,15.40168004816729
Islamabad,2020,Petrol,Automatic,2830000.0,79000,1300.0,Suzuki,Swift,DLX Automatic 1.3 Navigation,6,14.855787622976248
Lahore,2010,Petrol,Manual,2350000.0,235000,1300.0,Toyota,Corolla,XLi VVTi,16,14.669926311652166
Karachi,2018,Petrol,Manual,2450000.0,66000,1300.0,Suzuki,Swift,DLX 1.3 Navigation,8,14.711598990684092
Lahore,2013,Petrol,Manual,2770000.0,82900,1300.0,Honda,City,1.3 i-VTEC,13,14.834358239174286
Lahore,2008,Petrol,Manual,1975000.0,115000,1300.0,Honda,City,i-DSI,18,14.496079462646344
Lahore,2017,Petrol,Manual,3579999.9999999995,189324,1300.0,Toyota,Corolla,XLi VVTi,9,15.090873637706453
Lahore,2013,Petrol,Manual,1975000.0,126000,1300.0,Suzuki,Swift,DLX 1.3,13,14.496079462646344
Karachi,2014,Hybrid,Automatic,3100000.0,120000,1300.0,Honda,Insight,G,12,14.946912992035967
Lahore,2003,Petrol,Manual,1044999.9999999999,150000,1300.0,Honda,City,,23,13.85952840031839
Islamabad,2015,Petrol,Manual,3200000.0,175000,1300.0,Honda,City,5th (GM2) Generation Aspire 1.3 i-VTEC,11,14.978661680269907
Lahore,2004,Petrol,Automatic,1650000.0,282000,1300.0,Honda,City,i-DSI Vario,22,14.316286451937186
Lahore,2020,Petrol,Automatic,4500000.0,54000,1300.0,Toyota,Yaris,Sedan ATIV CVT 1.3,6,15.319588176962746
Karachi,2008,Petrol,Manual,1085000.0,108800,1300.0,Suzuki,Liana,RXi,18,13.897091466615258
Lahore,2006,Petrol,Manual,1125000.0,132745,1300.0,Suzuki,Liana,RXi,20,13.933294482509151
Lahore,1999,Petrol,Manual,1390000.0,282000,1300.0,Toyota,Corolla,8th (E110) Generation XE,27,14.144815024531075
Karachi,2025,Petrol,Automatic,5050000.0,50,1300.0,Toyota,Yaris,Sedan GLI CVT 1.3,1,15.434898999271326
Lahore,2013,Petrol,Manual,3250000.0,197000,1300.0,Toyota,Corolla,GLi 1.3 VVTi,13,14.99416586199818
Karachi,2020,Petrol,Automatic,2850000.0,47087,1300.0,Suzuki,Swift,DLX Automatic 1.3 Navigation,6,14.862829903121964
Karachi,2006,Petrol,Manual,1280000.0,140000,1300.0,Suzuki,Liana,,20,14.062371417145494
Karachi,2009,Petrol,Automatic,2370000.0,106000,1300.0,Honda,City,5th (GM2) Generation 1.3 i-VTEC Prosmatec,17,14.678400935052153
Islamabad,2008,Petrol,Manual,1870000.0,200000,1300.0,Mitsubishi,Lancer,GLX 1.3,18,14.441449523589984
Karachi,2004,Petrol,Automatic,1700000.0,200000,1300.0,Honda,City,i-DSI Vario,22,14.346139397261565
Karachi,2020,Petrol,Manual,2125000.0,26000,1300.0,FAW,V2,,6,14.56928283092878
Karachi,2002,Petrol,Manual,1150000.0,188000,1300.0,Suzuki,Baleno,GLi,24,13.955273369904273
Karachi,2018,Petrol,Manual,4200000.0,70000,1300.0,Toyota,Corolla,GLi 1.3 VVTi,8,15.250595321348806
Lahore,2012,Hybrid,Automatic,3100000.0,253820,1300.0,Honda,Fit,1.3 Hybrid 10th Anniversary,14,14.946912992035967
Lahore,2016,Petrol,Automatic,4600000.0,65000,1300.0,Toyota,Corolla,GLi Automatic 1.3 VVTi,10,15.341567078850604
Karachi,2016,Petrol,Manual,3400000.0,37000,1300.0,Honda,City,5th (GM2) Generation Aspire 1.3 i-VTEC,10,15.039286283703994
Islamabad,2020,Petrol,Automatic,4250000.0,42000,1300.0,Honda,City,1.3 i-VTEC Prosmatec,6,15.26242977619469
Karachi,2014,Petrol,Automatic,3000000.0,75000,1300.0,Honda,City,5th (GM2) Generation 1.3 i-VTEC Prosmatec,12,14.914123179965662
Karachi,1999,Petrol,Manual,1000000.0,70000,1300.0,Toyota,Corolla,GL,27,13.815511557963774
Islamabad,2013,Petrol,Manual,2200000.0,129000,1300.0,Suzuki,Swift,DLX 1.3,13,14.603968372873895
Lahore,2019,Petrol,Automatic,3750000.0,91000,1300.0,Honda,City,5th (GM2) Generation 1.3 i-VTEC Prosmatec,7,15.137266664613225
Lahore,2018,Petrol,Automatic,3825000.0,78000,1300.0,Honda,City,1.3 i-VTEC Prosmatec,8,15.157069286680647
Islamabad,2009,Petrol,Manual,2700000.0,98000,1300.0,Toyota,Corolla,GLi 1.3 VVTi,17,14.80876270134486
Islamabad,2014,Petrol,Manual,2990000.0,124000,1300.0,Honda,City,1.3 i-VTEC,12,14.910784279814974
Islamabad,2010,Petrol,Manual,2250000.0,100000,1300.0,Toyota,Corolla,XLi VVTi,16,14.626441218624949
Islamabad,2018,Petrol,Automatic,2695000.0,99000,1300.0,Suzuki,Swift,DLX Automatic 1.3 Navigation,8,14.80690913338268
Islamabad,2009,Petrol,Manual,2550000.0,120000,1300.0,Toyota,Corolla,XLi VVTi,17,14.751604309291395
Lahore,2019,Petrol,Manual,3550000.0,44150,1300.0,Honda,City,1.3 i-VTEC,7,15.0824584431417
Karachi,2025,Petrol,Automatic,5050000.0,40,1300.0,Toyota,Yaris,Sedan GLI CVT 1.3,1,15.434898999271326
Lahore,2025,Petrol,Automatic,5090000.0,15,1300.0,Toyota,Yaris,Sedan GLI CVT 1.3,1,15.44278858499034
Karachi,2025,Petrol,Automatic,5050000.0,50,1300.0,Toyota,Yaris,Sedan GLI CVT 1.3,1,15.434898999271326
Islamabad,2013,Petrol,Manual,1900000.0,95000,1300.0,Suzuki,Swift,DX 1.3,13,14.45736497045232
Karachi,2019,Petrol,Automatic,4700000.0,29474,1300.0,Toyota,Corolla,GLi Automatic 1.3 VVTi,7,15.363073279446223
Lahore,2014,Petrol,Manual,3150000.0,101500,1300.0,Toyota,Corolla,GLi 1.3 VVTi,12,14.962913328262083
Lahore,2013,Petrol,Manual,3550000.0,65000,1300.0,Toyota,Corolla,GLi 1.3 VVTi,13,15.0824584431417
Islamabad,2018,Petrol,Automatic,2800000.0,79744,1300.0,Suzuki,Swift,DLX Automatic 1.3 Navigation,8,14.845130332288226
Islamabad,2017,Petrol,Manual,3800000.0,160000,1300.0,Honda,City,5th (GM2) Generation 1.3 i-VTEC,9,15.150511887854474
Lahore,2007,Petrol,Manual,1780000.0,160000,1300.0,Honda,City,i-DSI,19,14.392124484065864
Karachi,2016,Petrol,Manual,3000000.0,40000,1300.0,Honda,City,5th (GM2) Generation 1.3 i-VTEC,10,14.914123179965662
Islamabad,2018,Petrol,Manual,4400000.0,280000,1300.0,Honda,City,5th (GM2) Generation 1.3 i-VTEC,8,15.29711532616119
Lahore,2009,Petrol,Manual,2200000.0,150000,1300.0,Toyota,Corolla,XLi VVTi,17,14.603968372873895
Karachi,2019,Petrol,Automatic,3650000.0,95000,1300.0,Honda,City,1.3 i-VTEC Prosmatec,7,15.11023799953124
Lahore,2016,Petrol,Manual,1450000.0,115000,1300.0,FAW,V2,VCT-i,10,14.187074804051692
Lahore,2017,Petrol,Automatic,3650000.0,108532,1300.0,Honda,City,5th (GM2) Generation 1.3 i-VTEC Prosmatec,9,15.11023799953124
Karachi,2020,Petrol,Automatic,4099000.0,44000,1300.0,Toyota,Yaris,Sedan ATIV CVT 1.3,6,15.226253843448387
Karachi,2006,Petrol,Automatic,1595000.0,157000,1300.0,Honda,City,i-DSI Vario,20,14.282384921160133
Lahore,2010,Petrol,Manual,2400000.0,234000,1300.0,Toyota,Corolla,GLi 1.3 VVTi,16,14.690979711984754
Lahore,2011,Petrol,Manual,2470000.0,145000,1300.0,Toyota,Corolla,GLi 1.3 VVTi,15,14.719729113462378
Karachi,2014,Petrol,Manual,2400000.0,197450,1300.0,Toyota,Corolla,GLi 1.3 VVTi,12,14.690979711984754
Lahore,2019,Petrol,Manual,3650000.0,126500,1300.0,Honda,City,5th (GM2) Generation 1.3 i-VTEC,7,15.11023799953124
Islamabad,2015,Petrol,Manual,3200000.0,150000,1300.0,Toyota,Corolla,XLi VVTi,11,14.978661680269907
Lahore,2017,Petrol,Automatic,3750000.0,230000,1300.0,Honda,City,Aspire Prosmatec 1.3 i-VTEC,9,15.137266664613225
Islamabad,2018,Petrol,Automatic,4650000.0,120000,1300.0,Toyota,Corolla,GLi Automatic 1.3 VVTi,8,15.35237799261728
Islamabad,2015,Petrol,Manual,3350000.0,145000,1300.0,Honda,City,5th (GM2) Generation 1.3 i-VTEC,11,15.024471202308668
Islamabad,2009,Petrol,Manual,3500000.0,60000,1300.0,Toyota,Corolla,GLi 1.3 VVTi,17,15.068273812173887
Lahore,2019,Petrol,Manual,3725000.0,50364,1300.0,Honda,City,1.3 i-VTEC,7,15.130577678252136
Islamabad,2023,Petrol,Automatic,4955000.0,66234,1300.0,Toyota,Yaris,Sedan ATIV CVT 1.3,3,15.415907927562552
Lahore,2021,Petrol,Automatic,4325000.0,48000,1300.0,Toyota,Yaris,Sedan ATIV CVT 1.3,5,15.279922929561963
Lahore,2017,Petrol,Automatic,4530000.0,89835,1300.0,Toyota,Corolla,GLi Automatic 1.3 VVTi,9,15.326232718209745
Lahore,2019,Petrol,Automatic,4245000.0,116500,1300.0,Toyota,Corolla,GLi Automatic 1.3 VVTi,7,15.261252613298817
Islamabad,2022,Petrol,Manual,4395000.0,22000,1300.0,Toyota,Yaris,Sedan GLI MT 1.3,4,15.295978316632674
Karachi,2018,Petrol,Automatic,3850000.0,75000,1300.0,Toyota,Corolla,XLi Automatic,8,15.163583966004193
Lahore,2019,Petrol,Automatic,4050000.0,75500,1300.0,Honda,City,1.3 i-VTEC Prosmatec,7,15.214227685996272
Islamabad,2025,Petrol,Automatic,5185000.0,20,1300.0,Toyota,Yaris,Sedan ATIV CVT 1.3,1,15.461280592509777
Islamabad,2014,Petrol,Manual,3275000.0,123004,1300.0,Honda,City,1.3 i-VTEC,12,15.001828732394953
Karachi,2009,Petrol,Manual,2175000.0,188000,1300.0,Toyota,Corolla,XLi VVTi,17,14.59253968227493
Lahore,2025,Petrol,Automatic,5100000.0,20,1300.0,Toyota,Yaris,Sedan ATIV CVT 1.3,1,15.444751293772967
Karachi,2018,Petrol,Automatic,3650000.0,95000,1300.0,Honda,City,5th (GM2) Generation 1.3 i-VTEC Prosmatec,8,15.11023799953124
Karachi,2018,Petrol,Manual,2550000.0,77000,1300.0,Suzuki,Swift,DLX 1.3,8,14.751604309291395
Islamabad,2017,Petrol,Automatic,3800000.0,101201,1300.0,Toyota,Corolla,GLi Automatic 1.3 VVTi,9,15.150511887854474
Islamabad,2008,Petrol,Manual,2800000.0,161000,1300.0,Toyota,Corolla,XLi VVTi,18,14.845130332288226
Lahore,2018,Petrol,Automatic,4900000.0,102000,1300.0,Toyota,Corolla,GLi Automatic 1.3 VVTi,8,15.404745967162468
Karachi,2014,Petrol,Manual,2650000.0,190000,1300.0,Honda,City,1.3 i-VTEC,12,14.790070575320824
Karachi,2006,Petrol,Manual,1150000.0,98000,1300.0,Suzuki,Liana,RXi,20,13.955273369904273
Lahore,2005,CNG,Manual,680000.0,100000,1323.0,KIA,Classic,LX,21,13.429849547739444
Islamabad,2006,Petrol,Automatic,2180000.0,151000,1300.0,Toyota,Vitz,F 1.3,20,14.594835893480763
Karachi,2021,Petrol,Automatic,4000000.0,67000,1300.0,Toyota,Vitz,F Safety Edition II,5,15.201805169084134
Lahore,2011,Petrol,Manual,1775000.0,140000,1300.0,Suzuki,Swift,DLX 1.3,15,14.389311544271775
Lahore,2006,Petrol,Manual,1950000.0,120000,1300.0,Honda,City,i-DSI,20,14.48334044336031
Lahore,2017,Petrol,Manual,2450000.0,82486,1300.0,Suzuki,Swift,DLX 1.3,9,14.711598990684092
Karachi,2020,Petrol,Manual,3000000.0,64539,1300.0,Suzuki,Swift,DLX 1.3 Navigation,6,14.914123179965662
Karachi,2008,Petrol,Manual,1485000.0,200000,1300.0,Suzuki,Swift,XG L Package 1.3,18,14.210926003619385
Lahore,2004,Petrol,Manual,1650000.0,282000,1300.0,Honda,City,,22,14.316286451937186
Karachi,2022,Petrol,Automatic,2800000.0,23199,1299.0,Proton,Saga,1.3L Standard A/T,4,14.845130332288226
Lahore,2013,Petrol,Manual,2850000.0,125000,1300.0,Honda,City,5th (GM2) Generation 1.3 i-VTEC,13,14.862829903121964
Lahore,2015,Petrol,Manual,3175000.0,112000,1300.0,Honda,City,5th (GM2) Generation 1.3 i-VTEC,11,14.97081850526951
Karachi,2015,Petrol,Automatic,3375000.0,147000,1300.0,Toyota,Corolla,GLi Automatic 1.3 VVTi,11,15.03190617858502
Lahore,2003,Petrol,Manual,1390000.0,80000,1300.0,Honda,City,i-DSI,23,14.144815024531075
Lahore,2023,Petrol,Manual,3095000.0,82000,1300.0,Honda,City,6th Generation,3,14.945298787202558
Karachi,2004,Petrol,Manual,1490000.0,282000,1300.0,Honda,City,i-DSI,22,14.214287349062356
Karachi,2019,Petrol,Automatic,2750000.0,75000,1300.0,Suzuki,Swift,DLX Automatic 1.3 Navigation,7,14.827111833279051
Lahore,2005,Petrol,Manual,1350000.0,100000,1300.0,Mitsubishi,Lancer,GLX 1.3,21,14.115615891155079
Lahore,2005,Petrol,Automatic,1900000.0,141000,1300.0,Honda,City,i-DSI Vario,21,14.45736497045232
Lahore,2018,Petrol,Manual,4100000.0,140000,1300.0,Toyota,Corolla,GLi 1.3 VVTi,8,15.226497775576945
Lahore,2007,Petrol,Manual,2450000.0,159000,1300.0,Toyota,Corolla,9th (E120) Generation XLi,19,14.711598990684092
Karachi,2005,Petrol,Automatic,1850000.0,121000,1300.0,Toyota,Passo,X 1.3,21,14.430696737594902
Islamabad,2011,Hybrid,Automatic,3500000.0,150000,1300.0,Honda,Insight,HDD Navi Special Edition,15,15.068273812173887
Islamabad,2016,Petrol,Automatic,4290000.0,99000,1300.0,Toyota,Corolla,GLi Automatic 1.3 VVTi,10,15.271797524004405
Karachi,2019,Petrol,Automatic,4275000.0,85000,1300.0,Toyota,Corolla,GLi Automatic 1.3 VVTi,7,15.268294894271099
Karachi,2016,Petrol,Automatic,3550000.0,89000,1300.0,Toyota,Corolla,GLi Automatic 1.3 VVTi,10,15.0824584431417
Islamabad,2005,Petrol,Automatic,1390000.0,193800,1300.0,Mitsubishi,Lancer,GLX Automatic 1.3,21,14.144815024531075
Lahore,2017,Petrol,Manual,3690000.0,72000,1300.0,Honda,City,Aspire 1.3 i-VTEC,9,15.121137287019383
Lahore,2018,Petrol,Manual,2950000.0,88000,1300.0,Suzuki,Swift,DLX 1.3 Navigation,8,14.897316067298997
Islamabad,2025,Petrol,Automatic,5200000.0,20,1300.0,Toyota,Yaris,Sedan GLI CVT 1.3,1,15.46416937585933
Lahore,2025,Petrol,Automatic,4980000.0,3150,1300.0,Toyota,Yaris,Sedan GLI CVT 1.3,1,15.42094064980403
Lahore,2019,Petrol,Manual,3620000.0000000005,170000,1300.0,Honda,City,5th (GM2) Generation 1.3 i-VTEC,7,15.10198486004501
Lahore,2017,Petrol,Manual,2550000.0,49100,1300.0,Suzuki,Swift,DLX 1.3,9,14.751604309291395
Islamabad,2006,Hybrid,Automatic,2600000.0,237593,1300.0,Honda,Civic,Reborn MXB (Hybrid),20,14.77102238760702
Karachi,2018,Petrol,Automatic,3300000.0,75000,1300.0,Honda,City,5th (GM2) Generation 1.3 i-VTEC Prosmatec,8,15.009433329466965
Islamabad,2004,Petrol,Automatic,1750000.0,250000,1300.0,Honda,City,i-DSI Vario,22,14.375126917328105
Lahore,2017,Petrol,Manual,3850000.0,121000,1300.0,Toyota,Corolla,GLi 1.3 VVTi,9,15.163583966004193
Lahore,2015,Petrol,Manual,3365000.0,74000,1300.0,Toyota,Corolla,GLi 1.3 VVTi,11,15.02893881823774
Karachi,2006,Petrol,Automatic,1750000.0,80000,1300.0,Honda,City,i-DSI Vario,20,14.375126917328105
Lahore,2020,Petrol,Manual,1800000.0,85417,1300.0,FAW,V2,VCT-i,6,14.403297778421795
Karachi,2017,Petrol,Manual,2900000.0,31000,1300.0,Suzuki,Swift,DLX 1.3,9,14.88022163978423
Lahore,2017,Petrol,Automatic,3479999.9999999995,81300,1300.0,Honda,City,5th (GM2) Generation 1.3 i-VTEC Prosmatec,9,15.062543139106937
Karachi,2005,Petrol,Automatic,2100000.0,100000,1300.0,Toyota,Vitz,RS 1.3,21,14.557448378884015
Lahore,2014,Petrol,Manual,2850000.0,127500,1300.0,Honda,City,5th (GM2) Generation 1.3 i-VTEC,12,14.862829903121964
Islamabad,2018,Petrol,Automatic,2875000.0,83500,1300.0,Suzuki,Swift,DLX Automatic 1.3 Navigation,8,14.871563580039615
Lahore,2016,Petrol,Automatic,4600000.0,96500,1300.0,Toyota,Corolla,GLi Automatic 1.3 VVTi,10,15.341567078850604
Karachi,2025,Petrol,Automatic,4990000.0,50,1300.0,Toyota,Yaris,Sedan GLI CVT 1.3,1,15.422946668128484
Karachi,2006,Petrol,Manual,1300000.0,179387,1300.0,Honda,City,i-DSI,20,14.077875591662238
Karachi,1997,Petrol,Manual,650000.0,282000,1300.0,Suzuki,Margalla,GL,29,13.384729180332174
Karachi,2005,Petrol,Manual,1650000.0,150000,1300.0,Honda,City,i-DSI,21,14.316286451937186
Lahore,2010,Petrol,Manual,2850000.0,102000,1300.0,Toyota,Corolla,GLi 1.3 VVTi,16,14.862829903121964
Karachi,2019,Petrol,Automatic,4380000.0,72000,1300.0,Toyota,Corolla,GLi Automatic 1.3 VVTi,7,15.292559510663105
Karachi,2019,Petrol,Automatic,3600000.0,39027,1300.0,Suzuki,Swift,DLX Automatic 1.3 Navigation,7,15.096444681204078
Islamabad,2020,Petrol,Manual,3950000.0,74000,1300.0,Honda,City,5th (GM2) Generation 1.3 i-VTEC,6,15.18922639004183
Lahore,2007,Petrol,Manual,1700000.0,180000,1300.0,Honda,City,i-DSI,19,14.346139397261565
Karachi,2015,Petrol,Automatic,2790000.0,62000,1300.0,Toyota,Corolla,GLi Automatic 1.3 VVTi,11,14.841552512220423
Karachi,2016,Petrol,Manual,3890000.0,50000,1300.0,Toyota,Corolla,GLi 1.3 VVTi,10,15.173919972664004
Karachi,2025,Petrol,Automatic,5050000.0,30,1300.0,Toyota,Yaris,Sedan GLI CVT 1.3,1,15.434898999271326
Lahore,2024,Petrol,Automatic,4715000.0,10000,1300.0,Toyota,Yaris,Sedan GLI CVT 1.3,2,15.36625968613875
Lahore,2023,Petrol,Automatic,4695000.0,35000,1300.0,Toyota,Yaris,Sedan ATIV CVT 1.3,3,15.362008883617023
Islamabad,2010,Petrol,Manual,1889999.9999999998,168000,1300.0,Suzuki,Swift,DLX 1.3,16,14.452087916136215
Karachi,2017,Petrol,Manual,3200000.0,100000,1300.0,Honda,City,5th (GM2) Generation 1.3 i-VTEC,9,14.978661680269907
Lahore,2025,Petrol,Automatic,5000000.0,25,1300.0,Toyota,Yaris,Sedan GLI CVT 1.3,1,15.424948670398354
Lahore,2015,Petrol,Manual,3775000.0,134000,1300.0,Toyota,Corolla,GLi 1.3 VVTi,11,15.143911205565889
Islamabad,2018,Petrol,Manual,3590000.0,139468,1300.0,Honda,City,1.3 i-VTEC,8,15.093663039015954
Karachi,2014,Petrol,Manual,2800000.0,87233,1300.0,Toyota,Corolla,GLi Limited Edition 1.3 VVTi,12,14.845130332288226
Lahore,2010,Petrol,Manual,2740000.0,167000,1300.0,Toyota,Corolla,XLi VVTi,16,14.82346884332769
Lahore,2006,Petrol,Manual,1825000.0,282000,1300.0,Honda,City,i-DSI,20,14.417091092943783
Islamabad,2014,Petrol,Manual,3225000.0,140000,1300.0,Honda,City,5th (GM2) Generation 1.3 i-VTEC,12,14.986443818289482
Karachi,2016,Petrol,Manual,3279999.9999999995,52000,1300.0,Toyota,Corolla,XLi VVTi,10,15.003354285238329
Karachi,2012,Petrol,Manual,2425000.0,98400,1300.0,Toyota,Corolla,XLi VVTi,14,14.70134249472477
Karachi,2023,Petrol,Automatic,4525000.0,17125,1300.0,Toyota,Yaris,Sedan GLI CVT 1.3,3,15.325128356110614
Karachi,2006,Petrol,Manual,2070000.0,107315,1300.0,Honda,City,i-DSI,20,14.543059648333223
Karachi,2011,Petrol,Manual,2095000.0,98221,1300.0,Toyota,Corolla,GLi 1.3 VVTi,15,14.55506458866523
Lahore,2020,Petrol,Manual,3850000.0,109000,1300.0,Honda,City,1.3 i-VTEC,6,15.163583966004193
Lahore,2015,Petrol,Manual,2950000.0,109712,1300.0,Honda,City,5th (GM2) Generation Aspire 1.3 i-VTEC,11,14.897316067298997
Karachi,2005,Petrol,Automatic,1850000.0,60258,1300.0,Honda,City,i-DSI Vario,21,14.430696737594902
Islamabad,2021,Petrol,Manual,4100000.0,42000,1300.0,Toyota,Yaris,Sedan GLI MT 1.3,5,15.226497775576945
Lahore,2017,Petrol,Manual,2575000.0,119000,1300.0,Suzuki,Swift,DLX 1.3 Navigation,9,14.761360480429413
Karachi,2009,Petrol,Manual,2200000.0,282000,1300.0,Toyota,Corolla,GLi 1.3 VVTi,17,14.603968372873895
Karachi,2014,Petrol,Manual,2850000.0,85000,1300.0,Honda,City,5th (GM2) Generation 1.3 i-VTEC,12,14.862829903121964
Islamabad,2001,Petrol,Manual,1400000.0,61000,1300.0,Honda,City,EXi,25,14.151983508870947
Islamabad,2015,Petrol,Manual,3150000.0,164000,1300.0,Honda,City,5th (GM2) Generation 1.3 i-VTEC,11,14.962913328262083
Karachi,2016,Petrol,Automatic,3825000.0,126000,1300.0,Toyota,Corolla,GLi Automatic 1.3 VVTi,10,15.157069286680647
Lahore,2019,Petrol,Automatic,4370000.0,71361,1300.0,Toyota,Corolla,XLi Automatic,7,15.2902737959047
Lahore,2006,Petrol,Automatic,1325000.0,282000,1300.0,Suzuki,Liana,,20,14.096923772119156
Karachi,2011,Petrol,Manual,1350000.0,130000,1300.0,Suzuki,Liana,RXi,15,14.115615891155079
Lahore,2007,Petrol,Manual,1680000.0,248889,1300.0,Honda,City,,19,14.33430494661736
Lahore,2015,Petrol,Manual,2200000.0,112000,1300.0,Suzuki,Swift,DLX 1.3,11,14.603968372873895
Lahore,2005,Petrol,Manual,1250000.0,180000,1300.0,Suzuki,Baleno,JXL,21,14.038654909278163
Lahore,2018,Petrol,Automatic,4300000.0,85000,1300.0,Toyota,Corolla,GLi Automatic 1.3 VVTi,8,15.274125813221904
Islamabad,2021,Petrol,Automatic,4285000.0,67000,1300.0,Honda,City,5th (GM2) Generation 1.3 i-VTEC Prosmatec,5,15.270631343386219
Karachi,2018,Petrol,Automatic,4350000.0,36780,1300.0,Toyota,Corolla,GLi Automatic 1.3 VVTi,8,15.285686632949897
Islamabad,2016,Petrol,Manual,3990000.0,165000,1300.0,Toyota,Corolla,GLi 1.3 VVTi,10,15.199302039492581
Lahore,2025,Petrol,Automatic,5075000.0,25,1300.0,Toyota,Yaris,Sedan GLI CVT 1.3,1,15.439837279936441
Lahore,2025,Petrol,Automatic,5100000.0,25,1300.0,Toyota,Yaris,Sedan GLI CVT 1.3,1,15.444751293772967
Lahore,2025,Petrol,Automatic,5150000.0,25,1300.0,Toyota,Yaris,Sedan GLI CVT 1.3,1,15.454507466814658
Karachi,2006,Petrol,Automatic,1950000.0,94781,1300.0,Honda,City,i-DSI Vario,20,14.48334044336031
Lahore,2019,Petrol,Automatic,4890000.0,39500,1300.0,Toyota,Corolla,GLi Automatic 1.3 VVTi,7,15.40270306595001
Karachi,2019,Petrol,Automatic,3985000.0,38000,1300.0,Toyota,Corolla,XLi Automatic,7,15.19804812114745
Islamabad,2014,Petrol,Manual,2550000.0,160,1300.0,Toyota,Corolla,XLi VVTi,12,14.751604309291395
Lahore,2006,Petrol,Manual,1720000.0,155000,1300.0,Honda,City,i-DSI,20,14.357835430184815
Lahore,2005,Petrol,Manual,1019999.9999999999,200000,1300.0,Suzuki,Baleno,JXR,21,13.83531416565213
Karachi,1994,CNG,Manual,400000.0,100852,1300.0,Suzuki,Margalla,,32,12.899222326086994
Islamabad,2005,Petrol,Manual,2080000.0,179000,1300.0,Toyota,Corolla,9th (E120) Generation GLi 1.3,21,14.547878932446617
Lahore,2016,Petrol,Manual,3250000.0,80000,1300.0,Honda,City,5th (GM2) Generation 1.3 i-VTEC,10,14.99416586199818
Islamabad,2011,Petrol,Manual,2598000.0,149000,1300.0,Honda,City,5th (GM2) Generation 1.3 i-VTEC,15,14.770252861124078
Lahore,2012,Petrol,Manual,2275000.0,198000,1300.0,Toyota,Corolla,XLi VVTi,14,14.637491049927531
Lahore,2024,Petrol,Automatic,5150000.0,14670,1300.0,Toyota,Yaris,Sedan ATIV CVT 1.3,2,15.454507466814658
Lahore,2012,Petrol,Manual,2275000.0,65000,1300.0,Suzuki,Swift,DLX 1.3,14,14.637491049927531
Lahore,2020,Petrol,Manual,3820000.0000000005,73000,1300.0,Honda,City,1.3 i-VTEC,6,15.155761242362829
Lahore,2010,Petrol,Manual,2300000.0,129000,1300.0,Toyota,Corolla,GLi 1.3 VVTi,16,14.648420115681892
Lahore,2018,Petrol,Manual,3900000.0,34000,1300.0,Honda,City,1.3 i-VTEC,8,15.176487367510099
Karachi,2022,Petrol,Manual,4000000.0,31000,1300.0,Toyota,Yaris,Sedan ATIV MT 1.3,4,15.201805169084134
Islamabad,2006,Petrol,Manual,2050000.0,197589,1300.0,Toyota,Corolla,9th (E120) Generation XLi,20,14.53335083891935
Karachi,2019,Petrol,Manual,3400000.0,93000,1300.0,Honda,City,5th (GM2) Generation 1.3 i-VTEC,7,15.039286283703994
Karachi,2003,Petrol,Manual,1500000.0,100000,1300.0,Toyota,Corolla,XLi,23,14.220976332738882
Karachi,2011,Petrol,Manual,2730000.0,96000,1300.0,Toyota,Corolla,GLi 1.3 VVTi,15,14.819812533461441
Lahore,2007,Petrol,Manual,1870000.0,282000,1300.0,Toyota,Corolla,9th (E120) Generation XLi,19,14.441449523589984
Islamabad,2022,Petrol,Automatic,3040000.0,48100,1299.0,Proton,Saga,1.3L Ace A/T,4,14.92736840232972
Karachi,2019,Petrol,Automatic,3775000.0,38000,1300.0,Honda,City,5th (GM2) Generation 1.3 i-VTEC Prosmatec,7,15.143911205565889
Islamabad,2010,Petrol,Manual,2700000.0,173884,1300.0,Honda,City,5th (GM2) Generation i-VTEC,16,14.80876270134486
Lahore,2020,Petrol,Automatic,4050000.0,80400,1300.0,Honda,City,1.3 i-VTEC Prosmatec,6,15.214227685996272
Karachi,2017,Petrol,Automatic,2850000.0,75500,1300.0,Suzuki,Swift,DLX Automatic 1.3 Navigation,9,14.862829903121964
Lahore,2018,Petrol,Automatic,3675000.0,86159,1300.0,Honda,City,5th (GM2) Generation 1.3 i-VTEC Prosmatec,8,15.11706396273788
Karachi,2019,Petrol,Automatic,4350000.0,88000,1300.0,Toyota,Corolla,GLi Automatic 1.3 VVTi,7,15.285686632949897
Karachi,2024,Petrol,Automatic,4875000.0,27000,1300.0,Toyota,Yaris,Sedan ATIV CVT 1.3,2,15.39963086754227
Karachi,2025,Petrol,Automatic,5050000.0,2400,1300.0,Toyota,Yaris,Sedan GLI CVT 1.3,1,15.434898999271326
Islamabad,2013,Petrol,Manual,2450000.0,121000,1300.0,Suzuki,Swift,DLX 1.3,13,14.711598990684092
Islamabad,2021,Petrol,Automatic,4100000.0,58000,1300.0,Honda,City,1.3 i-VTEC Prosmatec,5,15.226497775576945
Islamabad,2020,Petrol,Manual,3825000.0,99000,1300.0,Honda,City,5th (GM2) Generation 1.3 i-VTEC,6,15.157069286680647
Lahore,2017,Petrol,Manual,4200000.0,100300,1300.0,Toyota,Corolla,GLi 1.3 VVTi,9,15.250595321348806
Islamabad,2021,Petrol,Automatic,4275000.0,70000,1300.0,Honda,City,5th (GM2) Generation 1.3 i-VTEC Prosmatec,5,15.268294894271099
Karachi,2009,Petrol,Manual,2150000.0,225000,1300.0,Toyota,Corolla,GLi 1.3 VVTi,17,14.580978865220017
Lahore,2013,Petrol,Automatic,3379999.9999999995,131000,1300.0,Honda,City,5th (GM2) Generation 1.3 i-VTEC Prosmatec,13,15.033386563317146
Islamabad,2004,Petrol,Manual,1620000.0,280000,1300.0,Mitsubishi,Lancer,GLX 1.3,22,14.297937324492327
Karachi,2017,Petrol,Automatic,2799000.0,97000,1300.0,Suzuki,Swift,DLX Automatic 1.3 Navigation,9,14.844773125767981
Lahore,2020,Petrol,Automatic,4245000.0,80000,1300.0,Toyota,Yaris,Sedan GLI CVT 1.3,6,15.261252613298817
Islamabad,2020,Petrol,Automatic,4150000.0,77000,1300.0,Honda,City,5th (GM2) Generation 1.3 i-VTEC Prosmatec,6,15.238619133170708
Karachi,2005,Petrol,Manual,1650000.0,10000,1300.0,Honda,City,i-DSI,21,14.316286451937186
Karachi,2004,Petrol,Automatic,1530000.0,50,1300.0,Honda,City,i-DSI Vario,22,14.240778946963175
Islamabad,1991,Petrol,Manual,819999.9999999999,200000,1300.0,Nissan,Sunny,,35,13.617060838751888
Lahore,2013,Petrol,Manual,2490000.0,178000,1300.0,Toyota,Corolla,XLi VVTi,13,14.727793670047236
Lahore,2013,Petrol,Manual,1964999.9999999998,92000,1300.0,Suzuki,Swift,DX 1.3,13,14.491003312191221
Karachi,2019,Petrol,Manual,2600000.0,92045,1300.0,Suzuki,Swift,DLX 1.3 Navigation,7,14.77102238760702
Lahore,2018,Petrol,Manual,2975000.0,88000,1300.0,Suzuki,Swift,DLX 1.3 Navigation,8,14.905754933096265
Karachi,2000,Petrol,Manual,700000.0,100000,1300.0,Suzuki,Baleno,GL,26,13.45883704259595
Lahore,2007,Petrol,Manual,1835000.0000000002,282000,1300.0,Honda,City,i-DSI,19,14.422555584429787
Islamabad,2015,Petrol,Automatic,3650000.0,164000,1300.0,Toyota,Corolla,GLi Automatic 1.3 VVTi,11,15.11023799953124
Lahore,2019,Petrol,Automatic,4150000.0,65588,1300.0,Honda,City,5th (GM2) Generation 1.3 i-VTEC Prosmatec,7,15.238619133170708
Lahore,1992,Petrol,Manual,640000.0,250000,1300.0,Mitsubishi,Lancer,,34,13.369225017834633
Islamabad,2004,Petrol,Automatic,1610000.0000000002,282000,1300.0,Honda,City,i-DSI Vario,22,14.291745358078465
Karachi,2007,Petrol,Manual,880000.0000000001,100000,1300.0,Suzuki,Liana,RXi,19,13.68767832281738
Lahore,2011,Petrol,Manual,2850000.0,131000,1300.0,Toyota,Corolla,GLi 1.3 VVTi,15,14.862829903121964
Islamabad,2010,Petrol,Manual,2690000.0,170550,1300.0,Toyota,Corolla,GLi 1.3 VVTi,16,14.805052123325165
Karachi,2007,Petrol,Manual,1680000.0,213000,1300.0,Honda,City,i-DSI,19,14.33430494661736
Lahore,1996,Petrol,Manual,1550000.0,123000,1300.0,Toyota,Corolla,8th (E110) Generation,30,14.253766134056512
Lahore,2017,Petrol,Manual,4550000.0,85000,1300.0,Toyota,Corolla,GLi 1.3 VVTi,9,15.330638010707329
Lahore,2017,Petrol,Manual,3850000.0,113000,1300.0,Toyota,Corolla,GLi 1.3 VVTi,9,15.163583966004193
Islamabad,1985,Petrol,Manual,1900000.0,282000,1300.0,Toyota,Corolla,DX,41,14.45736497045232
Karachi,2008,Petrol,Manual,2340000.0,271000,1300.0,Toyota,Corolla,XLi VVTi,18,14.66566191468422
Islamabad,2012,Petrol,Manual,2000000.0,186000,1300.0,Suzuki,Swift,DLX 1.3,14,14.508658238524095
Karachi,2016,Petrol,Automatic,3100000.0,58000,1300.0,Honda,City,1.3 i-VTEC Prosmatec,10,14.946912992035967
Lahore,2021,Petrol,Automatic,4325000.0,43000,1300.0,Toyota,Yaris,Sedan ATIV CVT 1.3,5,15.279922929561963
Lahore,2016,Petrol,Automatic,3825000.0,110,1300.0,Toyota,Corolla,GLi Automatic 1.3 VVTi,10,15.157069286680647
Karachi,2019,Petrol,Manual,3500000.0,112300,1300.0,Honda,City,1.3 i-VTEC,7,15.068273812173887
Lahore,2019,Petrol,Automatic,4850000.0,46000,1300.0,Toyota,Corolla,GLi Automatic 1.3 VVTi,7,15.394489469099211
Karachi,2024,Petrol,Automatic,4825000.0,25000,1300.0,Toyota,Yaris,Sedan ATIV CVT 1.3,2,15.389321500009087
Karachi,2018,Petrol,Automatic,3900000.0,50465,1300.0,Honda,City,1.3 i-VTEC Prosmatec,8,15.176487367510099
Lahore,2011,Petrol,Manual,1950000.0,115000,1300.0,Suzuki,Swift,DX 1.3,15,14.48334044336031
Islamabad,2010,Petrol,Manual,4450000.0,11000,1300.0,Toyota,Corolla,GLi 1.3 VVTi,16,15.308414878861498
Islamabad,2005,Petrol,Manual,1200000.0,100000,1300.0,Suzuki,Baleno,JXR,21,13.997832948091215
Karachi,2018,Petrol,Automatic,2700000.0,95566,1300.0,Suzuki,Swift,DLX Automatic 1.3 Navigation,8,14.80876270134486
Lahore,2016,Petrol,Manual,3300000.0,90000,1300.0,Honda,City,1.3 i-VTEC,10,15.009433329466965
Islamabad,2001,Petrol,Manual,390000.0,100000,1323.0,KIA,Classic,LX,25,12.873904582205107
Lahore,2006,Petrol,Manual,2395000.0,100000,1300.0,Honda,City,i-DSI,20,14.6888942063636
Karachi,2005,Petrol,Manual,1600000.0,157644,1300.0,Honda,City,i-DSI,21,14.285514812209815
Karachi,2016,Petrol,Automatic,3679999.9999999995,34040,1300.0,Honda,City,5th (GM2) Generation 1.3 i-VTEC Prosmatec,10,15.118423581884207
Islamabad,2021,Petrol,Automatic,3145000.0,80000,1300.0,Suzuki,Swift,DLX Automatic 1.3 Navigation,5,14.96132476608165
Karachi,1982,Petrol,Manual,480000.0,282000,1300.0,Toyota,Corolla,GL,44,13.081543466215237
Islamabad,2011,Petrol,Manual,2500000.0,185000,1300.0,Toyota,Corolla,XLi VVTi,15,14.731801689838349
Karachi,2016,Petrol,Automatic,3350000.0,156000,1300.0,Toyota,Corolla,GLi Automatic 1.3 VVTi,10,15.024471202308668
Islamabad,2018,Petrol,Manual,3750000.0,80000,1300.0,Honda,City,5th (GM2) Generation 1.3 i-VTEC,8,15.137266664613225
Islamabad,2019,Petrol,Automatic,4625000.0,108000,1300.0,Toyota,Corolla,GLi Automatic 1.3 VVTi,7,15.346987145144855
Karachi,2019,Petrol,Automatic,2225000.0,81840,1300.0,Suzuki,Swift,DLX Automatic 1.3 Navigation,7,14.615267923020578
Islamabad,2019,Petrol,Automatic,4025000.0,68000,1300.0,Honda,City,5th (GM2) Generation 1.3 i-VTEC Prosmatec,7,15.208035717281975
Islamabad,2014,Petrol,Manual,3030000.0,123000,1300.0,Honda,City,5th (GM2) Generation 1.3 i-VTEC,12,14.9240735075185
Karachi,2006,Petrol,Manual,1450000.0,98000,1300.0,Mitsubishi,Lancer,GLX 1.3,20,14.187074804051692
Islamabad,2015,Petrol,Manual,3850000.0,69000,1300.0,Toyota,Corolla,XLi VVTi,11,15.163583966004193
Karachi,2015,Petrol,Manual,1850000.0,174000,1300.0,Suzuki,Swift,DLX 1.3,11,14.430696737594902
Lahore,2015,Petrol,Manual,3250000.0,161880,1300.0,Toyota,Corolla,GLi 1.3 VVTi,11,14.99416586199818
Islamabad,2016,Petrol,Manual,3625000.0,165000,1300.0,Toyota,Corolla,XLi VVTi,10,15.103365122132944
Karachi,1999,Petrol,Manual,950000.0,130000,1300.0,Honda,City,EXi,27,13.76421831620775
Karachi,1997,Petrol,Manual,1450000.0,65000,1300.0,Toyota,Corolla,8th (E110) Generation GL,29,14.187074804051692
Lahore,2025,Petrol,Automatic,5096000.0,10,1300.0,Toyota,Yaris,Sedan GLI CVT 1.3,1,15.443966672466455
Lahore,2007,Petrol,Manual,1050000.0,155000,1300.0,Suzuki,Liana,RXi,19,13.864301674514206
Islamabad,2020,Petrol,Automatic,5050000.0,83000,1300.0,Toyota,Corolla,GLi Automatic 1.3 VVTi,6,15.434898999271326
Islamabad,2007,Hybrid,Automatic,2850000.0,173000,1300.0,Honda,Civic,Reborn MXB (Hybrid),19,14.862829903121964
Islamabad,2010,Petrol,Manual,2850000.0,213000,1300.0,Toyota,Corolla,GLi 1.3 VVTi,16,14.862829903121964
Lahore,2017,Petrol,Manual,3990000.0,237000,1300.0,Toyota,Corolla,GLi 1.3 VVTi,9,15.199302039492581
Islamabad,2014,Petrol,Manual,4050000.0,70000,1300.0,Toyota,Corolla,GLi Limited Edition 1.3 VVTi,12,15.214227685996272
Islamabad,2016,Petrol,Manual,3400000.0,101000,1300.0,Honda,City,Aspire 1.3 i-VTEC,10,15.039286283703994
Karachi,2018,Petrol,Automatic,6000000.0,78000,1300.0,Audi,A3,,8,15.607270193858982
Islamabad,2016,Petrol,Automatic,2400000.0,158000,1300.0,Suzuki,Swift,DLX Automatic 1.3,10,14.690979711984754
Karachi,2021,Petrol,Manual,3700000.0,26000,1300.0,Honda,City,5th (GM2) Generation 1.3 i-VTEC,5,15.123843647884687
Lahore,2014,Petrol,Manual,2970000.0,91307,1300.0,Honda,City,1.3 i-VTEC,12,14.904072847479162
Islamabad,2016,Petrol,Manual,3050000.0,138200,1300.0,Honda,City,5th (GM2) Generation 1.3 i-VTEC,10,14.930652476452392
Lahore,2015,Petrol,Manual,3160000.0,115000,1300.0,Honda,City,5th (GM2) Generation Aspire 1.3 i-VTEC,11,14.96608290201874
Karachi,2017,Petrol,Automatic,3850000.0,80000,1300.0,Toyota,Corolla,GLi Automatic 1.3 VVTi,9,15.163583966004193
Islamabad,2009,Petrol,Manual,2700000.0,95000,1300.0,Honda,City,5th (GM2) Generation i-VTEC,17,14.80876270134486
Lahore,2013,Petrol,Manual,2850000.0,214000,1300.0,Toyota,Corolla,GLi 1.3 VVTi,13,14.862829903121964
Karachi,2018,Petrol,Manual,4285000.0,60000,1300.0,Toyota,Corolla,GLi 1.3 VVTi,8,15.270631343386219
Islamabad,2021,Petrol,Automatic,4550000.0,37885,1300.0,Toyota,Yaris,Sedan ATIV CVT 1.3,5,15.330638010707329
Karachi,2010,Petrol,Manual,2625000.0,99000,1300.0,Toyota,Corolla,XLi VVTi,16,14.78059183496017
Islamabad,2010,Petrol,Manual,2200000.0,250000,1300.0,Toyota,Corolla,XLi VVTi,16,14.603968372873895
Lahore,2007,Petrol,Automatic,2080000.0,200000,1300.0,Honda,City,i-DSI Vario,19,14.547878932446617
Islamabad,2005,Petrol,Manual,1689999.9999999998,200000,1300.0,Toyota,Corolla,XLi,21,14.340239678615058
Lahore,2019,Petrol,Manual,4950000.0,43000,1300.0,Toyota,Corolla,GLi 1.3 VVTi Special Edition,7,15.414898336565054
Lahore,2022,Petrol,Automatic,2995000.0,31000,1299.0,Proton,Saga,1.3L Ace A/T,4,14.912455123421447
Lahore,2013,Petrol,Manual,2580000.0,250000,1300.0,Toyota,Corolla,XLi VVTi,13,14.763300344494624
Karachi,2013,Petrol,Automatic,2950000.0,93000,1300.0,Honda,City,5th (GM2) Generation Aspire Prosmatec 1.3 i-VTEC,13,14.897316067298997
Karachi,2006,Petrol,Manual,1590000.0,156000,1300.0,Mitsubishi,Lancer,GL,20,14.279245203127035
Lahore,2003,Petrol,Manual,1725000.0,100000,1300.0,Honda,City,,23,14.360738188157574
Lahore,2007,Petrol,Automatic,1850000.0,140000,1300.0,Honda,City,,19,14.430696737594902
Lahore,2005,Petrol,Manual,1400000.0,250000,1300.0,Suzuki,Baleno,JXR,21,14.151983508870947
Lahore,2016,Petrol,Automatic,3890000.0,84000,1300.0,Toyota,Corolla,GLi Automatic 1.3 VVTi,10,15.173919972664004
Lahore,2008,Hybrid,Automatic,2890000.0,200000,1300.0,Honda,Civic,Reborn MXST (Hybrid),18,14.876767406109316
Karachi,2018,Petrol,Automatic,3850000.0,75000,1300.0,Toyota,Vitz,F Safety Edition II,8,15.163583966004193
Lahore,2008,Petrol,Manual,1340000.0,140000,1300.0,Suzuki,Liana,RXi,18,14.108180918195472
Karachi,2012,Petrol,Manual,2500000.0,200000,1300.0,Toyota,Corolla,GLi 1.3 VVTi,14,14.731801689838349
Karachi,2014,Hybrid,Automatic,3350000.0,76151,1300.0,Honda,Fit,1.3 Hybrid Base Grade,12,15.024471202308668
Lahore,2019,Petrol,Manual,3320000.0000000005,109000,1300.0,Honda,City,1.3 i-VTEC,7,15.015475642097446
Islamabad,2007,Hybrid,Automatic,2550000.0,249000,1300.0,Honda,Civic,Reborn MXST (Hybrid),19,14.751604309291395
Karachi,1986,Petrol,Manual,2400000.0,30000,1300.0,Suzuki,Jimny,,40,14.690979711984754
Karachi,2020,Petrol,Automatic,3629999.9999999995,79000,1300.0,Honda,City,5th (GM2) Generation 1.3 i-VTEC Prosmatec,6,15.104743481723089
Lahore,2010,Petrol,Manual,1745000.0,123000,1300.0,Suzuki,Liana,RXi,16,14.372265686684402
Karachi,2007,Petrol,Manual,2300000.0,225000,1300.0,Toyota,Corolla,,19,14.648420115681892
Lahore,2022,Petrol,Automatic,4650000.0,38516,1300.0,Toyota,Yaris,Sedan ATIV CVT 1.3,4,15.35237799261728
Lahore,2014,Petrol,Automatic,2700000.0,150000,1300.0,Toyota,Vitz,,12,14.80876270134486
Islamabad,1996,Petrol,Manual,1350000.0,200000,1300.0,Toyota,Corolla,XE,30,14.115615891155079
Islamabad,2004,Petrol,Manual,1550000.0,170000,1300.0,Honda,City,i-DSI Vario,22,14.253766134056512
Islamabad,2010,Petrol,Manual,2350000.0,177000,1300.0,Honda,City,5th (GM2) Generation 1.3 i-VTEC,16,14.669926311652166
Lahore,2019,Petrol,Automatic,3650000.0,76000,1300.0,Honda,City,5th (GM2) Generation 1.3 i-VTEC Prosmatec,7,15.11023799953124
Karachi,2015,Petrol,Manual,1900000.0,105000,1300.0,Suzuki,Swift,DLX 1.3,11,14.45736497045232
Karachi,1980,Petrol,Manual,350000.0,100000,1300.0,Toyota,Corolla,,46,12.765691290604371
Lahore,2012,Petrol,Manual,2650000.0,86000,1300.0,Toyota,Corolla,GLi 1.3 VVTi,14,14.790070575320824
Lahore,2011,Petrol,Manual,3200000.0,181000,1300.0,Toyota,Corolla,XLi VVTi,15,14.978661680269907
Islamabad,2010,Petrol,Manual,2385000.0,167000,1300.0,Toyota,Corolla,GLi 1.3 VVTi,16,14.684710101591703
Islamabad,2015,Petrol,Manual,3300000.0,100000,1300.0,Honda,City,5th (GM2) Generation 1.3 i-VTEC,11,15.009433329466965
Islamabad,2015,Petrol,Manual,2990000.0,124000,1300.0,Honda,City,1.3 i-VTEC,11,14.910784279814974
Lahore,2019,Petrol,Automatic,3920000.0000000005,73000,1300.0,Honda,City,5th (GM2) Generation 1.3 i-VTEC Prosmatec,7,15.181602466868654
Lahore,2011,Petrol,Manual,2245000.0,150000,1300.0,Toyota,Corolla,XLi VVTi,15,14.624216524592692
Islamabad,2013,Petrol,Manual,2050000.0,198000,1300.0,Suzuki,Swift,DX 1.3,13,14.53335083891935
Islamabad,2014,Petrol,Manual,2350000.0,85000,1300.0,Suzuki,Swift,DLX 1.3,12,14.669926311652166
Islamabad,2015,Petrol,Automatic,3200000.0,16300,1300.0,Honda,City,1.3 i-VTEC Prosmatec,11,14.978661680269907
Lahore,2005,Petrol,Manual,1260000.0,100000,1300.0,Suzuki,Baleno,JXR,21,14.04662307257814
Lahore,1988,Petrol,Manual,700000.0,12,1300.0,Nissan,Sunny,,38,13.45883704259595
Islamabad,2009,Petrol,Manual,2400000.0,282000,1300.0,Honda,City,5th (GM2) Generation 1.3 i-VTEC,17,14.690979711984754
Islamabad,2007,Petrol,Automatic,2300000.0,120000,1300.0,Toyota,Vitz,RS 1.3,19,14.648420115681892
Lahore,2015,Petrol,Manual,3150000.0,91000,1300.0,Toyota,Corolla,XLi VVTi,11,14.962913328262083
Lahore,2020,Petrol,Manual,3850000.0,73100,1300.0,Honda,City,1.3 i-VTEC,6,15.163583966004193
Lahore,2017,Petrol,Automatic,4350000.0,152000,1300.0,Toyota,Corolla,GLi Automatic 1.3 VVTi,9,15.285686632949897
Karachi,2017,Petrol,Manual,3750000.0,77000,1300.0,Toyota,Corolla,GLi 1.3 VVTi,9,15.137266664613225
Islamabad,2006,Petrol,Manual,1889999.9999999998,250000,1300.0,Honda,City,i-DSI,20,14.452087916136215
Karachi,2019,Petrol,Automatic,3515000.0,81669,1300.0,Honda,City,1.3 i-VTEC Prosmatec,7,15.072550367721883
Islamabad,2016,Petrol,Manual,3625000.0,165000,1300.0,Toyota,Corolla,XLi VVTi,10,15.103365122132944
Islamabad,2008,Petrol,Manual,2470000.0,120000,1300.0,Mitsubishi,Lancer,GLX 1.3,18,14.719729113462378
Lahore,2014,Petrol,Manual,3200000.0,102000,1300.0,Toyota,Corolla,GLi 1.3 VVTi,12,14.978661680269907
Lahore,2002,Petrol,Manual,465000.00000000006,282000,1300.0,Honda,City,EXi,24,13.049794835104816
Karachi,1998,Petrol,Manual,625000.0,180000,1300.0,Honda,City,EXi,28,13.345508528717259
Karachi,2017,Petrol,Manual,3300000.0,105000,1300.0,Toyota,Corolla,XLi VVTi,9,15.009433329466965
Islamabad,2006,Petrol,Automatic,1900000.0,125000,1300.0,Toyota,Vitz,F 1.3,20,14.45736497045232
Islamabad,2018,Petrol,Manual,3700000.0,93000,1300.0,Honda,City,5th (GM2) Generation 1.3 i-VTEC,8,15.123843647884687
Karachi,2015,Petrol,Automatic,3450000.0,96789,1300.0,Toyota,Corolla,GLi Automatic 1.3 VVTi,11,15.053885078862573
Karachi,2011,Hybrid,Automatic,2650000.0,86789,1300.0,Honda,Fit,1.3 Hybrid XH Selection,15,14.790070575320824
Lahore,2017,Petrol,Manual,3275000.0,216000,1300.0,Honda,City,1.3 i-VTEC,9,15.001828732394953
Lahore,2021,Petrol,Automatic,4370000.0,88000,1300.0,Toyota,Yaris,Sedan ATIV CVT 1.3,5,15.2902737959047
Islamabad,2013,Petrol,Manual,3350000.0,70000,1300.0,Toyota,Corolla,XLi VVTi Limited Edition,13,15.024471202308668
Lahore,2019,Petrol,Automatic,2950000.0,110691,1300.0,Suzuki,Swift,DLX Automatic 1.3 Navigation,7,14.897316067298997
Islamabad,2015,Petrol,Automatic,3679000.0,107250,1300.0,Toyota,Vitz,,11,15.118151805899867
Lahore,2015,Petrol,Manual,2900000.0,180000,1300.0,Toyota,Corolla,GLi 1.3 VVTi,11,14.88022163978423
Lahore,2022,Petrol,Automatic,4850000.0,12251,1300.0,Toyota,Yaris,Sedan ATIV CVT 1.3,4,15.394489469099211
Islamabad,1995,Petrol,Manual,1500000.0,130000,1300.0,Toyota,Corolla,8th (E110) Generation GL,31,14.220976332738882
Karachi,2016,Petrol,Automatic,3279999.9999999995,88057,1300.0,Toyota,Corolla,GLi Automatic 1.3 VVTi,10,15.003354285238329
Islamabad,2021,Petrol,Manual,4500000.0,4500,1300.0,Honda,City,5th (GM2) Generation 1.3 i-VTEC,5,15.319588176962746
Lahore,2015,Petrol,Automatic,2550000.0,103000,1300.0,Suzuki,Swift,DLX Automatic 1.3,11,14.751604309291395
Islamabad,2011,Petrol,Manual,2550000.0,178124,1300.0,Toyota,Corolla,XLi VVTi Ecotec,15,14.751604309291395
Karachi,2013,Petrol,Automatic,2450000.0,88000,1300.0,Toyota,Passo,,13,14.711598990684092
Islamabad,2016,Petrol,Manual,3350000.0,95000,1300.0,Honda,City,1.3 i-VTEC,10,15.024471202308668
Karachi,2000,Petrol,Manual,1075000.0,180,1300.0,Honda,City,EXi,26,13.887832149776026
Islamabad,2019,Petrol,Automatic,3990000.0,164000,1300.0,Honda,City,5th (GM2) Generation 1.3 i-VTEC Prosmatec,7,15.199302039492581
Karachi,2015,Petrol,Automatic,3340000.0,90000,1300.0,Toyota,Corolla,GLi Automatic 1.3 VVTi,11,15.021481664354036
Lahore,2018,Petrol,Manual,3950000.0,120000,1300.0,Toyota,Corolla,XLi VVTi,8,15.18922639004183
Karachi,2014,Petrol,Automatic,3175000.0,88000,1300.0,Toyota,Corolla,GLi Automatic 1.3 VVTi,12,14.97081850526951
Lahore,2015,Petrol,Manual,3200000.0,91524,1300.0,Honda,City,5th (GM2) Generation 1.3 i-VTEC,11,14.978661680269907
Lahore,2016,Petrol,Automatic,3400000.0,102051,1300.0,Honda,City,5th (GM2) Generation Aspire Prosmatec 1.3 i-VTEC,10,15.039286283703994
Lahore,2012,Petrol,Manual,2775000.0,77600,1300.0,Honda,City,5th (GM2) Generation 1.3 i-VTEC,14,14.836161665522967
Karachi,2020,Petrol,Automatic,3850000.0,27533,1300.0,Honda,City,5th (GM2) Generation 1.3 i-VTEC Prosmatec,6,15.163583966004193
Karachi,2013,Petrol,Manual,2650000.0,162000,1300.0,Toyota,Corolla,GLi 1.3 VVTi,13,14.790070575320824
Islamabad,2010,Petrol,Manual,1980000.0,133000,1300.0,Suzuki,Swift,DLX 1.3,16,14.498607907721096
Islamabad,2013,Petrol,Manual,3075000.0,135723,1300.0,Honda,City,5th (GM2) Generation 1.3 i-VTEC,13,14.938815784425955
Islamabad,2013,Petrol,Manual,2275000.0,88000,1300.0,Suzuki,Swift,DLX 1.3,13,14.637491049927531
Karachi,2019,Petrol,Automatic,3650000.0,73000,1300.0,Honda,City,5th (GM2) Generation 1.3 i-VTEC Prosmatec,7,15.11023799953124
Islamabad,1995,Petrol,Manual,1500000.0,282000,1300.0,Toyota,Corolla,8th (E110) Generation GL,31,14.220976332738882
Islamabad,2021,Petrol,Manual,3875000.0,135000,1300.0,Toyota,Yaris,Sedan ATIV MT 1.3,5,15.170056478834066
Islamabad,2022,Petrol,Manual,3740000.0,65000,1300.0,Toyota,Yaris,Sedan GLI MT 1.3,4,15.134596436770359
Islamabad,2005,Petrol,Manual,2390000.0,165000,1300.0,Honda,City,i-DSI,21,14.686804342317648
Islamabad,2006,Petrol,Manual,2030000.0,20000,1300.0,Honda,City,i-DSI,20,14.523546843628687
Karachi,2015,Petrol,Manual,3000000.0,121386,1300.0,Toyota,Corolla,XLi VVTi,11,14.914123179965662
Lahore,1987,Petrol,Manual,450000.0,100000,1300.0,Nissan,Sunny,,39,13.017005083966255
Lahore,2001,Petrol,Manual,990000.0,150000,1300.0,Suzuki,Baleno,GLi,25,13.805461232211272
Lahore,2007,Petrol,Manual,1130000.0,17,1300.0,Suzuki,Liana,RXi,19,13.937729075643883
Islamabad,2018,Petrol,Manual,3900000.0,80000,1300.0,Toyota,Corolla,XLi VVTi,8,15.176487367510099
Islamabad,2014,Petrol,Automatic,3700000.0,162335,1300.0,Toyota,Corolla,GLi Automatic 1.3 VVTi,12,15.123843647884687
Islamabad,2008,Petrol,Manual,1196000.0,115000,1300.0,Suzuki,Liana,Eminent,18,13.994494049612767
Lahore,2015,Petrol,Manual,3450000.0,114000,1300.0,Honda,City,Aspire 1.3 i-VTEC,11,15.053885078862573
Karachi,2012,Petrol,Automatic,2050000.0,72700,1300.0,Suzuki,Swift,DLX Automatic 1.3,14,14.53335083891935
Islamabad,2016,Petrol,Automatic,3965000.0,149000,1300.0,Toyota,Corolla,GLi Automatic 1.3 VVTi,10,15.193016665257863
Karachi,2017,Petrol,Automatic,3675000.0,128000,1300.0,Toyota,Vitz,,9,15.11706396273788
Karachi,2013,Petrol,Manual,2300000.0,84500,1300.0,Suzuki,Swift,DLX 1.3,13,14.648420115681892
Karachi,1996,Petrol,Manual,550000.0,120000,1300.0,Suzuki,Margalla,GL,30,13.217675375388819
Lahore,2024,Petrol,Manual,4475000.0,51000,1300.0,Toyota,Yaris,Sedan GLI MT 1.3,2,15.314017133154755
Lahore,2019,Petrol,Manual,3875000.0,117000,1300.0,Toyota,Corolla,GLi 1.3 VVTi,7,15.170056478834066
Karachi,1998,Petrol,Manual,680000.0,180000,1300.0,Honda,City,EXi,28,13.429849547739444
Karachi,2020,Petrol,Automatic,4150000.0,50000,1300.0,Honda,City,5th (GM2) Generation 1.3 i-VTEC Prosmatec,6,15.238619133170708
Lahore,2007,Petrol,Manual,1250000.0,172569,1300.0,Suzuki,Liana,RXi,19,14.038654909278163
Karachi,2007,Hybrid,Automatic,2650000.0,71000,1300.0,Honda,Civic,MXST (Hybrid),19,14.790070575320824
Karachi,2012,Petrol,Manual,2520000.0,98000,1300.0,Toyota,Corolla,GLi 1.3 VVTi,14,14.739769856312924
Lahore,2005,Petrol,Manual,1875000.0,134000,1300.0,Honda,City,i-DSI,21,14.444119750719839
Islamabad,2019,Petrol,Automatic,4850000.0,62000,1300.0,Toyota,Corolla,GLi Automatic 1.3 VVTi,7,15.394489469099211
Islamabad,2018,Petrol,Manual,1350000.0,131337,1300.0,FAW,V2,VCT-i,8,14.115615891155079
Islamabad,2013,Petrol,Manual,2850000.0,130000,1300.0,Honda,City,5th (GM2) Generation 1.3 i-VTEC,13,14.862829903121964
Karachi,1995,Petrol,Manual,530000.0,99000,1300.0,Suzuki,Margalla,GL,31,13.180634172318978
Karachi,2008,Petrol,Automatic,2500000.0,65877,1300.0,Suzuki,Swift,XG 1.3,18,14.731801689838349
Lahore,2011,Petrol,Manual,1600000.0,240000,1300.0,Suzuki,Liana,RXi,15,14.285514812209815
Karachi,2015,Petrol,Automatic,3350000.0,83500,1300.0,Toyota,Corolla,GLi Automatic 1.3 VVTi,11,15.024471202308668
Lahore,2018,Petrol,Manual,3200000.0,76000,1300.0,Honda,City,1.3 i-VTEC,8,14.978661680269907
Islamabad,2012,Petrol,Manual,3600000.0,158000,1300.0,Toyota,Corolla,GLi 1.3 VVTi,14,15.096444681204078
Islamabad,2003,Petrol,Manual,1350000.0,150000,1300.0,Suzuki,Baleno,JXR,23,14.115615891155079
Karachi,2005,Petrol,Manual,800000.0,200000,1300.0,Suzuki,Baleno,JXR,21,13.592368256649284
Karachi,2014,Petrol,Manual,2980000.0,78000,1300.0,Honda,City,Aspire 1.3 i-VTEC,12,14.907434194052001
Lahore,2022,Petrol,Automatic,4725000.0,77000,1300.0,Toyota,Yaris,Sedan ATIV CVT 1.3,4,15.36837833055017
Karachi,2005,Petrol,Manual,1300000.0,176486,1300.0,Honda,City,i-DSI,21,14.077875591662238
Lahore,2010,Hybrid,Automatic,2695000.0,120000,1300.0,Honda,Insight,HDD Navi Special Edition,16,14.80690913338268
Islamabad,2015,Petrol,Manual,3450000.0,100000,1300.0,Toyota,Corolla,GLi 1.3 VVTi,11,15.053885078862573
Lahore,1998,Petrol,Manual,725000.0,160000,1300.0,Suzuki,Margalla,GL,28,13.493928313146206
Lahore,2011,Petrol,Manual,2790000.0,160000,1300.0,Toyota,Corolla,GLi 1.3 VVTi,15,14.841552512220423
Islamabad,2002,Petrol,Manual,1300000.0,150000,1300.0,Honda,City,EXi,24,14.077875591662238
Lahore,2016,Petrol,Automatic,4100000.0,85000,1300.0,Toyota,Corolla,GLi Automatic 1.3 VVTi,10,15.226497775576945
Islamabad,1996,Petrol,Manual,1400000.0,123456,1300.0,Toyota,Corolla,8th (E110) Generation XE,30,14.151983508870947
Islamabad,2020,Petrol,Manual,5250000.0,78300,1300.0,Toyota,Corolla,GLi 1.3 VVTi Special Edition,6,15.473738825043979
Lahore,2014,Petrol,Manual,3100000.0,170000,1300.0,Toyota,Corolla,XLi VVTi Limited Edition,12,14.946912992035967
Lahore,2020,Petrol,Manual,4400000.0,86000,1300.0,Toyota,Corolla,GLi 1.3 VVTi,6,15.29711532616119
Lahore,2020,Petrol,Manual,3940000.0,113300,1300.0,Toyota,Yaris,Sedan ATIV MT 1.3,6,15.186691535081192
Islamabad,1994,Petrol,Manual,1100000.0,99000,1300.0,Toyota,Corolla,8th (E110) Generation XE,32,13.910821646859095
Lahore,2017,Petrol,Manual,2350000.0,90000,1300.0,Suzuki,Swift,DLX 1.3 Navigation,9,14.669926311652166
Lahore,2007,Petrol,Manual,1175000.0,165000,1300.0,Suzuki,Liana,RXi,19,13.976779556623864
Islamabad,2006,Petrol,Manual,1380000.0,120000,1300.0,Suzuki,Liana,,20,14.137594781770806
Lahore,2004,Petrol,Manual,1400000.0,282000,1300.0,Honda,City,i-DSI,22,14.151983508870947
Lahore,2007,Petrol,Automatic,2000000.0,112000,1300.0,Toyota,Porte,,19,14.508658238524095
Karachi,2007,Petrol,Automatic,2375000.0,119000,1300.0,Toyota,Belta,G 1.3,19,14.680508416503422
Lahore,2004,Petrol,Automatic,1930000.0,185000,1300.0,Honda,City,i-DSI Vario,22,14.47303107901565
Lahore,2020,Petrol,Automatic,3999000.0,70000,1300.0,Toyota,Yaris,Sedan ATIV CVT 1.3,6,15.20155513789144
Lahore,2019,Petrol,Automatic,5600000.0,82000,1300.0,Toyota,Corolla,GLi Automatic 1.3 VVTi,7,15.53827733427679
Karachi,2011,Petrol,Manual,2300000.0,2000,1300.0,Toyota,Corolla,XLi VVTi,15,14.648420115681892
Islamabad,1998,Petrol,Manual,1100000.0,200000,1300.0,Honda,City,EXi,28,13.910821646859095
Lahore,2006,Petrol,Manual,2200000.0,90000,1300.0,Toyota,Corolla,9th (E120) Generation XLi,20,14.603968372873895
Karachi,2019,Petrol,Manual,3570000.0000000005,60900,1300.0,Honda,City,5th (GM2) Generation 1.3 i-VTEC,7,15.088076433867828
Karachi,2017,Petrol,Manual,3250000.0,140000,1300.0,Honda,City,5th (GM2) Generation 1.3 i-VTEC,9,14.99416586199818
Lahore,2017,Petrol,Manual,2485000.0,90000,1300.0,Suzuki,Swift,DLX 1.3 Navigation,9,14.725783619927272
Lahore,2009,Petrol,Manual,2400000.0,126000,1300.0,Honda,City,5th (GM2) Generation 1.3 i-VTEC,17,14.690979711984754
Islamabad,2007,Hybrid,Automatic,2650000.0,180000,1300.0,Honda,Civic,Reborn MX (Hybrid),19,14.790070575320824
Karachi,2013,Petrol,Manual,2395000.0,124000,1300.0,Toyota,Corolla,XLi VVTi,13,14.6888942063636
Karachi,2010,Petrol,Manual,2400000.0,70000,1300.0,Toyota,Corolla,GLi 1.3 VVTi,16,14.690979711984754
Lahore,2006,Petrol,Manual,1150000.0,220000,1300.0,Suzuki,Liana,RXi,20,13.955273369904273
Islamabad,1996,Petrol,Manual,1989000.0,100000,1300.0,Toyota,Corolla,8th (E110) Generation XE Limited,30,14.503143060601191
Islamabad,2010,Petrol,Manual,2390000.0,180000,1300.0,Toyota,Corolla,GLi 1.3 VVTi,16,14.686804342317648
Lahore,2022,Petrol,Automatic,2750000.0,35000,1299.0,Proton,Saga,1.3L Ace A/T,4,14.827111833279051
Karachi,2017,Petrol,Automatic,4150000.0,33000,1300.0,Toyota,Corolla,GLi Automatic 1.3 VVTi,9,15.238619133170708
Islamabad,2009,Petrol,Automatic,2350000.0,88000,1300.0,Toyota,Vitz,F 1.3,17,14.669926311652166
Lahore,1992,Petrol,Manual,1050000.0,15000,1300.0,Toyota,Corolla,,34,13.864301674514206
Islamabad,2006,Hybrid,Automatic,2730000.0,88000,1300.0,Honda,Civic,Reborn MXST (Hybrid),20,14.819812533461441
Lahore,2003,Petrol,Manual,1390000.0,10000,1300.0,Honda,City,i-DSI,23,14.144815024531075
Karachi,2017,Petrol,Automatic,3450000.0,66000,1300.0,Honda,City,5th (GM2) Generation 1.3 i-VTEC Prosmatec,9,15.053885078862573
Islamabad,2014,Petrol,Manual,3045000.0,110000,1300.0,Honda,City,5th (GM2) Generation 1.3 i-VTEC,12,14.929011787533305
Islamabad,2013,Petrol,Manual,2995000.0,110000,1300.0,Honda,City,5th (GM2) Generation 1.3 i-VTEC,13,14.912455123421447
Lahore,2012,Petrol,Manual,2750000.0,162592,1300.0,Toyota,Corolla,GLi 1.3 VVTi,14,14.827111833279051
Lahore,2018,Petrol,Automatic,4380000.0,90000,1300.0,Toyota,Corolla,GLi Automatic 1.3 VVTi,8,15.292559510663105
Karachi,1997,Petrol,Manual,700000.0,120000,1300.0,Honda,City,EXi,29,13.45883704259595
Islamabad,2017,Petrol,Manual,3279000.0,12345,1300.0,Toyota,Corolla,GLi 1.3 VVTi,9,15.003049360797766
Karachi,2004,Petrol,Manual,1485000.0,80000,1300.0,Honda,City,i-DSI,22,14.210926003619385
Lahore,1999,Petrol,Manual,1085000.0,125000,1300.0,Suzuki,Baleno,GLi,27,13.897091466615258
Karachi,2005,Petrol,Manual,1650000.0,227000,1300.0,Honda,City,i-DSI,21,14.316286451937186
Islamabad,2015,Petrol,Manual,3100000.0,127174,1300.0,Honda,City,5th (GM2) Generation 1.3 i-VTEC,11,14.946912992035967
Lahore,2016,Petrol,Manual,3000000.0,84000,1300.0,Suzuki,Swift,DLX 1.3,10,14.914123179965662
Islamabad,2006,Petrol,Manual,1860000.0000000002,136000,1300.0,Suzuki,Liana,RXi,20,14.436087583323648
Karachi,1999,Petrol,Automatic,1260000.0,12345,1300.0,Toyota,Platz,F 1.3,27,14.04662307257814
Lahore,2012,Petrol,Manual,2075000.0,120000,1300.0,Suzuki,Swift,DX 1.3,14,14.54547219357453
Lahore,2006,Petrol,Manual,2300000.0,103011,1300.0,Honda,City,i-DSI,20,14.648420115681892
Karachi,2017,Petrol,Automatic,3675000.0,97000,1300.0,Toyota,Corolla,GLi Automatic 1.3 VVTi,9,15.11706396273788
Islamabad,2010,Petrol,Manual,1250000.0,282000,1300.0,Suzuki,Liana,RXi,16,14.038654909278163
Karachi,2021,Petrol,Automatic,3200000.0,49917,1300.0,Suzuki,Swift,DLX Automatic 1.3 Navigation,5,14.978661680269907
Lahore,2017,Petrol,Automatic,4600000.0,85000,1300.0,Toyota,Corolla,GLi Automatic 1.3 VVTi,9,15.341567078850604
Karachi,2009,Petrol,Manual,2000000.0,86000,1300.0,Toyota,Corolla,XLi VVTi,17,14.508658238524095
Karachi,2013,Petrol,Automatic,2850000.0,95000,1300.0,Honda,City,5th (GM2) Generation 1.3 i-VTEC Prosmatec,13,14.862829903121964
Islamabad,2021,Petrol,Automatic,4300000.0,90000,1300.0,Toyota,Yaris,Sedan ATIV CVT 1.3,5,15.274125813221904
Lahore,2003,Petrol,Manual,1390000.0,8000,1300.0,Honda,City,i-DSI,23,14.144815024531075
Lahore,2016,Petrol,Automatic,3790000.0,163000,1300.0,Toyota,Corolla,GLi Automatic 1.3 VVTi,10,15.147876840910817
Islamabad,2025,Petrol,Manual,3900000.0,800,1300.0,Changan,Alsvin,1.3L MT Comfort,1,15.176487367510099
Karachi,2009,Petrol,Automatic,2350000.0,103000,1300.0,Toyota,Belta,X S Package 1.3,17,14.669926311652166
Karachi,2009,Petrol,Manual,1350000.0,92577,1300.0,Suzuki,Liana,RXi (CNG),17,14.115615891155079
Islamabad,2006,Petrol,Manual,1900000.0,11234,1300.0,Toyota,Corolla,9th (E120) Generation GLi 1.3,20,14.45736497045232
Lahore,2002,Petrol,Manual,1000000.0,282000,1300.0,Honda,City,EXi,24,13.815511557963774
Lahore,2010,Petrol,Manual,2360000.0,100000,1300.0,Toyota,Corolla,GLi 1.3 VVTi,16,14.674172600730516
Islamabad,2001,Petrol,Manual,690000.0,178000,1300.0,KIA,Classic,LX,25,13.444448325847754
Islamabad,2005,Petrol,Manual,1390000.0,185000,1300.0,Mitsubishi,Lancer,GL,21,14.144815024531075
Lahore,2015,Petrol,Manual,3320000.0000000005,129618,1300.0,Toyota,Corolla,XLi VVTi,11,15.015475642097446
Lahore,2014,Petrol,Automatic,3100000.0,80156,1300.0,Honda,City,5th (GM2) Generation 1.3 i-VTEC Prosmatec,12,14.946912992035967
Karachi,2018,Petrol,Automatic,3895000.0000000005,59000,1300.0,Toyota,Corolla,GLi Automatic 1.3 VVTi,8,15.175204494026362
Islamabad,1996,Petrol,Manual,700000.0,99000,1300.0,Suzuki,Margalla,GL,30,13.45883704259595
Islamabad,2012,Petrol,Automatic,2250000.0,97830,1300.0,Suzuki,Swift,DLX Automatic 1.3,14,14.626441218624949
Lahore,2017,Petrol,Manual,3550000.0,179084,1300.0,Toyota,Corolla,GLi 1.3 VVTi,9,15.0824584431417
Lahore,1998,Petrol,Manual,1070000.0,105000,1300.0,Honda,City,EXi,28,13.883170141017091
Karachi,2008,Petrol,Manual,1800000.0,282000,1300.0,Honda,City,i-DSI,18,14.403297778421795
Karachi,2018,Petrol,Automatic,4450000.0,60000,1300.0,Toyota,Corolla,GLi Automatic 1.3 VVTi,8,15.308414878861498
Karachi,2010,Petrol,Manual,2400000.0,150000,1300.0,Toyota,Corolla,XLi VVTi,16,14.690979711984754
Islamabad,2006,Petrol,Manual,2300000.0,125125,1300.0,Honda,City,i-DSI,20,14.648420115681892
Lahore,2004,Petrol,Manual,1850000.0,233000,1300.0,Honda,City,i-DSI,22,14.430696737594902
Karachi,2023,Petrol,Automatic,4300000.0,27000,1300.0,Toyota,Yaris,Sedan GLI CVT 1.3,3,15.274125813221904
Lahore,2012,Petrol,Manual,2430000.0,149000,1300.0,Toyota,Corolla,XLi VVTi,14,14.70340222683928
Karachi,2009,Petrol,Automatic,2075000.0,65000,1300.0,Toyota,iQ,130G Go Leather Package,17,14.54547219357453
Lahore,2005,Petrol,Manual,1075000.0,240500,1300.0,Suzuki,Baleno,JXL,21,13.887832149776026
Karachi,2013,Petrol,Manual,1785000.0000000002,91000,1300.0,Suzuki,Swift,DLX 1.3,13,14.394929533419809
Karachi,2005,Petrol,Manual,960000.0,140000,1300.0,Suzuki,Baleno,JXR,21,13.774689605110144
Karachi,2010,Hybrid,Automatic,2799000.0,159509,1300.0,Honda,Civic,Reborn MX (Hybrid),16,14.844773125767981
Karachi,2015,Petrol,Automatic,3160000.0,125999,1300.0,Toyota,Corolla,GLi Automatic 1.3 VVTi,11,14.96608290201874
Lahore,2002,CNG,Manual,620000.0,20000,1323.0,KIA,Classic,LX,24,13.3374763699232
Lahore,2025,Petrol,Automatic,5040000.0,10,1300.0,Toyota,Yaris,Sedan GLI CVT 1.3,1,15.43291683846023
Lahore,1986,Petrol,Manual,275000.0,220000,1300.0,Toyota,Corolla,DX,40,12.524530013005734
Lahore,2014,Petrol,Manual,2925000.0,120000,1300.0,Honda,City,1.3 i-VTEC,12,14.888805380528378
Islamabad,2022,Petrol,Manual,3200000.0,167500,1300.0,Changan,Alsvin,1.3L MT Comfort,4,14.978661680269907
Lahore,2009,Petrol,Automatic,2575000.0,120000,1300.0,Toyota,Vitz,F 1.3,17,14.761360480429413
Islamabad,2004,Petrol,Automatic,1920000.0,172000,1300.0,Honda,City,i-DSI Vario,22,14.467836264837162
Karachi,2006,Petrol,Manual,1980000.0,103000,1300.0,Honda,City,i-DSI,20,14.498607907721096
Lahore,2025,Petrol,Automatic,5050000.0,30,1300.0,Toyota,Yaris,Sedan AERO CVT 1.3,1,15.434898999271326
Lahore,2018,Petrol,Automatic,2700000.0,82432,1300.0,Suzuki,Swift,DLX Automatic 1.3 Navigation,8,14.80876270134486
Islamabad,2010,Petrol,Manual,2620000.0,135000,1300.0,Toyota,Corolla,XLi VVTi,16,14.778685257416596
Islamabad,2013,Petrol,Manual,3200000.0,140000,1300.0,Honda,City,5th (GM2) Generation 1.3 i-VTEC,13,14.978661680269907
Lahore,2018,Petrol,Manual,3550000.0,53000,1300.0,Honda,City,5th (GM2) Generation 1.3 i-VTEC,8,15.0824584431417
Karachi,2013,Petrol,Automatic,2950000.0,282000,1300.0,Toyota,Passo,G 1.3,13,14.897316067298997
Karachi,2006,Petrol,Manual,1385000.0,180000,1300.0,Mitsubishi,Lancer,GL,20,14.141211419624977
Islamabad,1997,Petrol,Manual,1600000.0,282000,1300.0,Toyota,Corolla,8th (E110) Generation XE Limited,29,14.285514812209815
Lahore,2017,Petrol,Manual,3150000.0,145000,1300.0,Honda,City,1.3 i-VTEC,9,14.962913328262083
Karachi,2015,Petrol,Manual,2620000.0,126,1300.0,Honda,City,5th (GM2) Generation 1.3 i-VTEC,11,14.778685257416596
Islamabad,2017,Petrol,Manual,3690000.0,108000,1300.0,Honda,City,5th (GM2) Generation 1.3 i-VTEC,9,15.121137287019383
Lahore,2006,Petrol,Manual,1850000.0,123456,1300.0,Honda,City,i-DSI,20,14.430696737594902
Karachi,2001,Petrol,Automatic,1650000.0,70000,1300.0,Toyota,Vitz,,25,14.316286451937186
Lahore,2025,Petrol,Automatic,5100000.0,35,1300.0,Toyota,Yaris,Sedan AERO CVT 1.3,1,15.444751293772967
Lahore,2006,Petrol,Automatic,2300000.0,95800,1300.0,Toyota,Belta,G 1.3,20,14.648420115681892
Lahore,2017,Petrol,Manual,4000000.0,70000,1300.0,Toyota,Corolla,XLi VVTi,9,15.201805169084134
Lahore,2016,Petrol,Automatic,3550000.0,118000,1300.0,Honda,City,5th (GM2) Generation Aspire Prosmatec 1.3 i-VTEC,10,15.0824584431417
Lahore,2019,Petrol,Automatic,3870000.0000000005,65000,1300.0,Honda,City,5th (GM2) Generation 1.3 i-VTEC Prosmatec,7,15.168765323403864
Karachi,2016,Petrol,Automatic,2375000.0,84000,1300.0,Suzuki,Swift,DLX Automatic 1.3,10,14.680508416503422
Karachi,2009,Petrol,Manual,1850000.0,114000,1300.0,Honda,City,5th (GM2) Generation 1.3 i-VTEC,17,14.430696737594902
Karachi,1984,Petrol,Manual,339000.0,78000,1300.0,Mitsubishi,Lancer,,42,12.733758336210744
Lahore,2025,Petrol,Automatic,5090000.0,8,1300.0,Toyota,Yaris,Sedan GLI CVT 1.3,1,15.44278858499034
Lahore,2007,Petrol,Manual,1720000.0,248889,1300.0,Honda,City,i-DSI,19,14.357835430184815
Lahore,2005,Petrol,Manual,1500000.0,193800,1300.0,Mitsubishi,Lancer,GLX 1.3,21,14.220976332738882
Lahore,2008,Petrol,Automatic,2200000.0,157000,1300.0,Honda,City,i-DSI Vario,18,14.603968372873895
Karachi,2001,Petrol,Manual,1480000.0,180000,1300.0,Toyota,Corolla,XE Limited,25,14.207553321415745
Lahore,2020,Petrol,Automatic,5250000.0,56000,1300.0,Toyota,Corolla,GLi Automatic 1.3 VVTi,6,15.473738825043979
Islamabad,2011,Petrol,Manual,2800000.0,18000,1300.0,Honda,City,5th (GM2) Generation 1.3 i-VTEC,15,14.845130332288226
Lahore,2007,Petrol,Manual,1575000.0,1000,1300.0,Honda,City,i-DSI,19,14.269766465162304
Lahore,2005,Petrol,Manual,1620000.0,100000,1300.0,Honda,City,i-DSI,21,14.297937324492327
Lahore,2017,Petrol,Manual,1475000.0,98000,1300.0,FAW,V2,VCT-i,9,14.204169225721929
Islamabad,2014,Petrol,Manual,3590000.0,95600,1300.0,Toyota,Corolla,GLi 1.3 VVTi,12,15.093663039015954
Lahore,2021,Petrol,Manual,3900000.0,52001,1300.0,Honda,City,1.3 i-VTEC,5,15.176487367510099
Islamabad,2006,Petrol,Manual,2050000.0,100000,1300.0,Honda,City,i-DSI,20,14.53335083891935
Lahore,2004,Petrol,Manual,1030000.0000000001,271000,1300.0,Suzuki,Baleno,JXR,22,13.845070331079134
Lahore,2009,Petrol,Manual,2400000.0,200000,1300.0,Honda,City,5th (GM2) Generation 1.3 i-VTEC,17,14.690979711984754
Lahore,1994,LPG,Manual,600000.0,100000,1300.0,Suzuki,Margalla,GL,32,13.304686600863562
Karachi,2010,Petrol,Manual,1920000.0,90000,1300.0,Suzuki,Swift,DLX 1.3,16,14.467836264837162
Lahore,2017,Petrol,Manual,2475000.0,90000,1300.0,Suzuki,Swift,DLX 1.3,9,14.72175135802525
Lahore,2006,Petrol,Manual,1645000.0,232000,1300.0,Honda,City,i-DSI,20,14.31325155008416
Lahore,2005,Petrol,Manual,1650000.0,80000,1300.0,Honda,City,i-DSI,21,14.316286451937186
Lahore,2016,Petrol,Manual,2200000.0,109000,1300.0,Suzuki,Swift,DLX 1.3,10,14.603968372873895
Karachi,2005,Petrol,Automatic,2275000.0,93000,1300.0,Toyota,Belta,X Business A Package 1.3,21,14.637491049927531
Karachi,2007,Petrol,Automatic,1970000.0,80000,1300.0,Toyota,Passo,G 1.3,19,14.493544608328255
Karachi,2012,Petrol,Manual,2475000.0,119000,1300.0,Toyota,Corolla,GLi 1.3 VVTi,14,14.72175135802525
Lahore,2013,Petrol,Manual,1725000.0,89652,1300.0,Suzuki,Liana,RXi,13,14.360738188157574
Lahore,2002,Petrol,Automatic,550000.0,87000,1300.0,KIA,Classic,,24,13.217675375388819
Islamabad,2019,Petrol,Manual,5100000.0,70000,1300.0,Toyota,Corolla,GLi 1.3 VVTi,7,15.444751293772967
Lahore,2016,Petrol,Automatic,3300000.0,103000,1300.0,Honda,City,1.3 i-VTEC Prosmatec,10,15.009433329466965
Islamabad,2007,Petrol,Manual,1850000.0,281000,1300.0,Honda,City,i-DSI,19,14.430696737594902
Lahore,2009,Petrol,Manual,2150000.0,200000,1300.0,Toyota,Corolla,XLi VVTi,17,14.580978865220017
Lahore,1985,Petrol,Manual,900000.0,100000,1300.0,Toyota,86,,41,13.710151153416941
Karachi,2009,Petrol,Manual,2200000.0,98000,1300.0,Toyota,Corolla,GLi 1.3 VVTi,17,14.603968372873895
Lahore,2007,Petrol,Manual,2050000.0,145000,1300.0,Honda,City,i-DSI,19,14.53335083891935
Karachi,2003,Petrol,Manual,1050000.0,260000,1300.0,Honda,City,EXi,23,13.864301674514206
Lahore,2020,Petrol,Manual,3950000.0,69498,1300.0,Toyota,Yaris,Sedan GLI MT 1.3,6,15.18922639004183
Islamabad,2016,Petrol,Manual,3385000.0,85000,1300.0,Toyota,Corolla,GLi 1.3 VVTi,10,15.034864759749444
Lahore,2012,Petrol,Manual,2850000.0,135000,1300.0,Toyota,Corolla,XLi VVTi,14,14.862829903121964
Karachi,1986,Petrol,Manual,520000.0,200000,1300.0,Toyota,Corolla,DX Saloon,40,13.161586013632684
Lahore,2001,Petrol,Manual,875000.0,157000,1323.0,KIA,Classic,LX,25,13.681980308196241
Karachi,2006,Petrol,Manual,1150000.0,190000,1300.0,Suzuki,Liana,RXi,20,13.955273369904273
Karachi,2010,Petrol,Manual,2380000.0,125000,1300.0,Honda,City,1.3 i-VTEC,16,14.682611465815636
Karachi,2008,Petrol,Manual,1745000.0,126000,1300.0,Mitsubishi,Lancer,GLX 1.3,18,14.372265686684402
Islamabad,2012,Petrol,Manual,3400000.0,87000,1300.0,Toyota,Corolla,GLi 1.3 VVTi,14,15.039286283703994
Karachi,2016,Petrol,Manual,2970000.0,128000,1300.0,Honda,City,5th (GM2) Generation 1.3 i-VTEC,10,14.904072847479162
Lahore,2019,Petrol,Manual,3850000.0,17500,1300.0,Honda,City,5th (GM2) Generation 1.3 i-VTEC,7,15.163583966004193
Islamabad,2012,Petrol,Manual,2895000.0,95000,1300.0,Honda,City,5th (GM2) Generation Aspire 1.3 i-VTEC,14,14.878496014412317
Islamabad,2010,Petrol,Manual,2530000.0,100000,1300.0,Toyota,Corolla,XLi VVTi,16,14.743730255960541
Lahore,2007,Hybrid,Automatic,2450000.0,137568,1300.0,Honda,Civic,MXB (Hybrid),19,14.711598990684092
Lahore,2004,Petrol,Automatic,1426000.0,132000,1300.0,Honda,City,i-DSI Vario,22,14.170384581218405
Karachi,2010,Petrol,Manual,2200000.0,164000,1300.0,Toyota,Corolla,XLi VVTi,16,14.603968372873895
Karachi,2016,Petrol,Automatic,3475000.0,100000,1300.0,Toyota,Corolla,GLi Automatic 1.3 VVTi,10,15.061105324750772
Karachi,2003,Petrol,Automatic,1680000.0,60000,1300.0,Toyota,Cami,Q,23,14.33430494661736
Lahore,2009,Petrol,Manual,2250000.0,150000,1300.0,Toyota,Corolla,GLi 1.3 VVTi,17,14.626441218624949
Islamabad,2006,Petrol,Manual,1390000.0,282000,1300.0,Suzuki,Liana,,20,14.144815024531075
Karachi,2019,Petrol,Automatic,3995000.0000000005,91000,1300.0,Toyota,Corolla,GLi Automatic 1.3 VVTi,7,15.200554387495371
Islamabad,2010,Petrol,Manual,3000000.0,161000,1300.0,Toyota,Corolla,GLi 1.3 VVTi,16,14.914123179965662
Lahore,2008,Petrol,Automatic,2400000.0,147400,1300.0,Honda,City,i-DSI Vario,18,14.690979711984754
Islamabad,2017,Petrol,Automatic,3610000.0,114000,1300.0,Honda,City,5th (GM2) Generation Aspire Prosmatec 1.3 i-VTEC,9,15.099218607317335
Islamabad,2019,Petrol,Manual,3100000.0,75000,1300.0,Suzuki,Swift,DLX 1.3 Navigation,7,14.946912992035967
Lahore,2005,Petrol,Manual,658000.0,147000,1300.0,KIA,Classic,LX,21,13.396961730063138
Lahore,2015,Petrol,Manual,2950000.0,197000,1300.0,Toyota,Corolla,XLi VVTi,11,14.897316067298997
Karachi,2018,Petrol,Manual,3200000.0,121000,1300.0,Honda,City,1.3 i-VTEC,8,14.978661680269907
Lahore,2005,Petrol,Automatic,1585000.0,150000,1300.0,Honda,City,i-DSI Vario,21,14.276095596208146
Islamabad,2013,Petrol,Manual,3500000.0,83000,1300.0,Toyota,Corolla,GLi 1.3 VVTi,13,15.068273812173887
Lahore,2015,Petrol,Automatic,3750000.0,170000,1300.0,Toyota,Corolla,GLi Automatic 1.3 VVTi,11,15.137266664613225
Lahore,2020,Hybrid,Automatic,5500000.0,53000,1300.0,Nissan,Kicks,XV Premium,6,15.520258832020865
Lahore,2008,Petrol,Manual,2290000.0,200000,1300.0,Honda,City,i-DSI,18,14.64406281221155
Islamabad,2005,Petrol,Manual,1700000.0,270000,1300.0,Toyota,Corolla,9th (E120) Generation XLi,21,14.346139397261565
Lahore,2005,Petrol,Automatic,1889999.9999999998,150000,1300.0,Honda,City,i-DSI Vario,21,14.452087916136215
Lahore,2005,Petrol,Manual,890000.0,140000,1300.0,Suzuki,Baleno,JXR,21,13.698977865303197
Islamabad,2011,Petrol,Manual,2380000.0,145000,1300.0,Toyota,Corolla,XLi VVTi,15,14.682611465815636
Karachi,2025,Petrol,Automatic,6100000.0,800,1300.0,Toyota,Yaris,Sedan ATIV CVT 1.3,1,15.623799493077952
Lahore,2006,Petrol,Manual,1350000.0,190000,1300.0,Suzuki,Liana,RXi,20,14.115615891155079
Karachi,2010,Petrol,Automatic,2240000.0,109000,1300.0,Toyota,Vitz,F 1.3,16,14.621986870259695
Lahore,2013,Petrol,Manual,2320000.0,83500,1300.0,Suzuki,Swift,DLX 1.3,13,14.657078174676883
Karachi,2019,Petrol,Automatic,3950000.0,73000,1300.0,Toyota,Vitz,F Safety Edition III,7,15.18922639004183
Islamabad,2004,Petrol,Manual,1250000.0,100000,1300.0,Suzuki,Baleno,JXR,22,14.038654909278163
Karachi,2013,Petrol,Manual,2800000.0,14161,1300.0,Toyota,Corolla,XLi VVTi,13,14.845130332288226
Karachi,1986,Petrol,Manual,560000.0,100000,1300.0,Nissan,Sunny,,40,13.235693848424024
Islamabad,2008,Petrol,Manual,1240000.0,224000,1300.0,Suzuki,Liana,RXi,18,14.030622744032508
Islamabad,2012,Petrol,Manual,3050000.0,107000,1300.0,Toyota,Corolla,GLi 1.3 VVTi,14,14.930652476452392
Islamabad,2009,Petrol,Manual,2225000.0,258000,1300.0,Toyota,Corolla,XLi VVTi,17,14.615267923020578
Islamabad,2009,Petrol,Manual,1380000.0,282000,1300.0,Suzuki,Liana,LXi Sport,17,14.137594781770806
Karachi,2011,Petrol,Automatic,2450000.0,109000,1300.0,Honda,City,1.3 i-VTEC Prosmatec,15,14.711598990684092
Karachi,2022,Petrol,Automatic,2595000.0,22000,1299.0,Proton,Saga,1.3L Ace A/T,4,14.769097459938507
Lahore,2018,Petrol,Manual,4050000.0,145000,1300.0,Toyota,Corolla,XLi VVTi,8,15.214227685996272
Islamabad,2008,Petrol,Manual,1400000.0,130000,1300.0,Suzuki,Liana,RXi,18,14.151983508870947
Lahore,2010,Petrol,Manual,2100000.0,250000,1300.0,Toyota,Corolla,XLi VVTi,16,14.557448378884015
Lahore,2006,Petrol,Manual,2450000.0,150000,1300.0,Honda,City,i-DSI,20,14.711598990684092
Karachi,1986,Petrol,Manual,490000.00000000006,214000,1300.0,Toyota,Corolla,DX Saloon,40,13.102162710901053
Karachi,2009,Petrol,Manual,2265000.0,146000,1300.0,Toyota,Corolla,GLi 1.3 VVTi,17,14.633085758400277
Karachi,2005,Petrol,Automatic,1850000.0,106000,1300.0,Honda,City,i-DSI Vario,21,14.430696737594902
Lahore,2004,Petrol,Manual,1030000.0000000001,271000,1300.0,Suzuki,Baleno,JXR,22,13.845070331079134
Lahore,2021,Petrol,Automatic,4450000.0,69000,1300.0,Toyota,Yaris,Sedan ATIV CVT 1.3,5,15.308414878861498
Lahore,2007,Petrol,Manual,1630000.0,198000,1300.0,Honda,City,i-DSI,19,14.30409118627969
Karachi,2021,Petrol,Automatic,3200000.0,38000,1300.0,Suzuki,Swift,DLX Automatic 1.3 Navigation,5,14.978661680269907
Karachi,1988,Petrol,Manual,500000.0,200000,1300.0,Nissan,Sunny,,38,13.122365377402328
Karachi,2022,Petrol,Automatic,2585000.0,22000,1299.0,Proton,Saga,1.3L Standard A/T,4,14.765236452771788
Karachi,2018,Petrol,Manual,3850000.0,109000,1300.0,Toyota,Corolla,GLi 1.3 VVTi,8,15.163583966004193
Karachi,1993,Petrol,Manual,500000.0,41591,1300.0,Suzuki,Margalla,GL,33,13.122365377402328
Lahore,2001,Petrol,Manual,1275000.0,99000,1300.0,Honda,City,EXi,25,14.058457520888082
Lahore,2022,Petrol,Automatic,2800000.0,58000,1300.0,Proton,Saga,1.3L Ace A/T,4,14.845130332288226
Lahore,1996,Petrol,Manual,650000.0,16000,1300.0,Suzuki,Margalla,,30,13.384729180332174
Islamabad,2014,Petrol,Manual,2980000.0,215000,1300.0,Toyota,Corolla,XLi VVTi,12,14.907434194052001
Islamabad,2005,Petrol,Manual,1625000.0,10000,1300.0,Honda,City,i-DSI,21,14.301018989130402
Karachi,2017,Petrol,Manual,2600000.0,79000,1300.0,FAW,Sirius,S80,9,14.77102238760702
Islamabad,2021,Petrol,Automatic,4200000.0,170000,1300.0,Toyota,Yaris,Sedan ATIV CVT 1.3,5,15.250595321348806
Islamabad,2013,Petrol,Manual,2650000.0,222000,1300.0,Toyota,Corolla,XLi VVTi,13,14.790070575320824
Karachi,2014,Petrol,Automatic,2800000.0,179000,1300.0,Honda,City,5th (GM2) Generation 1.3 i-VTEC Prosmatec,12,14.845130332288226
Karachi,2016,Petrol,Manual,2925000.0,282000,1300.0,Honda,City,5th (GM2) Generation 1.3 i-VTEC,10,14.888805380528378
Lahore,2018,Petrol,Manual,3450000.0,132000,1300.0,Honda,City,1.3 i-VTEC,8,15.053885078862573
Lahore,2012,Petrol,Manual,2200000.0,238116,1300.0,Toyota,Corolla,GLi 1.3 VVTi,14,14.603968372873895
Islamabad,2018,Petrol,Manual,3150000.0,112400,1300.0,Honda,City,1.3 i-VTEC,8,14.962913328262083
Karachi,2011,Petrol,Manual,2599000.0,221000,1300.0,Toyota,Corolla,GLi 1.3 VVTi,15,14.770637698386924
Islamabad,2002,Petrol,Manual,1250000.0,123450,1300.0,Honda,City,EXi,24,14.038654909278163
Karachi,2002,Petrol,Automatic,1275000.0,152000,1300.0,Toyota,Vitz,RS 1.3,24,14.058457520888082
Lahore,2012,Petrol,Automatic,2795000.0,230500,1300.0,Toyota,Vitz,F Limited 1.3,14,14.843343022353025
Lahore,2017,Petrol,Manual,3650000.0,122000,1300.0,Toyota,Corolla,XLi VVTi,9,15.11023799953124
Karachi,2006,Petrol,Manual,1870000.0,150000,1300.0,Toyota,Corolla,9th (E120) Generation GLi 1.3,20,14.441449523589984
Karachi,2021,Petrol,Manual,3595000.0000000005,60000,1300.0,Honda,City,5th (GM2) Generation 1.3 i-VTEC,5,15.095054827301363
Karachi,2007,Petrol,Manual,1950000.0,200000,1300.0,Toyota,Corolla,9th (E120) Generation GLi 1.3,19,14.48334044336031
Lahore,2019,Petrol,Manual,2740000.0,99000,1300.0,Suzuki,Swift,DLX 1.3 Navigation,7,14.82346884332769
Karachi,2010,Petrol,Manual,1550000.0,130000,1300.0,Suzuki,Swift,DLX 1.3,16,14.253766134056512
Islamabad,2006,Petrol,Manual,1750000.0,140020,1300.0,Suzuki,Liana,RXi,20,14.375126917328105
Islamabad,1987,Petrol,Manual,750000.0,150000,1300.0,Nissan,Sunny,,39,13.527829818844937
Karachi,2018,Petrol,Automatic,2800000.0,82500,1300.0,Suzuki,Swift,DLX Automatic 1.3 Navigation,8,14.845130332288226
Karachi,2017,Petrol,Automatic,4200000.0,95000,1300.0,Toyota,Corolla,GLi Automatic 1.3 VVTi,9,15.250595321348806
Lahore,2016,Petrol,Manual,3225000.0,132412,1300.0,Toyota,Corolla,XLi VVTi,10,14.986443818289482
Karachi,2017,Petrol,Automatic,3829999.9999999995,160000,1300.0,Toyota,Corolla,GLi Automatic 1.3 VVTi,9,15.1583756222534
Lahore,1996,Petrol,Automatic,715000.0,40000,1300.0,Daihatsu,Charade,,30,13.480039220276565
Karachi,2006,Petrol,Manual,1145000.0,103000,1300.0,Suzuki,Liana,LXi Sport,20,13.95091606833254
Lahore,2005,Petrol,Manual,850000.0,100000,1300.0,Suzuki,Baleno,JXR,21,13.652992804936396
Karachi,2016,Petrol,Manual,2800000.0,100000,1300.0,Toyota,Corolla,GLi 1.3 VVTi,10,14.845130332288226
Islamabad,2013,Petrol,Manual,3100000.0,200000,1300.0,Honda,City,1.3 i-VTEC,13,14.946912992035967
Karachi,2006,Petrol,Manual,1100000.0,3000,1300.0,Suzuki,Liana,RXi,20,13.910821646859095
Islamabad,1986,Petrol,Manual,647000.0,100020,1300.0,Nissan,Sunny,,40,13.380103119076898
Lahore,2010,Petrol,Manual,2250000.0,115000,1300.0,Toyota,Corolla,GLi 1.3 VVTi,16,14.626441218624949
Islamabad,2017,Petrol,Automatic,4375000.0,122000,1300.0,Toyota,Corolla,GLi Automatic 1.3 VVTi,9,15.291417306345254
Lahore,2006,Petrol,Automatic,2039999.9999999998,200000,1300.0,Toyota,Belta,G 1.3,20,14.528460856016357
Lahore,1986,Petrol,Manual,2800000.0,100500,1300.0,Toyota,Corolla,DX Saloon,40,14.845130332288226
Islamabad,2013,Petrol,Manual,2995000.0,120000,1300.0,Honda,City,1.3 i-VTEC,13,14.912455123421447
Karachi,2008,Petrol,Manual,1200000.0,180000,1300.0,Suzuki,Liana,RXi,18,13.997832948091215
Lahore,2016,Petrol,Manual,3190000.0,78000,1300.0,Honda,City,1.3 i-VTEC,10,14.975531788240602
Islamabad,2012,Petrol,Manual,2580000.0,145000,1300.0,Toyota,Corolla,XLi VVTi Limited Edition,14,14.763300344494624
Lahore,2003,Petrol,Manual,1900000.0,20000,1300.0,Toyota,Corolla,9th (E120) Generation XLi,23,14.45736497045232
Karachi,2018,Petrol,Automatic,3825000.0,112000,1300.0,Toyota,Corolla,GLi Automatic 1.3 VVTi,8,15.157069286680647
Karachi,2013,Petrol,Manual,2500000.0,150000,1300.0,Toyota,Corolla,XLi VVTi,13,14.731801689838349
Karachi,2021,Petrol,Automatic,4495000.0,9000,1300.0,Toyota,Yaris,Sedan ATIV CVT 1.3,5,15.318476448357243
Lahore,2018,Petrol,Manual,1300000.0,120000,1300.0,FAW,V2,VCT-i,8,14.077875591662238
Karachi,2008,Petrol,Manual,1800000.0,152000,1300.0,Toyota,Corolla,GLi 1.3 VVTi,18,14.403297778421795
Karachi,2025,Petrol,Automatic,4975000.0,25,1300.0,Toyota,Yaris,Sedan GLI CVT 1.3,1,15.419936129579835
Lahore,2007,Petrol,Automatic,2100000.0,240000,1300.0,Honda,City,i-DSI Vario,19,14.557448378884015
Karachi,2006,Petrol,Manual,1770000.0,145000,1300.0,Honda,City,i-DSI,20,14.386490669521603
Karachi,2017,Petrol,Automatic,2400000.0,86000,1300.0,Suzuki,Swift,DLX Automatic 1.3,9,14.690979711984754
Lahore,2006,Petrol,Automatic,1850000.0,135000,1300.0,Nissan,Sunny,EX Saloon Automatic 1.3,20,14.430696737594902
Islamabad,2017,Petrol,Automatic,3750000.0,98000,1300.0,Honda,City,5th (GM2) Generation 1.3 i-VTEC Prosmatec,9,15.137266664613225
Karachi,2007,Petrol,Manual,2150000.0,70000,1300.0,Toyota,Corolla,9th (E120) Generation XLi,19,14.580978865220017
Karachi,2008,Petrol,Manual,2260000.0,147000,1300.0,Honda,City,i-DSI,18,14.630875813726247
Karachi,1996,Petrol,Manual,520000.0,100000,1300.0,Suzuki,Margalla,,30,13.161586013632684
Lahore,2012,Petrol,Manual,2300000.0,150000,1300.0,Toyota,Corolla,XLi VVTi,14,14.648420115681892
Islamabad,2016,Petrol,Manual,3575000.0,156000,1300.0,Honda,City,5th (GM2) Generation 1.3 i-VTEC,10,15.089476013830486
Karachi,1986,Petrol,Manual,1200000.0,60000,1300.0,Honda,Integra,,40,13.997832948091215
Lahore,2008,Petrol,Manual,1775000.0,152000,1300.0,Honda,City,i-DSI,18,14.389311544271775
Lahore,2013,Petrol,Manual,2700000.0,119000,1300.0,Honda,City,5th (GM2) Generation 1.3 i-VTEC,13,14.80876270134486
Karachi,2016,Petrol,Automatic,3720000.0000000005,86000,1300.0,Toyota,Corolla,GLi Automatic 1.3 VVTi,10,15.129234495066498
Karachi,2019,Petrol,Manual,3590000.0,75000,1300.0,Toyota,Corolla,XLi VVTi,7,15.093663039015954
Lahore,2020,Petrol,Manual,3600000.0,113000,1300.0,Honda,City,1.3 i-VTEC,6,15.096444681204078
Lahore,2003,Petrol,Manual,1835000.0000000002,156800,1300.0,Honda,City,i-DSI,23,14.422555584429787
Islamabad,2016,Petrol,Manual,2950000.0,165870,1300.0,Toyota,Corolla,XLi VVTi,10,14.897316067298997
Lahore,2017,Petrol,Automatic,3560000.0,106000,1300.0,Honda,City,1.3 i-VTEC Prosmatec,9,15.08527138372705
Islamabad,2003,Petrol,Manual,2075000.0,137900,1300.0,Honda,City,i-DSI,23,14.54547219357453
Islamabad,2004,Petrol,Manual,1675000.0,282000,1300.0,Honda,City,i-DSI,22,14.331324320256051
Lahore,2001,Petrol,Manual,1250000.0,136000,1300.0,Honda,City,EXi,25,14.038654909278163
Lahore,2006,Petrol,Manual,1635000.0000000002,270000,1300.0,Honda,City,i-DSI,20,14.3071539739341
Karachi,2007,Petrol,Manual,1120000.0,100000,1300.0,Suzuki,Liana,RXi,19,13.928840136128022
Karachi,2021,Petrol,Manual,3350000.0,53000,1300.0,Toyota,Yaris,Sedan GLI MT 1.3,5,15.024471202308668
Karachi,2021,Petrol,Automatic,4090000.0,49000,1300.0,Honda,City,1.3 i-VTEC Prosmatec,5,15.224055772517731
Islamabad,1998,Petrol,Manual,770000.0,282000,1300.0,Suzuki,Baleno,GL,28,13.554147092530322
Lahore,2006,Petrol,Manual,1750000.0,282000,1300.0,Honda,City,i-DSI,20,14.375126917328105
Karachi,2000,Petrol,Manual,1300000.0,99900,1300.0,Toyota,Corolla,8th (E110) Generation XE Limited,26,14.077875591662238
Lahore,2006,Petrol,Automatic,2400000.0,200000,1300.0,Toyota,Belta,X 1.3,20,14.690979711984754
Lahore,2005,Petrol,Manual,1775000.0,250000,1300.0,Honda,City,i-DSI,21,14.389311544271775
Lahore,2009,Petrol,Automatic,2782000.0,74500,1300.0,Toyota,Vitz,F 1.3,17,14.83868101091909
Karachi,1995,Petrol,Manual,925000.0,90000,1300.0,Honda,Civic,5th Generation EL,31,13.73755009757506
Lahore,2018,Petrol,Automatic,3375000.0,144000,1300.0,Honda,City,1.3 i-VTEC Prosmatec,8,15.03190617858502
Lahore,2017,Petrol,Automatic,3750000.0,80000,1300.0,Honda,City,5th (GM2) Generation 1.3 i-VTEC Prosmatec,9,15.137266664613225
Lahore,2013,Petrol,Manual,2575000.0,150000,1300.0,Toyota,Corolla,XLi VVTi Limited Edition,13,14.761360480429413
Islamabad,2011,Petrol,Manual,2390000.0,200000,1300.0,Honda,City,1.3 i-VTEC,15,14.686804342317648
Karachi,2016,Petrol,Manual,2565000.0,105000,1300.0,Toyota,Corolla,XLi VVTi,10,14.757469426450479
Karachi,2012,Petrol,Automatic,2690000.0,138000,1300.0,Honda,City,5th (GM2) Generation 1.3 i-VTEC Prosmatec,14,14.805052123325165
Lahore,2015,Petrol,Automatic,3325000.0,140000,1300.0,Toyota,Corolla,GLi Automatic 1.3 VVTi,11,15.016980532823926
Karachi,2005,Petrol,Manual,900000.0,200000,1300.0,Suzuki,Baleno,JXR,21,13.710151153416941
Lahore,2015,Petrol,Automatic,3625000.0,63000,1300.0,Honda,City,5th (GM2) Generation Aspire Prosmatec 1.3 i-VTEC,11,15.103365122132944
Lahore,2010,Petrol,Manual,1650000.0,100000,1300.0,Suzuki,Swift,DLX 1.3,16,14.316286451937186
Karachi,2006,Petrol,Automatic,1800000.0,80000,1300.0,Toyota,Belta,G 1.3,20,14.403297778421795
Karachi,2012,Petrol,Manual,2650000.0,150000,1300.0,Toyota,Corolla,GLi 1.3 VVTi,14,14.790070575320824
Lahore,1996,Petrol,Manual,1200000.0,200000,1300.0,Toyota,Corolla,8th (E110) Generation XE,30,13.997832948091215
Lahore,2009,Petrol,Manual,2495000.0,99000,1300.0,Honda,City,5th (GM2) Generation 1.3 i-VTEC,17,14.72979968796928
Karachi,2020,Petrol,Automatic,4195000.0,27000,1300.0,Toyota,Yaris,Sedan ATIV CVT 1.3,6,15.249404136262438
Lahore,2018,Petrol,Automatic,3775000.0,67000,1300.0,Honda,City,5th (GM2) Generation 1.3 i-VTEC Prosmatec,8,15.143911205565889
Lahore,2016,Petrol,Manual,3400000.0,94325,1300.0,Honda,City,5th (GM2) Generation 1.3 i-VTEC,10,15.039286283703994
Lahore,2018,Petrol,Automatic,4700000.0,79000,1300.0,Toyota,Corolla,GLi Automatic 1.3 VVTi,8,15.363073279446223
Lahore,2005,Petrol,Manual,1550000.0,199999,1300.0,Honda,City,i-DSI,21,14.253766134056512
Lahore,2006,Petrol,Manual,3000000.0,51000,1300.0,Honda,City,i-DSI,20,14.914123179965662
Lahore,2018,Petrol,Manual,4250000.0,108168,1300.0,Toyota,Corolla,GLi 1.3 VVTi,8,15.26242977619469
Karachi,2009,Petrol,Manual,2000000.0,10000,1300.0,Toyota,Corolla,XLi VVTi,17,14.508658238524095
Lahore,2001,Petrol,Manual,1280000.0,200000,1300.0,Honda,City,EXi,25,14.062371417145494
Islamabad,2006,Petrol,Manual,1925000.0,128595,1300.0,Honda,City,i-DSI,20,14.470437045184406
Islamabad,2011,Petrol,Manual,2850000.0,165000,1300.0,Toyota,Corolla,GLi 1.3 VVTi,15,14.862829903121964
Lahore,2016,Petrol,Manual,1550000.0,109600,1300.0,FAW,V2,,10,14.253766134056512
Lahore,2015,Petrol,Automatic,3400000.0,145000,1300.0,Toyota,Corolla,GLi Automatic 1.3 VVTi,11,15.039286283703994
Lahore,2016,Petrol,Manual,3150000.0,230000,1300.0,Honda,City,5th (GM2) Generation Aspire 1.3 i-VTEC,10,14.962913328262083
Karachi,2018,Petrol,Automatic,4300000.0,50000,1300.0,Toyota,Corolla,GLi Automatic 1.3 VVTi,8,15.274125813221904
Lahore,2021,Petrol,Automatic,4070000.0000000005,118405,1300.0,Toyota,Yaris,Sedan ATIV CVT 1.3,5,15.219153803118994
Karachi,2008,Petrol,Manual,3000000.0,86000,1300.0,Toyota,Corolla,XLi,18,14.914123179965662
Lahore,2003,Petrol,Manual,1085000.0,200000,1300.0,Suzuki,Baleno,JXR,23,13.897091466615258
Islamabad,2017,Petrol,Automatic,4200000.0,120000,1300.0,Toyota,Corolla,GLi Automatic 1.3 VVTi,9,15.250595321348806
Lahore,2006,Petrol,Manual,1295000.0,159000,1300.0,Suzuki,Liana,RXi,20,14.07402202531625
Karachi,1998,Petrol,Manual,1535000.0,98523,1300.0,Toyota,Corolla,8th (E110) Generation GL,28,14.24404159046902
Karachi,2007,Petrol,Manual,2200000.0,128000,1300.0,Toyota,Corolla,XLi,19,14.603968372873895
Karachi,2010,Petrol,Automatic,2575000.0,90000,1300.0,Honda,City,1.3 i-VTEC Prosmatec,16,14.761360480429413
Lahore,2022,Petrol,Manual,1070000.0,190000,1300.0,Honda,City,,4,13.883170141017091
Karachi,2016,Petrol,Manual,3150000.0,101200,1300.0,Honda,City,1.3 i-VTEC,10,14.962913328262083
Lahore,2015,Petrol,Automatic,3750000.0,122000,1300.0,Toyota,Corolla,GLi Automatic 1.3 VVTi,11,15.137266664613225
Islamabad,2005,Petrol,Manual,1550000.0,15121,1300.0,Toyota,Corolla,9th (E120) Generation XLi,21,14.253766134056512
Karachi,2016,Petrol,Automatic,2300000.0,89000,1300.0,Suzuki,Swift,DLX Automatic 1.3,10,14.648420115681892
Karachi,2020,Petrol,Manual,3810000.0,81000,1300.0,Toyota,Corolla,XLi VVTi,6,15.153140009570041
Lahore,2016,Petrol,Manual,3900000.0,119000,1300.0,Toyota,Corolla,GLi 1.3 VVTi,10,15.176487367510099
Islamabad,2007,Petrol,Manual,1495000.0,183500,1300.0,Suzuki,Liana,LXi Sport,19,14.217637433703022
Islamabad,2007,Petrol,Manual,2100000.0,250000,1300.0,Honda,City,i-DSI,19,14.557448378884015
Karachi,2003,Petrol,Manual,1000000.0,100000,1300.0,Honda,City,EXi,23,13.815511557963774
Lahore,2006,Petrol,Manual,1789999.9999999998,155000,1300.0,Honda,City,i-DSI,20,14.397726736475999
Islamabad,2015,Petrol,Automatic,3500000.0,75886,1300.0,Honda,City,1.3 i-VTEC Prosmatec,11,15.068273812173887
Lahore,2019,Petrol,Automatic,4495000.0,72000,1300.0,Toyota,Corolla,GLi Automatic 1.3 VVTi,7,15.318476448357243
Islamabad,2011,Petrol,Manual,2950000.0,136000,1300.0,Toyota,Corolla,GLi 1.3 VVTi,15,14.897316067298997
Islamabad,2021,Petrol,Manual,2500000.0,75238,1300.0,Proton,Saga,1.3L Standard M/T,5,14.731801689838349
Lahore,2017,Petrol,Manual,3850000.0,170000,1300.0,Toyota,Corolla,GLi 1.3 VVTi,9,15.163583966004193
Islamabad,2014,Petrol,Automatic,2490000.0,90000,1300.0,Suzuki,Swift,DLX Automatic 1.3,12,14.727793670047236
Lahore,1996,Petrol,Manual,1250000.0,250000,1300.0,Toyota,Corolla,8th (E110) Generation XE,30,14.038654909278163
Lahore,2010,Petrol,Manual,2400000.0,108000,1300.0,Honda,City,,16,14.690979711984754
Karachi,2002,Petrol,Manual,1050000.0,140000,1300.0,Honda,City,EXi S,24,13.864301674514206
Islamabad,2019,Petrol,Manual,3850000.0,86000,1300.0,Honda,City,1.3 i-VTEC,7,15.163583966004193
Lahore,2013,Petrol,Manual,2790000.0,270000,1300.0,Toyota,Corolla,XLi VVTi,13,14.841552512220423
Islamabad,2021,Petrol,Automatic,4300000.0,60000,1300.0,Honda,City,5th (GM2) Generation 1.3 i-VTEC Prosmatec,5,15.274125813221904
Islamabad,2003,Petrol,Manual,1200000.0,150000,1300.0,Suzuki,Baleno,JXR,23,13.997832948091215
Islamabad,1986,Petrol,Manual,520000.0,100,1300.0,Toyota,Corolla,,40,13.161586013632684
Karachi,2004,Petrol,Automatic,1850000.0,50000,1300.0,Honda,City,i-DSI Vario,22,14.430696737594902
Lahore,2005,Petrol,Manual,1290000.0,176000,1300.0,Mitsubishi,Lancer,GLX 1.3,21,14.070153551531353
Lahore,2002,Petrol,Manual,1300000.0,200000,1300.0,Honda,City,EXi,24,14.077875591662238
Lahore,2012,Petrol,Manual,2875000.0,99000,1300.0,Honda,City,5th (GM2) Generation Aspire 1.3 i-VTEC,14,14.871563580039615
Islamabad,2005,Petrol,Manual,1275000.0,100000,1300.0,Suzuki,Baleno,JXR,21,14.058457520888082
Islamabad,2011,Petrol,Manual,3250000.0,68000,1300.0,Toyota,Corolla,XLi VVTi,15,14.99416586199818
Lahore,2016,Petrol,Manual,3310000.0,160000,1300.0,Toyota,Corolla,GLi 1.3 VVTi,10,15.012459049468003
Lahore,2015,Petrol,Manual,2900000.0,100000,1300.0,Toyota,Corolla,XLi VVTi,11,14.88022163978423
Islamabad,2007,Petrol,Automatic,2100000.0,118000,1300.0,Toyota,Passo,G 1.3,19,14.557448378884015
Islamabad,2015,Petrol,Manual,3579999.9999999995,110000,1300.0,Toyota,Corolla,XLi VVTi,11,15.090873637706453
Islamabad,1996,Petrol,Manual,1400000.0,250000,1300.0,Toyota,Corolla,XE,30,14.151983508870947
Islamabad,2017,Petrol,Manual,4500000.0,150000,1300.0,Toyota,Corolla,GLi 1.3 VVTi,9,15.319588176962746
Karachi,2012,Petrol,Manual,2450000.0,118000,1300.0,Toyota,Corolla,XLi VVTi,14,14.711598990684092
Lahore,2019,Petrol,Automatic,4848000.0,93000,1300.0,Toyota,Corolla,GLi Automatic 1.3 VVTi,7,15.394077013001894
Islamabad,2017,Petrol,Manual,3440000.0,100000,1300.0,Honda,City,1.5 i-VTEC,9,15.050982320047213
Karachi,2009,Petrol,Manual,2000000.0,100000,1300.0,Toyota,Corolla,XLi VVTi,17,14.508658238524095
Islamabad,1997,Petrol,Manual,635000.0,900,1300.0,Suzuki,Margalla,,29,13.361381852676738
Islamabad,2009,Petrol,Manual,2600000.0,171500,1300.0,Toyota,Corolla,GLi 1.3 VVTi,17,14.77102238760702
Karachi,2020,Petrol,Manual,1655000.0,99000,1300.0,FAW,V2,VCT-i,6,14.319312171022725
Karachi,2019,Petrol,Automatic,3625000.0,282000,1300.0,Honda,City,5th (GM2) Generation 1.3 i-VTEC Prosmatec,7,15.103365122132944
Karachi,2006,Petrol,Manual,1250000.0,95000,1300.0,Suzuki,Liana,RXi,20,14.038654909278163
Islamabad,2019,Petrol,Automatic,4920000.0,56800,1300.0,Toyota,Corolla,GLi Automatic 1.3 VVTi,7,15.408819291720503
Islamabad,2015,Petrol,Manual,3420000.0000000005,165000,1300.0,Toyota,Corolla,XLi VVTi,11,15.045151401436407
Lahore,2016,Petrol,Manual,3125000.0,110000,1300.0,Honda,City,5th (GM2) Generation Aspire 1.3 i-VTEC,10,14.954945161152589
Karachi,2021,Petrol,Manual,3300000.0,40000,1300.0,Changan,Alsvin,1.3L MT Comfort,5,15.009433329466965
Lahore,2004,Petrol,Automatic,1950000.0,170000,1300.0,Honda,City,i-DSI Vario,22,14.48334044336031
Lahore,2019,Petrol,Automatic,4050000.0,63000,1300.0,Honda,City,5th (GM2) Generation 1.3 i-VTEC Prosmatec,7,15.214227685996272
Karachi,2012,Petrol,Manual,2350000.0,282000,1300.0,Toyota,Corolla,GLi 1.3 VVTi,14,14.669926311652166
Islamabad,2019,Petrol,Automatic,3950000.0,69300,1300.0,Honda,City,1.3 i-VTEC Prosmatec,7,15.18922639004183
Islamabad,2022,Petrol,Automatic,2875000.0,55100,1300.0,Proton,Saga,1.3L Ace A/T,4,14.871563580039615
Islamabad,2017,Petrol,Manual,2795000.0,44000,1300.0,Suzuki,Swift,DLX 1.3 Navigation,9,14.843343022353025
Lahore,2012,Petrol,Manual,2900000.0,200000,1300.0,Toyota,Corolla,GLi 1.3 VVTi,14,14.88022163978423
Lahore,2004,Petrol,Manual,1050000.0,200000,1300.0,Suzuki,Baleno,JXR,22,13.864301674514206
Karachi,2009,Petrol,Manual,1275000.0,92000,1300.0,Suzuki,Liana,RXi (CNG),17,14.058457520888082
Karachi,2013,Petrol,Manual,2620000.0,100000,1300.0,Toyota,Corolla,GLi 1.3 VVTi,13,14.778685257416596
Karachi,2004,Petrol,Manual,1750000.0,120000,1300.0,Toyota,Corolla,9th (E120) Generation XLi,22,14.375126917328105
Karachi,2003,Petrol,Manual,705000.0,120000,1300.0,Suzuki,Baleno,JXR,23,13.465954500233115
Lahore,2023,Petrol,Automatic,4885000.0,85000,1300.0,Toyota,Yaris,Sedan ATIV CVT 1.3,3,15.40168004816729
Lahore,2019,Petrol,Automatic,3675000.0,98000,1300.0,Honda,City,5th (GM2) Generation 1.3 i-VTEC Prosmatec,7,15.11706396273788
Islamabad,2016,Petrol,Manual,2875000.0,257000,1300.0,Honda,City,5th (GM2) Generation 1.3 i-VTEC,10,14.871563580039615
Lahore,2025,Petrol,Automatic,4990000.0,5100,1300.0,Toyota,Yaris,Sedan GLI CVT 1.3,1,15.422946668128484
Lahore,2020,Petrol,Manual,2650000.0,47510,1300.0,Suzuki,Swift,DLX 1.3 Navigation,6,14.790070575320824
Islamabad,2011,Petrol,Manual,2150000.0,168703,1300.0,Suzuki,Swift,DLX 1.3,15,14.580978865220017
Lahore,2021,Petrol,Automatic,4215000.0,97000,1300.0,Toyota,Yaris,Sedan GLI CVT 1.3,5,15.254160386665989
Karachi,2009,Petrol,Manual,2145000.0,120000,1300.0,Toyota,Corolla,XLi VVTi,17,14.578650576544613
Lahore,2003,Petrol,Manual,2250000.0,180000,1300.0,Toyota,Corolla,9th (E120) Generation XLi,23,14.626441218624949
Lahore,2003,Petrol,Manual,1100000.0,150000,1300.0,Honda,City,EXi,23,13.910821646859095
Lahore,2017,Petrol,Automatic,4850000.0,88000,1300.0,Toyota,Corolla,XLi VVTi,9,15.394489469099211
Karachi,2017,Petrol,Automatic,4200000.0,90000,1300.0,Toyota,Corolla,GLi Automatic 1.3 VVTi,9,15.250595321348806
Islamabad,2020,Petrol,Automatic,2830000.0,79000,1300.0,Suzuki,Swift,DLX Automatic 1.3 Navigation,6,14.855787622976248
Lahore,2016,Petrol,Automatic,4150000.0,91150,1300.0,Toyota,Corolla,GLi Automatic 1.3 VVTi,10,15.238619133170708
Karachi,1985,Petrol,Manual,300000.0,123000,1300.0,Toyota,Corolla,DX Saloon,41,12.611541086966115
Lahore,2015,Petrol,Manual,3470000.0000000005,84000,1300.0,Toyota,Corolla,GLi 1.3 VVTi,11,15.05966544010744
Karachi,2016,Petrol,Automatic,3725000.0,76000,1300.0,Toyota,Corolla,GLi Automatic 1.3 VVTi,10,15.130577678252136
Lahore,2015,Petrol,Manual,1945000.0,50500,1300.0,FAW,V2,VCT-i,11,14.480773049173369
Lahore,2015,Petrol,Manual,2660000.0,198000,1300.0,Toyota,Corolla,XLi VVTi,11,14.793837056697662
Lahore,2012,Petrol,Manual,2695000.0,199000,1300.0,Toyota,Corolla,GLi 1.3 VVTi,14,14.80690913338268
Islamabad,2011,Hybrid,Automatic,2820000.0,182000,1300.0,Honda,Fit,1.3 Hybrid Navi Premium Selection,15,14.852247797524162
Karachi,2023,Petrol,Manual,4550000.0,67260,1300.0,Toyota,Yaris,Sedan ATIV MT 1.3,3,15.330638010707329
Islamabad,2006,Petrol,Manual,2440000.0,210000,1300.0,Honda,City,i-DSI,20,14.707509007105367
Lahore,2014,Petrol,Manual,2280000.0,212000,1300.0,Suzuki,Swift,DLX 1.3,12,14.639686439527019
Islamabad,2013,Petrol,Manual,2880000.0,162000,1300.0,Toyota,Corolla,GLi Limited Edition 1.3 VVTi,13,14.873301199334291
Islamabad,1997,Petrol,Manual,1225000.0,179000,1300.0,Honda,City,EXi,29,14.018452218287162
Lahore,2016,Petrol,Automatic,3475000.0,145000,1300.0,Honda,City,Aspire Prosmatec 1.3 i-VTEC,10,15.061105324750772
Lahore,2007,Petrol,Manual,1650000.0,238569,1300.0,Honda,City,i-DSI,19,14.316286451937186
Islamabad,2005,Petrol,Manual,1280000.0,155000,1300.0,Suzuki,Baleno,JXR,21,14.062371417145494
Karachi,2009,Petrol,Manual,2300000.0,100000,1300.0,Toyota,Corolla,GLi 1.3 VVTi,17,14.648420115681892
Lahore,2010,Petrol,Manual,2350000.0,235000,1300.0,Toyota,Corolla,XLi VVTi,16,14.669926311652166
Islamabad,2006,Petrol,Automatic,2100000.0,192000,1300.0,Toyota,Belta,G 1.3,20,14.557448378884015
Karachi,2019,Petrol,Automatic,4400000.0,46000,1300.0,Toyota,Corolla,XLi Automatic,7,15.29711532616119
Lahore,2017,Petrol,Manual,3500000.0,90000,1300.0,Honda,City,5th (GM2) Generation Aspire 1.3 i-VTEC,9,15.068273812173887
Karachi,2016,Petrol,Manual,3750000.0,59400,1300.0,Toyota,Corolla,GLi 1.3 VVTi,10,15.137266664613225
Karachi,2016,Petrol,Manual,3700000.0,175944,1300.0,Toyota,Corolla,GLi 1.3 VVTi,10,15.123843647884687
Lahore,2013,Petrol,Manual,3150000.0,128000,1300.0,Toyota,Corolla,GLi 1.3 VVTi,13,14.962913328262083
Lahore,2004,Petrol,Manual,949000.0,138249,1300.0,Suzuki,Baleno,JXR,22,13.76316513133229
Karachi,2013,Petrol,Manual,1850000.0,118179,1300.0,Suzuki,Swift,DX 1.3,13,14.430696737594902
Karachi,2018,Petrol,Automatic,2780000.0,63000,1300.0,Suzuki,Swift,DLX Automatic 1.3 Navigation,8,14.837961845378985
Lahore,2005,Petrol,Manual,1425000.0,150000,1300.0,Honda,City,i-DSI,21,14.169683073439028
Lahore,2020,Petrol,Automatic,4275000.0,58150,1300.0,Honda,City,5th (GM2) Generation 1.3 i-VTEC Prosmatec,6,15.268294894271099
Islamabad,2015,Petrol,Manual,3425000.0,110000,1300.0,Toyota,Corolla,XLi VVTi,11,15.046612321649222
Karachi,2011,Petrol,Manual,2550000.0,120000,1300.0,Honda,City,5th (GM2) Generation 1.3 i-VTEC,15,14.751604309291395
Karachi,2010,Petrol,Manual,2650000.0,113848,1300.0,Toyota,Corolla,GLi 1.3 VVTi,16,14.790070575320824
Karachi,2007,Petrol,Manual,2150000.0,198000,1300.0,Toyota,Corolla,9th (E120) Generation XLi,19,14.580978865220017
Islamabad,2014,Petrol,Manual,3125000.0,110000,1300.0,Honda,City,5th (GM2) Generation 1.3 i-VTEC,12,14.954945161152589
Lahore,2014,Petrol,Manual,2880000.0,152230,1300.0,Toyota,Corolla,GLi 1.3 VVTi,12,14.873301199334291
Karachi,2018,Petrol,Manual,2450000.0,66000,1300.0,Suzuki,Swift,DLX 1.3 Navigation,8,14.711598990684092
Karachi,2011,Petrol,Manual,2600000.0,208682,1300.0,Toyota,Corolla,GLi 1.3 VVTi,15,14.77102238760702
Islamabad,2009,Petrol,Manual,2590000.0,210000,1300.0,Toyota,Corolla,GLi 1.3 VVTi,17,14.767168819776032
Karachi,2008,Petrol,Manual,1285000.0,139000,1300.0,Suzuki,Liana,RXi,18,14.06627005452127
Karachi,2018,Petrol,Automatic,4300000.0,50000,1300.0,Toyota,Corolla,GLi Automatic 1.3 VVTi,8,15.274125813221904
Lahore,2013,Petrol,Manual,2770000.0,82900,1300.0,Honda,City,1.3 i-VTEC,13,14.834358239174286
Karachi,2013,Petrol,Manual,3000000.0,140000,1300.0,Toyota,Corolla,GLi 1.3 VVTi,13,14.914123179965662
Karachi,2021,Petrol,Automatic,3000000.0,73000,1300.0,Suzuki,Swift,DLX Automatic 1.3 Navigation,5,14.914123179965662
Lahore,2005,Petrol,Manual,1575000.0,123000,1300.0,Honda,City,i-DSI,21,14.269766465162304
Lahore,2008,Petrol,Manual,1975000.0,115000,1300.0,Honda,City,i-DSI,18,14.496079462646344
Karachi,2005,Petrol,Manual,975000.0,282000,1300.0,Suzuki,Baleno,JXL,21,13.790193775620484
Islamabad,2003,Petrol,Manual,1100000.0,100000,1300.0,Suzuki,Baleno,Sport,23,13.910821646859095
Lahore,2009,Petrol,Automatic,2350000.0,90000,1300.0,Toyota,Vitz,F 1.3,17,14.669926311652166
Lahore,2006,Petrol,Manual,1780000.0,100000,1300.0,Honda,City,i-DSI,20,14.392124484065864
Karachi,2018,Petrol,Manual,1950000.0,60000,1300.0,FAW,V2,VCT-i,8,14.48334044336031
Lahore,2014,Petrol,Manual,3225000.0,70500,1300.0,Honda,City,Aspire 1.3 i-VTEC,12,14.986443818289482
Lahore,2018,Petrol,Manual,3800000.0,104000,1300.0,Honda,City,5th (GM2) Generation 1.3 i-VTEC,8,15.150511887854474
Lahore,2019,Petrol,Manual,2795000.0,103000,1300.0,Suzuki,Swift,DLX 1.3 Navigation,7,14.843343022353025
Karachi,2016,Petrol,Manual,2250000.0,100000,1300.0,Suzuki,Swift,DLX 1.3,10,14.626441218624949
Islamabad,2019,Petrol,Manual,3700000.0,90000,1300.0,Honda,City,5th (GM2) Generation 1.3 i-VTEC,7,15.123843647884687
Islamabad,2006,Petrol,Automatic,2400000.0,124000,1300.0,Honda,City,i-DSI Vario,20,14.690979711984754
Lahore,2017,Petrol,Manual,3579999.9999999995,189324,1300.0,Toyota,Corolla,XLi VVTi,9,15.090873637706453
Lahore,2015,Petrol,Manual,3100000.0,86,1300.0,Honda,City,1.3 i-VTEC,11,14.946912992035967
Lahore,2005,Petrol,Manual,1750000.0,250000,1300.0,Honda,City,i-DSI,21,14.375126917328105
Lahore,2021,Petrol,Automatic,4350000.0,31900,1300.0,Toyota,Yaris,Sedan ATIV CVT 1.3,5,15.285686632949897
Islamabad,2011,Petrol,Manual,2200000.0,88000,1300.0,Suzuki,Swift,DLX 1.3,15,14.603968372873895
Lahore,2017,Petrol,Automatic,4270000.0,113000,1300.0,Toyota,Corolla,GLi Automatic 1.3 VVTi,9,15.267124619396817
Lahore,2010,Petrol,Manual,2150000.0,225000,1300.0,Toyota,Corolla,XLi VVTi,16,14.580978865220017
Lahore,2013,Petrol,Manual,1975000.0,126000,1300.0,Suzuki,Swift,DLX 1.3,13,14.496079462646344
Lahore,2013,Petrol,Manual,2990000.0,145000,1300.0,Honda,City,1.3 i-VTEC,13,14.910784279814974
Islamabad,2019,Petrol,Manual,4900000.0,43000,1300.0,Toyota,Corolla,GLi 1.3 VVTi,7,15.404745967162468
Lahore,2021,Petrol,Automatic,4095000.0000000005,75000,1300.0,Toyota,Yaris,Sedan GLI CVT 1.3,5,15.225277519469522
Karachi,2010,Petrol,Manual,2250000.0,109000,1300.0,Honda,City,5th (GM2) Generation 1.3 i-VTEC,16,14.626441218624949
Karachi,2013,Petrol,Manual,2650000.0,129000,1300.0,Toyota,Corolla,GLi 1.3 VVTi,13,14.790070575320824
Islamabad,2014,Petrol,Manual,3090000.0,109500,1300.0,Honda,City,1.3 i-VTEC,12,14.94368197249847
Lahore,2017,Petrol,Manual,3700000.0,83357,1300.0,Honda,City,Aspire 1.3 i-VTEC,9,15.123843647884687
Lahore,2012,Petrol,Manual,2900000.0,128000,1300.0,Honda,City,Aspire 1.3 i-VTEC,14,14.88022163978423
Lahore,2005,Petrol,Manual,1200000.0,160000,1300.0,Suzuki,Baleno,JXR,21,13.997832948091215
Lahore,2019,Petrol,Manual,3150000.0,85500,1300.0,Honda,City,1.3 i-VTEC,7,14.962913328262083
Islamabad,2005,Petrol,Manual,1150000.0,282000,1300.0,Suzuki,Baleno,Sport,21,13.955273369904273
Lahore,2021,Petrol,Automatic,4150000.0,133000,1300.0,Toyota,Yaris,Sedan ATIV CVT 1.3,5,15.238619133170708
Lahore,1997,Petrol,Manual,910000.0,282000,1300.0,Honda,City,EXi,29,13.721200977393528
Lahore,2019,Petrol,Automatic,3750000.0,91000,1300.0,Honda,City,5th (GM2) Generation 1.3 i-VTEC Prosmatec,7,15.137266664613225
Lahore,2020,Petrol,Manual,3850000.0,82000,1300.0,Honda,City,5th (GM2) Generation 1.3 i-VTEC,6,15.163583966004193
Islamabad,2025,Petrol,Automatic,5500000.0,20,1300.0,Toyota,Yaris,Sedan GLI CVT 1.3,1,15.520258832020865
Lahore,2012,Petrol,Manual,2340000.0,260000,1300.0,Toyota,Corolla,XLi VVTi,14,14.66566191468422
Islamabad,2010,Petrol,Manual,2950000.0,91000,1300.0,Honda,City,1.3 i-VTEC,16,14.897316067298997
Islamabad,1998,Petrol,Automatic,1660000.0000000002,112400,1300.0,Toyota,Corolla,8th (E110) Generation XE Limited,28,14.322328762742183
Lahore,1999,Petrol,Automatic,980000.0000000001,152500,1300.0,Nissan,Sunny,,27,13.795308871054397
Lahore,2011,Petrol,Manual,2850000.0,149000,1300.0,Toyota,Corolla,GLi 1.3 VVTi,15,14.862829903121964
Lahore,2016,Petrol,Manual,3460000.0,60000,1300.0,Honda,City,5th (GM2) Generation 1.3 i-VTEC,10,15.056779436051206
Islamabad,1997,Petrol,Manual,1150000.0,54900,1300.0,Suzuki,Margalla,GL Plus,29,13.955273369904273
Lahore,2018,Petrol,Automatic,3825000.0,78000,1300.0,Honda,City,1.3 i-VTEC Prosmatec,8,15.157069286680647
Lahore,2018,Petrol,Manual,2600000.0,87000,1300.0,Suzuki,Swift,DLX 1.3 Navigation,8,14.77102238760702
Lahore,2017,Petrol,Manual,3900000.0,88000,1300.0,Toyota,Corolla,GLi 1.3 VVTi,9,15.176487367510099
Lahore,2018,Petrol,Automatic,3800000.0,106000,1300.0,Honda,City,5th (GM2) Generation 1.3 i-VTEC Prosmatec,8,15.150511887854474
Lahore,2008,Petrol,Manual,1950000.0,105000,1300.0,Honda,City,,18,14.48334044336031
Islamabad,2001,Petrol,Manual,1350000.0,100000,1300.0,Honda,City,EXi,25,14.115615891155079
Islamabad,2009,Petrol,Manual,2700000.0,98000,1300.0,Toyota,Corolla,GLi 1.3 VVTi,17,14.80876270134486
Lahore,2017,Petrol,Manual,3400000.0,100000,1300.0,Toyota,Corolla,XLi VVTi,9,15.039286283703994
Islamabad,2006,Petrol,Manual,1175000.0,125000,1300.0,Suzuki,Liana,LXi Sport,20,13.976779556623864
Karachi,2002,Petrol,Manual,985000.0,150000,1300.0,Honda,City,EXi,24,13.800397935382136
Islamabad,2014,Petrol,Manual,2990000.0,124000,1300.0,Honda,City,1.3 i-VTEC,12,14.910784279814974
Islamabad,2010,Petrol,Manual,2450000.0,170000,1300.0,Honda,City,1.3 i-VTEC,16,14.711598990684092
Islamabad,2010,Petrol,Manual,2250000.0,100000,1300.0,Toyota,Corolla,XLi VVTi,16,14.626441218624949
Islamabad,2017,Petrol,Manual,2590000.0,97000,1300.0,Suzuki,Swift,DLX 1.3,9,14.767168819776032
Lahore,2014,Petrol,Manual,3075000.0,70000,1300.0,Honda,City,1.3 i-VTEC,12,14.938815784425955
Karachi,2007,Petrol,Manual,1300000.0,220000,1300.0,Suzuki,Liana,RXi,19,14.077875591662238
Karachi,2016,Petrol,Automatic,3850000.0,91000,1300.0,Toyota,Corolla,GLi Automatic 1.3 VVTi,10,15.163583966004193
Islamabad,2009,Petrol,Manual,2375000.0,198650,1300.0,Toyota,Corolla,GLi 1.3 VVTi,17,14.680508416503422
Karachi,1998,Petrol,Manual,950000.0,100000,1300.0,Honda,City,EXi,28,13.76421831620775
Karachi,2021,Petrol,Manual,3650000.0,31000,1300.0,Honda,City,5th (GM2) Generation 1.3 i-VTEC,5,15.11023799953124
Lahore,2018,Petrol,Manual,3329999.9999999995,142000,1300.0,Honda,City,5th (GM2) Generation 1.3 i-VTEC,8,15.018483162256882
Islamabad,2018,Petrol,Automatic,2695000.0,99000,1300.0,Suzuki,Swift,DLX Automatic 1.3 Navigation,8,14.80690913338268
Lahore,2021,Petrol,Automatic,4650000.0,44000,1300.0,Toyota,Yaris,Sedan ATIV CVT 1.3,5,15.35237799261728
Lahore,2006,Petrol,Manual,1150000.0,282000,1300.0,Suzuki,Liana,RXi,20,13.955273369904273
Lahore,2023,Petrol,Automatic,5200000.0,12243,1300.0,Toyota,Yaris,Sedan ATIV CVT 1.3,3,15.46416937585933
Lahore,2003,Petrol,Manual,1075000.0,150000,1300.0,Honda,City,EXi,23,13.887832149776026
Lahore,2017,Petrol,Manual,3375000.0,146000,1300.0,Honda,City,5th (GM2) Generation,9,15.03190617858502
Lahore,2008,Petrol,Manual,1820000.0,100000,1300.0,Toyota,Corolla,GLi 1.3,18,14.414347608503377
Lahore,2014,Petrol,Manual,2920000.0,174000,1300.0,Honda,City,1.3 i-VTEC,12,14.887094516710158
Lahore,2009,Petrol,Manual,2400000.0,100000,1300.0,Honda,City,5th (GM2) Generation 1.3 i-VTEC,17,14.690979711984754
Karachi,2007,Petrol,Manual,1900000.0,140000,1300.0,Toyota,Corolla,9th (E120) Generation XLi,19,14.45736497045232
Lahore,2017,Petrol,Automatic,2760000.0,66000,1300.0,Suzuki,Swift,DLX Automatic 1.3 Navigation,9,14.830741600012107
Lahore,2013,Petrol,Automatic,2865000.0,124330,1300.0,Honda,City,1.3 i-VTEC Prosmatec,13,14.868079257171056
Islamabad,2016,Petrol,Manual,3170000.0,135000,1300.0,Honda,City,5th (GM2) Generation 1.3 i-VTEC,10,14.969242461310827
Islamabad,2014,Petrol,Manual,3050000.0,104850,1300.0,Toyota,Corolla,XLi VVTi,12,14.930652476452392
Lahore,2021,Petrol,Automatic,4390000.0,53000,1300.0,Toyota,Yaris,Sedan ATIV CVT 1.3,5,15.29484001284176
Lahore,2006,Petrol,Manual,1900000.0,1600,1300.0,Toyota,Corolla,9th (E120) Generation XLi,20,14.45736497045232
Islamabad,2000,Petrol,Manual,990000.0,100000,1300.0,Suzuki,Baleno,GL,26,13.805461232211272
Lahore,2018,Petrol,Automatic,3550000.0,72500,1300.0,Honda,City,5th (GM2) Generation 1.3 i-VTEC Prosmatec,8,15.0824584431417
Karachi,2010,Petrol,Manual,2150000.0,150000,1300.0,Toyota,Corolla,XLi VVTi,16,14.580978865220017
Islamabad,2004,Petrol,Manual,1240000.0,37505,1300.0,Suzuki,Baleno,Sport,22,14.030622744032508
Lahore,2019,Petrol,Manual,3400000.0,92533,1300.0,Suzuki,Swift,DLX 1.3 Navigation,7,15.039286283703994
Lahore,2013,Petrol,Manual,3290000.0,88000,1300.0,Toyota,Corolla,GLi Limited Edition 1.3 VVTi,13,15.006398426692876
Lahore,2008,Petrol,Manual,2000000.0,120000,1300.0,Toyota,Corolla,GLi 1.3,18,14.508658238524095
Karachi,2012,Petrol,Manual,1350000.0,118000,1300.0,Suzuki,Liana,RXi (CNG),14,14.115615891155079
Lahore,2012,Petrol,Manual,2690000.0,177000,1300.0,Honda,City,1.3 i-VTEC,14,14.805052123325165
Islamabad,2012,Petrol,Automatic,3700000.0,172000,1300.0,Toyota,Probox,,14,15.123843647884687
Lahore,2014,Petrol,Automatic,3200000.0,102000,1300.0,Toyota,Vitz,F 1.3,12,14.978661680269907
Lahore,2012,Petrol,Manual,2835000.0,127322,1300.0,Honda,City,1.3 i-VTEC,14,14.857552847877614
Islamabad,2012,Petrol,Manual,3045000.0,100000,1300.0,Honda,City,Aspire 1.3 i-VTEC,14,14.929011787533305
Karachi,2006,Petrol,Automatic,2095000.0,110000,1300.0,Toyota,Belta,X Business A Package 1.3,20,14.55506458866523
Karachi,2015,Petrol,Automatic,3800000.0,179000,1300.0,Toyota,Corolla,GLi Automatic 1.3 VVTi,11,15.150511887854474
Karachi,2015,Petrol,Automatic,3550000.0,95000,1300.0,Toyota,Corolla,GLi Automatic 1.3 VVTi,11,15.0824584431417
Karachi,2016,Petrol,Manual,3200000.0,41000,1300.0,Honda,City,Aspire 1.3 i-VTEC,10,14.978661680269907
Lahore,2013,Petrol,Manual,2900000.0,145000,1300.0,Honda,City,5th (GM2) Generation 1.3 i-VTEC,13,14.88022163978423
Lahore,2014,Petrol,Manual,2120000.0,150000,1300.0,Suzuki,Swift,DX 1.3,12,14.566927118346197
Islamabad,2017,Petrol,Manual,3650000.0,65000,1300.0,Honda,City,5th (GM2) Generation 1.3 i-VTEC,9,15.11023799953124
Islamabad,2014,Petrol,Manual,2325000.0,168000,1300.0,Suzuki,Swift,DLX 1.3,12,14.659231027111028
Lahore,2009,Petrol,Manual,2400000.0,180000,1300.0,Toyota,Corolla,GLi 1.3 VVTi,17,14.690979711984754
Islamabad,2015,Petrol,Manual,2425000.0,149000,1300.0,Suzuki,Swift,DLX 1.3,11,14.70134249472477
Islamabad,2009,Petrol,Manual,2280000.0,226000,1300.0,Toyota,Corolla,XLi VVTi,17,14.639686439527019
Islamabad,1986,Petrol,Automatic,420000.0,70000,1300.0,Daihatsu,Charade,,40,12.948012371209098
Karachi,2017,Petrol,Automatic,4300000.0,47000,1300.0,Toyota,Corolla,GLi Automatic 1.3 VVTi,9,15.274125813221904
Islamabad,2009,Petrol,Manual,2550000.0,120000,1300.0,Toyota,Corolla,XLi VVTi,17,14.751604309291395
Karachi,1990,Petrol,Manual,750000.0,165000,1300.0,Honda,Civic,,36,13.527829818844937
Islamabad,2011,Petrol,Automatic,3050000.0,155000,1300.0,Honda,City,5th (GM2) Generation 1.3 i-VTEC Prosmatec,15,14.930652476452392
Karachi,2005,Petrol,Manual,1450000.0,37000,1300.0,Honda,City,i-DSI,21,14.187074804051692
Karachi,2016,Petrol,Manual,3345000.0000000005,112000,1300.0,Toyota,Corolla,GLi 1.3 VVTi,10,15.022977550498084
Islamabad,2010,Petrol,Manual,2300000.0,123480,1300.0,Toyota,Corolla,XLi VVTi,16,14.648420115681892
Lahore,2014,Petrol,Manual,2050000.0,129000,1300.0,Suzuki,Swift,DLX 1.3,12,14.53335083891935
Karachi,2015,Petrol,Manual,3100000.0,70000,1300.0,Honda,City,5th (GM2) Generation 1.3 i-VTEC,11,14.946912992035967
Karachi,2013,Petrol,Manual,1620000.0,100000,1300.0,Suzuki,Swift,DX 1.3,13,14.297937324492327
Karachi,2012,Petrol,Manual,2435000.0,72500,1300.0,Toyota,Corolla,XLi VVTi,14,14.70545772517636
Lahore,2017,Petrol,Manual,3479999.9999999995,104380,1300.0,Honda,City,5th (GM2) Generation 1.3 i-VTEC,9,15.062543139106937
Lahore,2017,Petrol,Manual,3460000.0,104300,1300.0,Honda,City,5th (GM2) Generation 1.3 i-VTEC,9,15.056779436051206
Islamabad,2014,Petrol,Manual,2440000.0,85000,1300.0,Suzuki,Swift,DLX 1.3,12,14.707509007105367
Karachi,2019,Petrol,Automatic,3785000.0,63000,1300.0,Honda,City,5th (GM2) Generation 1.3 i-VTEC Prosmatec,7,15.146556709054444
Lahore,2015,Petrol,Automatic,3979999.9999999995,88000,1300.0,Toyota,Corolla,GLi Automatic 1.3 VVTi,11,15.19679262851687
Islamabad,2005,Petrol,Manual,1960000.0000000002,193000,1300.0,Toyota,Corolla,GLi 1.3,21,14.488455541410652
Islamabad,2022,Petrol,Automatic,3150000.0,14500,1299.0,Proton,Saga,1.3L Ace A/T,4,14.962913328262083
Lahore,2003,Petrol,Manual,1050000.0,256428,1300.0,Suzuki,Baleno,,23,13.864301674514206
Lahore,2019,Petrol,Automatic,3950000.0,70665,1300.0,Honda,City,1.3 i-VTEC Prosmatec,7,15.18922639004183
Karachi,2020,Petrol,Automatic,3900000.0,68000,1300.0,Honda,City,1.3 i-VTEC Prosmatec,6,15.176487367510099
Lahore,2022,Petrol,Automatic,3250000.0,43000,1299.0,Proton,Saga,1.3L Ace A/T,4,14.99416586199818
Lahore,2018,Petrol,Manual,1650000.0,135000,1300.0,FAW,V2,VCT-i,8,14.316286451937186
Lahore,2019,Petrol,Manual,3550000.0,44150,1300.0,Honda,City,1.3 i-VTEC,7,15.0824584431417
Karachi,2004,Petrol,Manual,1525000.0,140000,1300.0,Honda,City,i-DSI,22,14.23750562376114
Islamabad,2007,Petrol,Manual,1150000.0,200000,1300.0,Suzuki,Liana,RXi,19,13.955273369904273
Karachi,2020,Petrol,Manual,3335000.0,78000,1300.0,Honda,City,5th (GM2) Generation 1.3 i-VTEC,6,15.019983537181892
Karachi,2006,Petrol,Manual,950000.0,150000,1300.0,Suzuki,Liana,LXi Sport,20,13.76421831620775
Islamabad,2014,Petrol,Manual,2800000.0,167700,1300.0,Toyota,Corolla,XLi VVTi,12,14.845130332288226
Karachi,2016,Petrol,Manual,3500000.0,126000,1300.0,Honda,City,5th (GM2) Generation 1.3 i-VTEC,10,15.068273812173887
Lahore,2006,Petrol,Manual,1800000.0,195000,1300.0,Honda,City,i-DSI,20,14.403297778421795
Lahore,2019,Petrol,Automatic,4280000.0,82000,1300.0,Toyota,Corolla,XLi Automatic,7,15.269463801202813
Lahore,2011,Petrol,Manual,2570000.0,126000,1300.0,Toyota,Corolla,XLi VVTi,15,14.759416845976386
Lahore,2006,Petrol,Manual,2300000.0,150000,1300.0,Toyota,Corolla,9th (E120) Generation XLi,20,14.648420115681892
Islamabad,2018,Petrol,Manual,3500000.0,86700,1300.0,Honda,City,1.3 i-VTEC,8,15.068273812173887
Lahore,2021,Petrol,Automatic,4390000.0,53000,1300.0,Toyota,Yaris,Sedan ATIV CVT 1.3,5,15.29484001284176
Karachi,2009,Petrol,Manual,2100000.0,125000,1300.0,Toyota,Corolla,GLi 1.3 VVTi,17,14.557448378884015
Islamabad,2017,Petrol,Manual,2680000.0,91000,1300.0,Suzuki,Swift,DLX 1.3,9,14.801327725621299
Karachi,2019,Petrol,Manual,4350000.0,60000,1300.0,Toyota,Corolla,GLi 1.3 VVTi,7,15.285686632949897
Karachi,2018,Petrol,Manual,2540000.0,79000,1300.0,Suzuki,Swift,DLX 1.3 Navigation,8,14.74767503269543
Islamabad,2007,Petrol,Automatic,2380000.0,160000,1300.0,Honda,City,i-DSI Vario,19,14.682611465815636
Islamabad,2012,Petrol,Manual,2450000.0,93000,1300.0,Suzuki,Swift,DLX 1.3,14,14.711598990684092
Karachi,2018,Petrol,Automatic,3640000.0,46000,1300.0,Honda,City,1.3 i-VTEC Prosmatec,8,15.10749451433816
Islamabad,2016,Petrol,Automatic,3479999.9999999995,94000,1300.0,Honda,City,1.3 i-VTEC Prosmatec,10,15.062543139106937
Lahore,2020,Petrol,Automatic,4250000.0,75000,1300.0,Toyota,Yaris,Sedan ATIV CVT 1.3,6,15.26242977619469
Lahore,2016,Petrol,Manual,3340000.0,85000,1300.0,Toyota,Corolla,GLi 1.3 VVTi,10,15.021481664354036
Karachi,2025,Petrol,Automatic,5050000.0,40,1300.0,Toyota,Yaris,Sedan GLI CVT 1.3,1,15.434898999271326
Karachi,2025,Petrol,Automatic,5050000.0,40,1300.0,Toyota,Yaris,Sedan GLI CVT 1.3,1,15.434898999271326
Islamabad,2003,Petrol,Manual,1710000.0000000002,189564,1300.0,Honda,City,EXi,23,14.352004513273993
Islamabad,2004,Petrol,Manual,1730000.0,282000,1300.0,Honda,City,i-DSI,22,14.363632544508476
Karachi,2011,Petrol,Automatic,2500000.0,88004,1300.0,Honda,City,1.3 i-VTEC Prosmatec,15,14.731801689838349
Lahore,2006,Petrol,Manual,1175000.0,100000,1300.0,Suzuki,Liana,RXi,20,13.976779556623864
Lahore,2025,Petrol,Automatic,5090000.0,15,1300.0,Toyota,Yaris,Sedan GLI CVT 1.3,1,15.44278858499034
Karachi,2025,Petrol,Automatic,5050000.0,50,1300.0,Toyota,Yaris,Sedan GLI CVT 1.3,1,15.434898999271326
Karachi,2013,Petrol,Automatic,2690000.0,107000,1300.0,Honda,City,5th (GM2) Generation 1.3 i-VTEC Prosmatec,13,14.805052123325165
Karachi,2013,Petrol,Manual,2950000.0,87000,1300.0,Honda,City,1.3 i-VTEC,13,14.897316067298997
Karachi,2017,Petrol,Manual,3350000.0,71000,1300.0,Toyota,Corolla,XLi VVTi,9,15.024471202308668
Islamabad,2011,Petrol,Manual,3040000.0,151000,1300.0,Toyota,Corolla,GLi 1.3 VVTi,15,14.92736840232972
Islamabad,2013,Petrol,Manual,2300000.0,122000,1300.0,Suzuki,Swift,DLX 1.3,13,14.648420115681892
Islamabad,2008,Petrol,Manual,1875000.0,90999,1300.0,Honda,City,i-DSI,18,14.444119750719839
Islamabad,2016,Petrol,Manual,4000000.0,149500,1300.0,Toyota,Corolla,GLi 1.3 VVTi,10,15.201805169084134
Islamabad,2010,Petrol,Manual,2390000.0,282000,1300.0,Toyota,Corolla,XLi VVTi,16,14.686804342317648
Islamabad,2018,Petrol,Manual,4200000.0,100000,1300.0,Toyota,Corolla,GLi 1.3 VVTi Special Edition,8,15.250595321348806
Lahore,2006,Petrol,Manual,1720000.0,200000,1300.0,Honda,City,i-DSI,20,14.357835430184815
Islamabad,2008,Petrol,Manual,2400000.0,17700,1300.0,Honda,City,i-DSI,18,14.690979711984754
Islamabad,2023,Petrol,Automatic,4955000.0,66234,1300.0,Toyota,Yaris,Sedan ATIV CVT 1.3,3,15.415907927562552
Islamabad,1986,Petrol,Manual,2175000.0,76000,1300.0,Toyota,Corolla,,40,14.59253968227493
Lahore,1993,CNG,Manual,600000.0,100000,1300.0,Mitsubishi,Lancer,,33,13.304686600863562
Karachi,2010,Petrol,Manual,2400000.0,282000,1300.0,Toyota,Corolla,GLi 1.3 VVTi,16,14.690979711984754
Karachi,2007,Petrol,Manual,1195000.0,140000,1300.0,Suzuki,Liana,RXi,19,13.993657580167481
Lahore,2015,Petrol,Manual,2835000.0,150000,1300.0,Honda,City,5th (GM2) Generation 1.3 i-VTEC,11,14.857552847877614
Lahore,2015,Petrol,Manual,3654999.9999999995,164500,1300.0,Toyota,Corolla,GLi 1.3 VVTi,11,15.11160692476379
Lahore,2021,Petrol,Automatic,4325000.0,48000,1300.0,Toyota,Yaris,Sedan ATIV CVT 1.3,5,15.279922929561963
Karachi,1993,Petrol,Manual,420000.0,200000,1300.0,Suzuki,Margalla,GL,33,12.948012371209098
Lahore,2006,Petrol,Manual,1950000.0,259000,1300.0,Honda,City,i-DSI,20,14.48334044336031
Karachi,2018,Petrol,Automatic,4200000.0,52000,1300.0,Toyota,Corolla,GLi Automatic 1.3 VVTi,8,15.250595321348806
Lahore,2021,Petrol,Manual,4200000.0,70500,1300.0,Toyota,Yaris,Sedan ATIV MT 1.3,5,15.250595321348806
Karachi,2003,Petrol,Manual,1400000.0,214000,1300.0,Honda,City,i-DSI,23,14.151983508870947
Lahore,2006,Petrol,Manual,2150000.0,80800,1300.0,Honda,City,i-DSI,20,14.580978865220017
Karachi,2016,Petrol,Automatic,3080000.0,89123,1300.0,Honda,City,1.3 i-VTEC Prosmatec,10,14.940440479625028
Lahore,2016,Petrol,Manual,3575000.0,178000,1300.0,Toyota,Corolla,GLi 1.3 VVTi,10,15.089476013830486
Lahore,2019,Petrol,Automatic,3675000.0,110000,1300.0,Honda,City,5th (GM2) Generation 1.3 i-VTEC Prosmatec,7,15.11706396273788
Karachi,2018,Petrol,Automatic,3550000.0,83000,1300.0,Toyota,Vitz,F Safety Edition II,8,15.0824584431417
Karachi,2007,Petrol,Automatic,2000000.0,109000,1300.0,Honda,City,,19,14.508658238524095
Lahore,2016,Petrol,Manual,4200000.0,165000,1300.0,Toyota,Corolla,XLi VVTi,10,15.250595321348806
Lahore,2010,Petrol,Manual,2150000.0,60000,1300.0,Suzuki,Swift,DLX 1.3,16,14.580978865220017
Islamabad,2014,Petrol,Manual,3175000.0,141000,1300.0,Toyota,Corolla,GLi 1.3 VVTi,12,14.97081850526951
Karachi,2020,Petrol,Automatic,3690000.0,85000,1300.0,Toyota,Yaris,Sedan GLI CVT 1.3,6,15.121137287019383
Karachi,2007,Petrol,Manual,1250000.0,10000,1300.0,Suzuki,Liana,RXi,19,14.038654909278163
Lahore,2015,Petrol,Manual,3150000.0,150000,1300.0,Honda,City,5th (GM2) Generation 1.3 i-VTEC,11,14.962913328262083
Lahore,2008,Petrol,Manual,2575000.0,150000,1300.0,Honda,City,i-DSI,18,14.761360480429413
Karachi,2007,Petrol,Manual,1680000.0,150000,1300.0,Toyota,Corolla,XLi,19,14.33430494661736
Lahore,2015,Petrol,Manual,2780000.0,162000,1300.0,Honda,City,5th (GM2) Generation 1.3 i-VTEC,11,14.837961845378985
Lahore,2017,Petrol,Manual,3300000.0,111000,1300.0,Honda,City,,9,15.009433329466965
Lahore,2018,Petrol,Manual,3375000.0,83000,1300.0,Honda,City,5th (GM2) Generation 1.3 i-VTEC,8,15.03190617858502
Lahore,2018,Petrol,Automatic,3795000.0000000005,106000,1300.0,Honda,City,1.3 i-VTEC Prosmatec,8,15.149195232316444
Lahore,2017,Petrol,Automatic,4530000.0,89835,1300.0,Toyota,Corolla,GLi Automatic 1.3 VVTi,9,15.326232718209745
Lahore,2019,Petrol,Automatic,4245000.0,116500,1300.0,Toyota,Corolla,GLi Automatic 1.3 VVTi,7,15.261252613298817
Lahore,2025,Petrol,Automatic,5100000.0,1350,1300.0,Toyota,Yaris,Sedan ATIV CVT 1.3,1,15.444751293772967
Lahore,2015,Petrol,Manual,3400000.0,62000,1300.0,Honda,City,5th (GM2) Generation 1.3 i-VTEC,11,15.039286283703994
Lahore,2011,Petrol,Manual,2350000.0,200000,1300.0,Honda,City,5th (GM2) Generation 1.3 i-VTEC,15,14.669926311652166
Karachi,1994,LPG,Manual,600000.0,2000,1300.0,Suzuki,Margalla,,32,13.304686600863562
Lahore,2004,Petrol,Automatic,1590000.0,147000,1300.0,Mitsubishi,Lancer,GLX Automatic 1.3,22,14.279245203127035
Karachi,2015,Petrol,Automatic,3150000.0,82000,1300.0,Toyota,Corolla,GLi Automatic 1.3 VVTi,11,14.962913328262083
Islamabad,2013,Petrol,Manual,2190000.0,122400,1300.0,Suzuki,Swift,DLX 1.3,13,14.599412558413583
Lahore,2015,Petrol,Automatic,3785000.0,62214,1300.0,Toyota,Corolla,GLi Automatic 1.3 VVTi,11,15.146556709054444
Karachi,2015,Petrol,Automatic,3385000.0,129000,1300.0,Toyota,Corolla,GLi Automatic 1.3 VVTi,11,15.034864759749444
Lahore,2014,Petrol,Manual,2250000.0,142000,1300.0,Suzuki,Swift,DLX 1.3,12,14.626441218624949
Karachi,2004,Petrol,Manual,800000.0,12345,1300.0,Suzuki,Baleno,JXR,22,13.592368256649284
Karachi,2012,Petrol,Automatic,2064999.9999999998,73000,1300.0,Suzuki,Swift,DLX Automatic 1.3,14,14.540641268638653
Islamabad,1997,Petrol,Manual,1620000.0,170000,1300.0,Toyota,Corolla,8th (E110) Generation XE,29,14.297937324492327
Karachi,2022,Petrol,Automatic,2600000.0,47000,1300.0,Proton,Saga,1.3L R3 A/T,4,14.77102238760702
Lahore,2025,Petrol,Automatic,5190000.0,15000,1300.0,Toyota,Yaris,Sedan GLI CVT 1.3,1,15.46224444782028
Islamabad,2013,Petrol,Manual,1650000.0,202000,1300.0,Suzuki,Swift,DX 1.3,13,14.316286451937186
Karachi,2012,Petrol,Manual,1830000.0,105000,1300.0,Suzuki,Swift,DLX 1.3,14,14.419827071265543
Lahore,2005,Petrol,Manual,1200000.0,160000,1300.0,Suzuki,Baleno,JXR,21,13.997832948091215
Lahore,2020,Petrol,Automatic,3979000.0,101000,1300.0,Toyota,Yaris,Sedan ATIV CVT 1.3,6,15.19654134072846
Islamabad,2003,Petrol,Manual,1850000.0,226000,1300.0,Honda,City,i-DSI,23,14.430696737594902
Islamabad,2013,Petrol,Manual,2750000.0,138000,1300.0,Toyota,Corolla,XLi VVTi Limited Edition,13,14.827111833279051
Lahore,2014,Petrol,Manual,2585000.0,100000,1300.0,Toyota,Corolla,XLi VVTi,12,14.765236452771788
Karachi,2000,Petrol,Manual,1435000.0,222666,1300.0,Toyota,Corolla,,26,14.176676104039727
Karachi,2009,Petrol,Manual,2150000.0,149000,1300.0,Toyota,Corolla,XLi VVTi,17,14.580978865220017
Islamabad,2022,Petrol,Manual,4395000.0,22000,1300.0,Toyota,Yaris,Sedan GLI MT 1.3,4,15.295978316632674
Lahore,2005,Petrol,Automatic,1450000.0,130000,1300.0,Mitsubishi,Lancer,,21,14.187074804051692
Karachi,2020,Petrol,Manual,4000000.0,24337,1300.0,Toyota,Corolla,XLi VVTi,6,15.201805169084134
Lahore,2004,Petrol,Manual,2150000.0,136000,1300.0,Toyota,Corolla,9th (E120) Generation XLi,22,14.580978865220017
Lahore,2009,Petrol,Manual,2050000.0,282000,1300.0,Toyota,Corolla,XLi VVTi,17,14.53335083891935
Karachi,2017,Petrol,Manual,3000000.0,122500,1300.0,Suzuki,Swift,DLX 1.3,9,14.914123179965662
Lahore,2014,Petrol,Manual,3000000.0,92000,1300.0,Honda,City,1.3 i-VTEC,12,14.914123179965662
Lahore,2014,Petrol,Manual,2875000.0,87300,1300.0,Honda,City,5th (GM2) Generation 1.3 i-VTEC,12,14.871563580039615
Lahore,2015,Petrol,Manual,2700000.0,191000,1300.0,Honda,City,5th (GM2) Generation 1.3 i-VTEC,11,14.80876270134486
Karachi,2010,Petrol,Manual,1670000.0,127000,1300.0,Suzuki,Swift,DLX 1.3,16,14.328334783195153
Islamabad,2013,Petrol,Manual,2650000.0,200000,1300.0,Toyota,Corolla,GLi 1.3 VVTi,13,14.790070575320824
Lahore,2021,Petrol,Manual,3995000.0000000005,39350,1300.0,Honda,City,1.3 i-VTEC,5,15.200554387495371
Lahore,2011,Petrol,Automatic,2990000.0,170000,1300.0,Honda,City,1.3 i-VTEC Prosmatec,15,14.910784279814974
Karachi,2020,Petrol,Automatic,4000000.0,84000,1300.0,Toyota,Corolla,XLi Automatic,6,15.201805169084134
Lahore,2018,Petrol,Automatic,3825000.0,135000,1300.0,Honda,City,5th (GM2) Generation 1.3 i-VTEC Prosmatec,8,15.157069286680647
Karachi,2018,Petrol,Automatic,3850000.0,75000,1300.0,Toyota,Corolla,XLi Automatic,8,15.163583966004193
Lahore,2004,Petrol,Manual,1230000.0,170000,1300.0,Suzuki,Baleno,JXR,22,14.0225255403564
Islamabad,2011,Petrol,Manual,2690000.0,196000,1300.0,Toyota,Corolla,GLi 1.3 VVTi,15,14.805052123325165
Lahore,2015,Petrol,Manual,3100000.0,8744,1300.0,Honda,City,5th (GM2) Generation 1.3 i-VTEC,11,14.946912992035967
Islamabad,2005,Petrol,Manual,1275000.0,240000,1300.0,Suzuki,Baleno,JXR,21,14.058457520888082
Lahore,2015,Petrol,Manual,2675000.0,195000,1300.0,Toyota,Corolla,XLi VVTi,11,14.79946031214395
Lahore,2012,Petrol,Manual,3000000.0,121000,1300.0,Toyota,Corolla,GLi 1.3 VVTi,14,14.914123179965662
Lahore,2019,Petrol,Automatic,4050000.0,75500,1300.0,Honda,City,1.3 i-VTEC Prosmatec,7,15.214227685996272
Lahore,2021,Petrol,Automatic,4150000.0,105000,1300.0,Toyota,Yaris,Sedan ATIV CVT 1.3,5,15.238619133170708
Islamabad,2003,Petrol,Automatic,2750000.0,232000,1300.0,Toyota,Corolla,Assista X Package 1.3,23,14.827111833279051
Karachi,2018,Petrol,Manual,3300000.0,80000,1300.0,Honda,City,1.3 i-VTEC,8,15.009433329466965
Islamabad,2014,Hybrid,Automatic,3250000.0,140000,1300.0,Honda,Fit,Shuttle Hybrid 1.3,12,14.99416586199818
Islamabad,2012,Petrol,Automatic,2425000.0,140000,1300.0,Suzuki,Swift,DLX Automatic 1.3,14,14.70134249472477
Lahore,2011,Petrol,Manual,2715000.0,110000,1300.0,Toyota,Corolla,GLi 1.3 VVTi,15,14.81430287967423
Lahore,2022,Petrol,Automatic,4590000.0,32000,1300.0,Toyota,Yaris,Sedan ATIV CVT 1.3,4,15.339390799901627
Islamabad,2014,Petrol,Manual,2950000.0,170000,1300.0,Toyota,Corolla,XLi VVTi,12,14.897316067298997
Lahore,2014,Petrol,Manual,3000000.0,65000,1300.0,Honda,City,Aspire 1.3 i-VTEC,12,14.914123179965662
Lahore,2013,Petrol,Manual,2675000.0,175000,1300.0,Honda,City,5th (GM2) Generation 1.3 i-VTEC,13,14.79946031214395
Islamabad,2012,Petrol,Manual,1480000.0,189000,1300.0,Suzuki,Liana,RXi,14,14.207553321415745
Karachi,2012,Petrol,Manual,1630000.0,88000,1300.0,Suzuki,Swift,DLX 1.3,14,14.30409118627969
Islamabad,2025,Petrol,Automatic,5185000.0,20,1300.0,Toyota,Yaris,Sedan ATIV CVT 1.3,1,15.461280592509777
Lahore,2004,Petrol,Manual,1150000.0,250000,1300.0,Honda,City,i-DSI,22,13.955273369904273
Karachi,2011,Petrol,Manual,1650000.0,183000,1300.0,Suzuki,Swift,DLX 1.3,15,14.316286451937186
Karachi,2018,Petrol,Manual,3625000.0,71000,1300.0,Toyota,Corolla,XLi VVTi,8,15.103365122132944
Islamabad,2004,Petrol,Manual,1180000.0,170000,1300.0,Suzuki,Baleno,JXR,22,13.981025843899115
Lahore,2006,Petrol,Manual,1150000.0,50000,1300.0,KIA,Classic,,20,13.955273369904273
Karachi,2018,Petrol,Manual,2950000.0,68000,1300.0,Suzuki,Swift,DLX 1.3 Navigation,8,14.897316067298997
Lahore,2003,Petrol,Automatic,2050000.0,102000,1300.0,Honda,City,i-DSI Vario,23,14.53335083891935
Karachi,2006,Petrol,Manual,1650000.0,168000,1300.0,Honda,City,i-DSI,20,14.316286451937186
Lahore,2020,Petrol,Automatic,4000000.0,100000,1300.0,Honda,City,5th (GM2) Generation 1.3 i-VTEC Prosmatec,6,15.201805169084134
Lahore,2019,Petrol,Automatic,3997999.9999999995,65000,1300.0,Honda,City,1.3 i-VTEC Prosmatec,7,15.201305044167514
Karachi,2019,Petrol,Automatic,3695000.0000000005,76000,1300.0,Honda,City,5th (GM2) Generation 1.3 i-VTEC Prosmatec,7,15.122491383000398
Lahore,2015,Petrol,Automatic,3365000.0,103000,1300.0,Honda,City,5th (GM2) Generation 1.3 i-VTEC Prosmatec,11,15.02893881823774
Karachi,2005,Petrol,Manual,1000000.0,120000,1300.0,Suzuki,Baleno,JXR,21,13.815511557963774
Lahore,1998,Petrol,Manual,610000.0,110000,1300.0,Honda,City,EXi,28,13.321215875492413
Islamabad,2010,Petrol,Manual,2420000.0,250000,1300.0,Toyota,Corolla,GLi 1.3 VVTi,16,14.699278511355924
Lahore,2014,Petrol,Manual,2950000.0,99000,1300.0,Honda,City,5th (GM2) Generation 1.3 i-VTEC,12,14.897316067298997
Karachi,2007,Petrol,Automatic,1600000.0,100604,1300.0,Nissan,AD,Van,19,14.285514812209815
Lahore,2017,Petrol,Automatic,3650000.0,131771,1300.0,Honda,City,5th (GM2) Generation 1.3 i-VTEC Prosmatec,9,15.11023799953124
Lahore,2025,Petrol,Automatic,5400000.0,4300,1300.0,Toyota,Yaris,Sedan,1,15.501909696719672
Lahore,2016,Petrol,Manual,3200000.0,152000,1300.0,Honda,City,5th (GM2) Generation 1.3 i-VTEC,10,14.978661680269907
Karachi,2012,Petrol,Manual,2450000.0,113000,1300.0,Toyota,Corolla,XLi VVTi,14,14.711598990684092
Islamabad,2014,Petrol,Manual,3890000.0,72000,1300.0,Toyota,Corolla,XLi VVTi,12,15.173919972664004
Lahore,2009,Petrol,Automatic,2575000.0,155320,1300.0,Honda,City,1.3 i-VTEC Prosmatec,17,14.761360480429413
Karachi,1999,Petrol,Automatic,1780000.0,130000,1300.0,Toyota,Vitz,RS 1.3,27,14.392124484065864
Islamabad,2014,Petrol,Manual,3275000.0,123004,1300.0,Honda,City,1.3 i-VTEC,12,15.001828732394953
Lahore,2018,Petrol,Manual,2950000.0,124500,1300.0,Honda,City,1.3 i-VTEC,8,14.897316067298997
Lahore,2012,Petrol,Automatic,2857000.0,100000,1300.0,Honda,City,Aspire Prosmatec 1.3 i-VTEC,14,14.86528303123035
Islamabad,2020,Petrol,Automatic,4450000.0,50000,1300.0,Toyota,Yaris,Sedan ATIV CVT 1.3,6,15.308414878861498
Karachi,2015,Petrol,Automatic,2330000.0,77000,1300.0,Suzuki,Swift,DLX Automatic 1.3,11,14.66137925472634
Karachi,2018,Petrol,Automatic,3650000.0,78000,1300.0,Toyota,Corolla,XLi Automatic,8,15.11023799953124
Islamabad,2008,Petrol,Automatic,2250000.0,152000,1300.0,Honda,City,i-DSI Vario,18,14.626441218624949
Karachi,2008,Petrol,Manual,1970000.0,136400,1300.0,Honda,City,i-DSI,18,14.493544608328255
Lahore,2018,Petrol,Manual,3790000.0,145000,1300.0,Toyota,Corolla,GLi 1.3 VVTi,8,15.147876840910817
Lahore,2018,Petrol,Manual,3000000.0,282000,1300.0,Toyota,Corolla,GLi 1.3 VVTi,8,14.914123179965662
Lahore,2015,Petrol,Manual,2985000.0,180000,1300.0,Honda,City,1.3 i-VTEC,11,14.90911063981716
Karachi,2019,Petrol,Automatic,4400000.0,61000,1300.0,Toyota,Corolla,GLi Automatic 1.3 VVTi,7,15.29711532616119
Karachi,2013,Petrol,Manual,2250000.0,69000,1300.0,Suzuki,Swift,DLX 1.3,13,14.626441218624949
Islamabad,2006,Petrol,Manual,2000000.0,210000,1300.0,Toyota,Corolla,XLi,20,14.508658238524095
Islamabad,2006,Petrol,Manual,1400000.0,168000,1300.0,Suzuki,Liana,LXi Sport,20,14.151983508870947
Islamabad,2017,Petrol,Automatic,3775000.0,91000,1300.0,Toyota,Corolla,GLi Automatic 1.3 VVTi,9,15.143911205565889
Lahore,2010,Petrol,Automatic,2490000.0,85000,1300.0,Toyota,Porte,130I,16,14.727793670047236
Karachi,2018,Petrol,Automatic,4300000.0,36700,1300.0,Toyota,Corolla,GLi Automatic 1.3 VVTi,8,15.274125813221904
Lahore,2015,Petrol,Automatic,3190000.0,135000,1300.0,Honda,City,5th (GM2) Generation Aspire Prosmatec 1.3 i-VTEC,11,14.975531788240602
Karachi,2017,Petrol,Manual,2515000.0,72000,1300.0,Suzuki,Swift,DLX 1.3,9,14.737783759130211
Lahore,2024,Petrol,Manual,3720000.0000000005,17761,1300.0,Changan,Alsvin,1.3L MT Comfort,2,15.129234495066498
Lahore,2016,Petrol,Manual,3350000.0,153000,1300.0,Toyota,Corolla,XLi VVTi,10,15.024471202308668
Lahore,2012,Petrol,Manual,2075000.0,138000,1300.0,Suzuki,Swift,DLX 1.3,14,14.54547219357453
Lahore,2022,Petrol,Automatic,4700000.0,67000,1300.0,Toyota,Yaris,Sedan ATIV CVT 1.3,4,15.363073279446223
Karachi,2019,Petrol,Automatic,2800000.0,51000,1300.0,Suzuki,Swift,DLX Automatic 1.3 Navigation,7,14.845130332288226
Lahore,2017,Petrol,Manual,3200000.0,88714,1300.0,Honda,City,1.3 i-VTEC,9,14.978661680269907
Islamabad,2012,Petrol,Manual,1950000.0,212000,1300.0,Suzuki,Swift,DLX 1.3,14,14.48334044336031
Islamabad,2005,Petrol,Manual,1730000.0,100000,1300.0,Honda,City,i-DSI,21,14.363632544508476
Islamabad,2014,Petrol,Manual,2895000.0,122341,1300.0,Toyota,Corolla,XLi VVTi,12,14.878496014412317
Karachi,2009,Petrol,Manual,2175000.0,188000,1300.0,Toyota,Corolla,XLi VVTi,17,14.59253968227493
Karachi,2008,Petrol,Automatic,1260000.0,112000,1300.0,Suzuki,Liana,Eminent Automatic 1.3,18,14.04662307257814
Karachi,1982,Petrol,Manual,350000.0,200000,1300.0,Toyota,Corolla,,44,12.765691290604371
Lahore,2002,Petrol,Manual,400000.0,120000,1323.0,KIA,Classic,LX,24,12.899222326086994
Islamabad,2014,Petrol,Manual,3500000.0,85000,1300.0,Toyota,Corolla,GLi 1.3 VVTi,12,15.068273812173887
Islamabad,2011,Petrol,Manual,2420000.0,240000,1300.0,Toyota,Corolla,XLi VVTi,15,14.699278511355924
Lahore,2018,Petrol,Automatic,4000000.0,100000,1300.0,Honda,City,5th (GM2) Generation 1.3 i-VTEC Prosmatec,8,15.201805169084134
Karachi,1990,Petrol,Manual,650000.0,143210,1300.0,Mitsubishi,Lancer,,36,13.384729180332174
Lahore,2007,Petrol,Manual,1739999.9999999998,248889,1300.0,Honda,City,i-DSI,19,14.36939624590319
Lahore,2015,Petrol,Automatic,3350000.0,141000,1300.0,Honda,City,1.3 i-VTEC Prosmatec,11,15.024471202308668
Karachi,2020,Petrol,Automatic,3650000.0,100000,1300.0,Toyota,Corolla,XLi Automatic,6,15.11023799953124
Karachi,1996,Petrol,Manual,625000.0,100000,1300.0,Suzuki,Margalla,GLX,30,13.345508528717259
Karachi,1997,LPG,Manual,685000.0,150000,1300.0,Honda,City,EXi,29,13.437175577097312
Lahore,2008,Petrol,Manual,2380000.0,92000,1300.0,Honda,City,i-DSI,18,14.682611465815636
Karachi,2004,Petrol,Automatic,1650000.0,96789,1300.0,Honda,City,i-DSI Vario,22,14.316286451937186
Lahore,2014,Petrol,Automatic,3665000.0,96000,1300.0,Toyota,Corolla,GLi Automatic 1.3 VVTi,12,15.114339166154148
Karachi,2006,Petrol,Manual,944000.0,11111,1300.0,Suzuki,Liana,RXi,20,13.75788250444911
Lahore,2016,Petrol,Manual,2249000.0,145000,1300.0,Suzuki,Swift,DLX 1.3,10,14.625996675583417
Karachi,2012,Petrol,Manual,2750000.0,98000,1300.0,Honda,City,5th (GM2) Generation 1.3 i-VTEC,14,14.827111833279051
Karachi,1995,Petrol,Manual,620000.0,18085,1300.0,Suzuki,Margalla,GL,31,13.3374763699232
Lahore,2021,Petrol,Automatic,4450000.0,20200,1300.0,Toyota,Yaris,Sedan ATIV CVT 1.3,5,15.308414878861498
Karachi,2015,Petrol,Manual,3150000.0,81000,1300.0,Toyota,Corolla,XLi VVTi,11,14.962913328262083
Islamabad,2021,Petrol,Manual,3850000.0,85319,1300.0,Honda,City,1.3 i-VTEC,5,15.163583966004193
Islamabad,2012,Petrol,Manual,2200000.0,110000,1300.0,Suzuki,Swift,DLX 1.3,14,14.603968372873895
Lahore,2010,Petrol,Manual,2350000.0,282000,1300.0,Honda,City,1.3 i-VTEC,16,14.669926311652166
Lahore,2009,Petrol,Automatic,2350000.0,168300,1300.0,Honda,City,1.3 i-VTEC Prosmatec,17,14.669926311652166
Lahore,2016,Petrol,Automatic,3390000.0,146000,1300.0,Honda,City,1.3 i-VTEC Prosmatec,10,15.03634077434184
Karachi,1999,Petrol,Automatic,1950000.0,250000,1300.0,Toyota,Vitz,,27,14.48334044336031
Islamabad,1998,Petrol,Manual,1450000.0,189148,1300.0,Toyota,Corolla,8th (E110) Generation XE,28,14.187074804051692
Lahore,2008,Petrol,Manual,2039999.9999999998,120000,1300.0,Honda,City,i-DSI,18,14.528460856016357
Islamabad,2002,Petrol,Manual,1200000.0,98000,1300.0,Suzuki,Baleno,JXL,24,13.997832948091215
Karachi,2006,Petrol,Automatic,2200000.0,89000,1300.0,Toyota,Probox,,20,14.603968372873895
Lahore,2016,Petrol,Manual,3350000.0,73000,1300.0,Honda,City,5th (GM2) Generation 1.3 i-VTEC,10,15.024471202308668
Lahore,2006,Petrol,Manual,1900000.0,282000,1300.0,Honda,City,i-DSI,20,14.45736497045232
Karachi,2015,Petrol,Manual,3000000.0,154000,1300.0,Honda,City,5th (GM2) Generation 1.3 i-VTEC,11,14.914123179965662
Islamabad,1997,Petrol,Manual,1250000.0,200000,1300.0,Toyota,Corolla,8th (E110) Generation XE,29,14.038654909278163
Karachi,2017,Petrol,Automatic,3600000.0,64000,1300.0,Toyota,Corolla,GLi Automatic 1.3 VVTi,9,15.096444681204078
Islamabad,2020,Petrol,Automatic,4200000.0,91000,1300.0,Honda,City,5th (GM2) Generation 1.3 i-VTEC Prosmatec,6,15.250595321348806
Lahore,2010,Petrol,Manual,2490000.0,115400,1300.0,Toyota,Corolla,XLi VVTi,16,14.727793670047236
Lahore,2025,Petrol,Automatic,5100000.0,20,1300.0,Toyota,Yaris,Sedan ATIV CVT 1.3,1,15.444751293772967
Islamabad,2010,Petrol,Automatic,2700000.0,95000,1300.0,Toyota,Passo,,16,14.80876270134486
Lahore,2017,Petrol,Manual,3475000.0,81000,1300.0,Honda,City,1.3 i-VTEC,9,15.061105324750772
Lahore,2014,Hybrid,Automatic,3150000.0,90900,1300.0,Honda,Fit,1.3 Hybrid XH Selection,12,14.962913328262083
Islamabad,2009,Petrol,Manual,2550000.0,128000,1300.0,Toyota,Corolla,XLi VVTi Limited Edition,17,14.751604309291395
Lahore,2016,Petrol,Automatic,3350000.0,148000,1300.0,Honda,City,1.3 i-VTEC Prosmatec,10,15.024471202308668
Lahore,2011,Petrol,Manual,2064999.9999999998,90000,1300.0,Suzuki,Swift,DX 1.3,15,14.540641268638653
Islamabad,2012,Petrol,Manual,2050000.0,123480,1300.0,Suzuki,Swift,DLX 1.3,14,14.53335083891935
Islamabad,1993,Petrol,Manual,650000.0,150000,1300.0,Hyundai,Excel,,33,13.384729180332174
Karachi,2014,Petrol,Manual,2750000.0,110000,1300.0,Toyota,Corolla,GLi 1.3 VVTi,12,14.827111833279051
Karachi,2018,Petrol,Automatic,3650000.0,95000,1300.0,Honda,City,5th (GM2) Generation 1.3 i-VTEC Prosmatec,8,15.11023799953124
Islamabad,2009,Petrol,Manual,2575000.0,166000,1300.0,Honda,City,5th (GM2) Generation 1.3 i-VTEC,17,14.761360480429413
Lahore,2011,Petrol,Automatic,2350000.0,91000,1300.0,Suzuki,Jimny,JLDX,15,14.669926311652166
Lahore,2019,Petrol,Manual,2675000.0,96000,1300.0,Suzuki,Swift,DLX 1.3 Navigation,7,14.79946031214395
Karachi,2016,Petrol,Automatic,3850000.0,91000,1300.0,Toyota,Corolla,GLi Automatic 1.3 VVTi,10,15.163583966004193
Islamabad,2020,Petrol,Manual,3850000.0,68250,1300.0,Honda,City,5th (GM2) Generation 1.3 i-VTEC,6,15.163583966004193
Lahore,2018,Petrol,Automatic,3850000.0,73000,1300.0,Honda,City,1.3 i-VTEC,8,15.163583966004193
Islamabad,2004,Petrol,Automatic,1675000.0,100000,1300.0,Toyota,Platz,F 1.3,22,14.331324320256051
Karachi,2016,Petrol,Automatic,2320000.0,110000,1300.0,Suzuki,Swift,DLX Automatic 1.3,10,14.657078174676883
Lahore,2011,Petrol,Manual,2590000.0,160000,1300.0,Toyota,Corolla,GLi 1.3 VVTi,15,14.767168819776032
Lahore,2016,Petrol,Manual,3450000.0,86000,1300.0,Honda,City,Aspire 1.3 i-VTEC,10,15.053885078862573
Lahore,2019,Petrol,Manual,3750000.0,130000,1300.0,Honda,City,1.3 i-VTEC,7,15.137266664613225
Islamabad,2005,Petrol,Manual,1275000.0,282000,1300.0,Suzuki,Baleno,JXR,21,14.058457520888082
Karachi,2013,Petrol,Manual,2200000.0,130000,1300.0,Suzuki,Swift,DLX 1.3,13,14.603968372873895
Karachi,2007,Petrol,Automatic,1050000.0,68000,1300.0,Toyota,Passo,,19,13.864301674514206
Lahore,2013,Petrol,Manual,2525000.0,106000,1300.0,Honda,City,5th (GM2) Generation 1.3 i-VTEC,13,14.741752016731123
Karachi,1993,Petrol,Manual,470000.0,282000,1300.0,Hyundai,Excel,,33,13.060490101343552
Karachi,2021,Petrol,Automatic,4150000.0,54200,1300.0,Honda,City,5th (GM2) Generation 1.3 i-VTEC Prosmatec,5,15.238619133170708
Lahore,2004,Petrol,Manual,780000.0,130000,1300.0,KIA,Classic,LX,22,13.567050480716235
Karachi,1993,Petrol,Manual,370000.0,111,1300.0,Suzuki,Margalla,,33,12.821260987319457
Karachi,2008,Petrol,Manual,2150000.0,170000,1300.0,Toyota,Corolla,GLi 1.3 VVTi,18,14.580978865220017
Lahore,2012,Petrol,Manual,1680000.0,200000,1300.0,Suzuki,Swift,DLX 1.3,14,14.33430494661736
Islamabad,2017,Petrol,Manual,3400000.0,134000,1300.0,Toyota,Corolla,XLi VVTi,9,15.039286283703994
Islamabad,2005,Petrol,Manual,1250000.0,282000,1300.0,Suzuki,Baleno,JXR,21,14.038654909278163
Lahore,2019,Petrol,Manual,3950000.0,70000,1300.0,Toyota,Corolla,XLi VVTi,7,15.18922639004183
Islamabad,1987,Petrol,Manual,550000.0,185648,1300.0,Nissan,Sunny,,39,13.217675375388819
Lahore,2001,Petrol,Manual,919999.9999999999,200000,1300.0,Honda,City,EXi,25,13.732130035981154
Lahore,2016,Petrol,Manual,3329999.9999999995,10000,1300.0,Toyota,Corolla,GLi 1.3 VVTi,10,15.018483162256882
Islamabad,2015,Petrol,Automatic,2440000.0,150000,1300.0,Suzuki,Swift,DLX Automatic 1.3,11,14.707509007105367
Islamabad,2014,Petrol,Manual,2950000.0,175000,1300.0,Honda,City,5th (GM2) Generation 1.3 i-VTEC,12,14.897316067298997
Islamabad,2002,Petrol,Manual,1415000.0,150000,1300.0,Honda,City,EXi,24,14.162640795773006
Lahore,2018,Petrol,Manual,4100000.0,140000,1300.0,Toyota,Corolla,GLi 1.3 VVTi,8,15.226497775576945
Lahore,2007,Petrol,Manual,1900000.0,190000,1300.0,Toyota,Corolla,9th (E120) Generation XLi,19,14.45736497045232
Lahore,2005,Petrol,Manual,1480000.0,200000,1300.0,Mitsubishi,Lancer,GLX 1.3,21,14.207553321415745
Lahore,2025,Petrol,Automatic,5250000.0,10000,1300.0,Toyota,Corolla,,1,15.473738825043979
Islamabad,2019,Petrol,Manual,2625000.0,97650,1300.0,Suzuki,Swift,DLX 1.3 Navigation,7,14.78059183496017
Karachi,2016,Petrol,Manual,3025000.0,76000,1300.0,Honda,City,Aspire 1.3 i-VTEC,10,14.922421980025536
Lahore,2019,Petrol,Automatic,3660000.0,119000,1300.0,Honda,City,5th (GM2) Generation 1.3 i-VTEC Prosmatec,7,15.112973978601556
Lahore,2007,Petrol,Manual,2450000.0,159000,1300.0,Toyota,Corolla,9th (E120) Generation XLi,19,14.711598990684092
Lahore,2017,Petrol,Automatic,2750000.0,66000,1300.0,Suzuki,Swift,DLX Automatic 1.3 Navigation,9,14.827111833279051
Lahore,2011,Petrol,Manual,1780000.0,225000,1300.0,Suzuki,Swift,DLX 1.3,15,14.392124484065864
Islamabad,2010,Petrol,Manual,2470000.0,147000,1300.0,Honda,City,5th (GM2) Generation 1.3 i-VTEC,16,14.719729113462378
Karachi,2019,Petrol,Automatic,2650000.0,82100,1300.0,Suzuki,Swift,DLX Automatic 1.3 Navigation,7,14.790070575320824
Lahore,2017,Petrol,Manual,2940000.0,114300,1300.0,Honda,City,5th (GM2) Generation 1.3 i-VTEC,9,14.89392047945086
Islamabad,2013,Petrol,Manual,3325000.0,71000,1300.0,Toyota,Corolla,GLi 1.3 VVTi,13,15.016980532823926
Karachi,2000,Petrol,Manual,800000.0,85000,1300.0,Suzuki,Baleno,GXi,26,13.592368256649284
Islamabad,2016,Petrol,Manual,2550000.0,99000,1300.0,Suzuki,Swift,DLX 1.3,10,14.751604309291395
Lahore,2021,Petrol,Manual,4200000.0,42000,1300.0,Toyota,Yaris,Sedan GLI MT 1.3,5,15.250595321348806
Karachi,1980,Petrol,Manual,550000.0,11000,1300.0,Toyota,Corolla,,46,13.217675375388819
Lahore,2003,Petrol,Manual,1350000.0,190000,1300.0,Honda,City,i-DSI,23,14.115615891155079
Karachi,2005,Petrol,Automatic,1850000.0,121000,1300.0,Toyota,Passo,X 1.3,21,14.430696737594902
Islamabad,2005,Petrol,Manual,1850000.0,282000,1300.0,Toyota,Corolla,9th (E120) Generation GLi 1.3,21,14.430696737594902
Karachi,2006,Petrol,Automatic,2000000.0,10000,1300.0,Honda,City,i-DSI Vario,20,14.508658238524095
Lahore,2017,Petrol,Manual,3579999.9999999995,227000,1300.0,Toyota,Corolla,XLi VVTi,9,15.090873637706453
Karachi,2006,Petrol,Manual,745000.0,200,1300.0,Suzuki,Liana,RXi,20,13.521140839642674
Karachi,2022,Petrol,Automatic,2600000.0,45000,1299.0,Proton,Saga,1.3L Ace A/T,4,14.77102238760702
Lahore,2017,Petrol,Manual,3190000.0,105000,1300.0,Honda,City,5th (GM2) Generation 1.3 i-VTEC,9,14.975531788240602
Islamabad,2011,Hybrid,Automatic,3500000.0,150000,1300.0,Honda,Insight,HDD Navi Special Edition,15,15.068273812173887
Islamabad,2016,Petrol,Manual,3290000.0,93000,1300.0,Honda,City,5th (GM2) Generation 1.3 i-VTEC,10,15.006398426692876
Lahore,1997,Petrol,Manual,1660000.0000000002,150000,1300.0,Toyota,Corolla,XE,29,14.322328762742183
Karachi,2013,Petrol,Manual,2350000.0,195,1300.0,Toyota,Corolla,,13,14.669926311652166
Lahore,2015,Petrol,Automatic,4000000.0,195000,1300.0,Toyota,Corolla,GLi Automatic 1.3 VVTi,11,15.201805169084134
Islamabad,1996,Petrol,Manual,750000.0,1,1300.0,Suzuki,Margalla,,30,13.527829818844937
Lahore,2007,Petrol,Manual,1350000.0,210000,1300.0,Toyota,Corolla,9th (E120) Generation XLi,19,14.115615891155079
Karachi,2016,Petrol,Manual,2100000.0,160000,1300.0,Suzuki,Swift,DLX 1.3,10,14.557448378884015
Islamabad,2007,Petrol,Manual,2000000.0,282000,1300.0,Honda,City,i-DSI,19,14.508658238524095
Islamabad,2003,Petrol,Manual,1350000.0,138000,1300.0,Suzuki,Baleno,,23,14.115615891155079
Lahore,2018,Petrol,Automatic,2750000.0,74000,1300.0,Suzuki,Swift,DLX Automatic 1.3 Navigation,8,14.827111833279051
Lahore,2018,Petrol,Automatic,4200000.0,73695,1300.0,Honda,City,5th (GM2) Generation 1.3 i-VTEC Prosmatec,8,15.250595321348806
Lahore,2015,Petrol,Manual,3000000.0,110000,1300.0,Honda,City,1.3 i-VTEC,11,14.914123179965662
Lahore,2021,Petrol,Automatic,4500000.0,282000,1300.0,Toyota,Yaris,Sedan GLI CVT 1.3,5,15.319588176962746
Islamabad,2016,Petrol,Automatic,4290000.0,99000,1300.0,Toyota,Corolla,GLi Automatic 1.3 VVTi,10,15.271797524004405
Lahore,2005,Petrol,Automatic,1525000.0,282000,1300.0,Honda,City,i-DSI Vario,21,14.23750562376114
Karachi,2016,Petrol,Automatic,3600000.0,97000,1300.0,Toyota,Corolla,GLi Automatic 1.3 VVTi,10,15.096444681204078
Lahore,2011,Petrol,Manual,3300000.0,188714,1300.0,Honda,City,i-VTEC,15,15.009433329466965
Islamabad,1998,Petrol,Manual,1450000.0,189148,1300.0,Toyota,Corolla,8th (E110) Generation XE,28,14.187074804051692
Islamabad,1993,Petrol,Manual,1675000.0,125000,1300.0,Suzuki,Samurai,SJ,33,14.331324320256051
Lahore,2000,Petrol,Manual,1350000.0,140000,1300.0,Honda,City,EXi,26,14.115615891155079
Karachi,2007,Petrol,Manual,1120000.0,98000,1300.0,Suzuki,Liana,RXi,19,13.928840136128022
Karachi,2018,Petrol,Manual,3975000.0,125000,1300.0,Toyota,Corolla,GLi 1.3 VVTi,8,15.195535557642865
Islamabad,2012,Petrol,Manual,2760000.0,165000,1300.0,Honda,City,5th (GM2) Generation 1.3 i-VTEC,14,14.830741600012107
Lahore,2000,Petrol,Manual,1050000.0,140000,1300.0,Honda,City,EXi,26,13.864301674514206
Islamabad,2010,Petrol,Manual,3100000.0,119786,1300.0,Toyota,Corolla,GLi 1.3 VVTi,16,14.946912992035967
Lahore,2006,Petrol,Manual,2000000.0,178000,1300.0,Honda,City,i-DSI,20,14.508658238524095
Karachi,1993,Petrol,Manual,680000.0,192000,1300.0,Honda,Civic,EL,33,13.429849547739444
Lahore,2018,Petrol,Manual,3250000.0,140000,1300.0,Honda,City,1.3 i-VTEC,8,14.99416586199818
Islamabad,2015,Petrol,Manual,4025000.0,68000,1300.0,Toyota,Corolla,GLi 1.3 VVTi,11,15.208035717281975
Islamabad,2015,Petrol,Manual,3080000.0,171000,1300.0,Toyota,Corolla,XLi VVTi,11,14.940440479625028
Islamabad,2018,Petrol,Manual,4320000.0,104000,1300.0,Toyota,Corolla,GLi 1.3 VVTi,8,15.278766191701747
Karachi,2018,Petrol,Automatic,3500000.0,33000,1300.0,Honda,City,1.3 i-VTEC Prosmatec,8,15.068273812173887
Islamabad,2016,Petrol,Automatic,2850000.0,112000,1300.0,Toyota,Corolla,GLi Automatic 1.3 VVTi,10,14.862829903121964
Lahore,2014,Petrol,Manual,2700000.0,145000,1300.0,Toyota,Corolla,XLi VVTi,12,14.80876270134486
Lahore,2021,Petrol,Automatic,4200000.0,74000,1300.0,Honda,City,5th (GM2) Generation 1.3 i-VTEC Prosmatec,5,15.250595321348806
Karachi,2004,Petrol,Automatic,1550000.0,197000,1300.0,Honda,City,i-DSI Vario,22,14.253766134056512
Karachi,2016,Petrol,Manual,2100000.0,60000,1300.0,Suzuki,Swift,DLX 1.3,10,14.557448378884015
Islamabad,2017,Petrol,Manual,4200000.0,163000,1300.0,Toyota,Corolla,GLi 1.3 VVTi,9,15.250595321348806
Karachi,2019,Petrol,Automatic,4275000.0,85000,1300.0,Toyota,Corolla,GLi Automatic 1.3 VVTi,7,15.268294894271099
Islamabad,2007,Petrol,Manual,1950000.0,238000,1300.0,Honda,City,i-DSI,19,14.48334044336031
Karachi,2015,Petrol,Automatic,4100000.0,42000,1300.0,Toyota,Corolla,GLi Automatic 1.3 VVTi,11,15.226497775576945
Islamabad,2007,Petrol,Automatic,3800000.0,47000,1300.0,Mazda,RX8,Type E,19,15.150511887854474
Islamabad,2017,Petrol,Manual,3725000.0,145000,1300.0,Toyota,Corolla,GLi 1.3 VVTi,9,15.130577678252136
Lahore,1998,Petrol,Manual,910000.0,170000,1300.0,Suzuki,Baleno,GLi P,28,13.721200977393528
Lahore,2018,Petrol,Manual,3120000.0,145000,1300.0,Honda,City,5th (GM2) Generation 1.3 i-VTEC,8,14.953343880298434
Lahore,2006,Petrol,Automatic,1950000.0,210000,1300.0,Honda,Fit,13L Highway Edition,20,14.48334044336031
Karachi,2013,Petrol,Manual,2475000.0,91000,1300.0,Honda,City,5th (GM2) Generation 1.3 i-VTEC,13,14.72175135802525
Karachi,2014,Petrol,Manual,2625000.0,113000,1300.0,Toyota,Corolla,XLi VVTi Limited Edition,12,14.78059183496017
Karachi,2016,Petrol,Automatic,3550000.0,89000,1300.0,Toyota,Corolla,GLi Automatic 1.3 VVTi,10,15.0824584431417
Islamabad,2021,Petrol,Automatic,4450000.0,35000,1300.0,Toyota,Yaris,Sedan ATIV CVT 1.3,5,15.308414878861498
Karachi,2018,Petrol,Automatic,3800000.0,74000,1300.0,Toyota,Vitz,F Safety Edition II,8,15.150511887854474
Lahore,2020,Petrol,Manual,4000000.0,99700,1300.0,Honda,City,5th (GM2) Generation 1.3 i-VTEC,6,15.201805169084134
Islamabad,2023,Petrol,Automatic,4690000.0,42000,1300.0,Toyota,Yaris,Sedan ATIV CVT 1.3,3,15.360943353642055
Islamabad,1996,Petrol,Automatic,910000.0,250000,1300.0,Nissan,March,Bolero,30,13.721200977393528
Lahore,2012,Hybrid,Automatic,3080000.0,159000,1300.0,Honda,Civic,,14,14.940440479625028
Karachi,2012,Petrol,Manual,2550000.0,125000,1300.0,Toyota,Corolla,XLi VVTi,14,14.751604309291395
Lahore,2008,Petrol,Manual,1650000.0,205000,1300.0,Mitsubishi,Lancer,GLX 1.3,18,14.316286451937186
Karachi,2010,Petrol,Manual,2490000.0,65000,1300.0,Honda,City,i-VTEC,16,14.727793670047236
Karachi,2016,Petrol,Manual,3590000.0,50000,1300.0,Toyota,Corolla,GLi 1.3 VVTi,10,15.093663039015954
Islamabad,2005,Petrol,Automatic,1390000.0,193800,1300.0,Mitsubishi,Lancer,GLX Automatic 1.3,21,14.144815024531075
Islamabad,2017,Petrol,Manual,1980000.0,128000,1300.0,Suzuki,Swift,DLX 1.3 Navigation,9,14.498607907721096
Lahore,2006,Petrol,Manual,1700000.0,200000,1300.0,Honda,City,,20,14.346139397261565
Karachi,2009,Petrol,Manual,2100000.0,120000,1300.0,Toyota,Corolla,XLi VVTi,17,14.557448378884015
Karachi,2011,Petrol,Automatic,2600000.0,105000,1300.0,Honda,City,5th (GM2) Generation 1.3 i-VTEC Prosmatec,15,14.77102238760702
Karachi,2001,CNG,Manual,490000.00000000006,19999,1323.0,KIA,Classic,LX,25,13.102162710901053
Lahore,2006,Petrol,Automatic,1650000.0,180000,1300.0,Nissan,AD,Van 1.3 GX,20,14.316286451937186
Karachi,2005,Petrol,Manual,1800000.0,150000,1300.0,Honda,City,i-DSI,21,14.403297778421795
Lahore,2020,Petrol,Automatic,4090000.0,55000,1300.0,Honda,City,1.3 i-VTEC Prosmatec,6,15.224055772517731
Lahore,2005,Petrol,Automatic,1885000.0000000002,282000,1300.0,Honda,City,i-DSI Vario,21,14.449438909368086
Karachi,2007,Petrol,Manual,1250000.0,95000,1300.0,Suzuki,Liana,LXi Sport,19,14.038654909278163
Islamabad,2017,Petrol,Manual,4100000.0,184000,1300.0,Honda,City,5th (GM2) Generation 1.3 i-VTEC,9,15.226497775576945
Lahore,2007,Petrol,Manual,1150000.0,17,1300.0,Suzuki,Liana,RXi,19,13.955273369904273
Islamabad,2011,Petrol,Manual,2350000.0,190000,1300.0,Honda,City,5th (GM2) Generation 1.3 i-VTEC,15,14.669926311652166
Karachi,2007,Petrol,Manual,750000.0,80000,1300.0,Suzuki,Liana,RXi,19,13.527829818844937
Islamabad,2019,Petrol,Automatic,4500000.0,70000,1300.0,Toyota,Corolla,GLi Automatic 1.3 VVTi,7,15.319588176962746
Karachi,2017,Petrol,Manual,3290000.0,72000,1300.0,Toyota,Corolla,XLi VVTi,9,15.006398426692876
Lahore,1985,Petrol,Automatic,1300000.0,200000,1300.0,Toyota,Corolla,,41,14.077875591662238
Karachi,2013,Petrol,Manual,1839000.0,10000,1300.0,Suzuki,Swift,DLX 1.3,13,14.4247330473601
Lahore,2017,Petrol,Manual,3690000.0,72000,1300.0,Honda,City,Aspire 1.3 i-VTEC,9,15.121137287019383
Islamabad,2004,Petrol,Automatic,4100000.0,103000,1300.0,Mazda,RX8,Type E Sport Prestige Limited II,22,15.226497775576945
Lahore,2012,Petrol,Manual,2475000.0,95000,1300.0,Honda,City,5th (GM2) Generation 1.3 i-VTEC,14,14.72175135802525
Lahore,2018,Petrol,Manual,2950000.0,88000,1300.0,Suzuki,Swift,DLX 1.3 Navigation,8,14.897316067298997
Islamabad,2014,Petrol,Automatic,3300000.0,187000,1300.0,Honda,City,1.3 i-VTEC Prosmatec,12,15.009433329466965
Karachi,2008,Petrol,Manual,1100000.0,10000,1300.0,Suzuki,Liana,LXi Sport,18,13.910821646859095
Lahore,2018,Petrol,Manual,2400000.0,99600,1300.0,Suzuki,Swift,DLX 1.3 Navigation,8,14.690979711984754
Lahore,2006,Petrol,Manual,1195000.0,114800,1300.0,Suzuki,Liana,RXi,20,13.993657580167481
Lahore,2014,Petrol,Manual,2890000.0,120000,1300.0,Honda,City,1.3 i-VTEC,12,14.876767406109316
Karachi,2012,Petrol,Manual,2680000.0,188000,1300.0,Toyota,Corolla,GLi 1.3 VVTi,14,14.801327725621299
Islamabad,2025,Petrol,Automatic,5200000.0,20,1300.0,Toyota,Yaris,Sedan GLI CVT 1.3,1,15.46416937585933
Karachi,2019,Petrol,Automatic,3875000.0,56000,1300.0,Honda,City,1.3 i-VTEC Prosmatec,7,15.170056478834066
Karachi,2013,Petrol,Automatic,2585000.0,127000,1300.0,Honda,City,5th (GM2) Generation 1.3 i-VTEC Prosmatec,13,14.765236452771788
Islamabad,2015,Petrol,Automatic,3250000.0,136000,1300.0,Honda,City,Aspire Prosmatec 1.3 i-VTEC,11,14.99416586199818
Lahore,2015,Petrol,Manual,3485000.0,155000,1300.0,Toyota,Corolla,GLi 1.3 VVTi,11,15.063978889120767
Islamabad,2014,Petrol,Manual,3190000.0,200000,1300.0,Toyota,Corolla,GLi Limited Edition 1.3 VVTi,12,14.975531788240602
Karachi,2003,Petrol,Manual,1000000.0,100000,1300.0,Suzuki,Baleno,JXR,23,13.815511557963774
Lahore,2023,Petrol,Automatic,4650000.0,28000,1300.0,Toyota,Yaris,Sedan GLI CVT 1.3,3,15.35237799261728
Islamabad,2019,Petrol,Automatic,4150000.0,120000,1300.0,Honda,City,5th (GM2) Generation 1.3 i-VTEC Prosmatec,7,15.238619133170708
Karachi,2011,Petrol,Manual,1689999.9999999998,94479,1300.0,Suzuki,Swift,DX 1.3,15,14.340239678615058
Karachi,2012,Petrol,Automatic,2750000.0,98000,1300.0,Honda,City,5th (GM2) Generation 1.3 i-VTEC Prosmatec,14,14.827111833279051
Lahore,2007,Petrol,Manual,1875000.0,148700,1300.0,Toyota,Corolla,XLi,19,14.444119750719839
Karachi,2005,Petrol,Automatic,1400000.0,140000,1300.0,Nissan,Sunny,EX Saloon Automatic 1.3,21,14.151983508870947
Karachi,2013,Petrol,Automatic,2050000.0,110000,1300.0,Suzuki,Swift,DLX Automatic 1.3,13,14.53335083891935
Islamabad,2011,Petrol,Manual,2840000.0,189000,1300.0,Toyota,Corolla,GLi 1.3 VVTi,15,14.859314962250004
Lahore,2014,Petrol,Automatic,3250000.0,145000,1300.0,Toyota,Corolla,GLi Automatic 1.3 VVTi,12,14.99416586199818
Karachi,2016,Petrol,Automatic,3300000.0,85000,1300.0,Honda,City,5th (GM2) Generation Aspire Prosmatec 1.3 i-VTEC,10,15.009433329466965
Lahore,2016,Petrol,Manual,3670000.0000000005,119000,1300.0,Toyota,Corolla,GLi 1.3 VVTi,10,15.11570249251028
Lahore,2025,Petrol,Automatic,4980000.0,3150,1300.0,Toyota,Yaris,Sedan GLI CVT 1.3,1,15.42094064980403
Lahore,2006,Petrol,Automatic,2150000.0,135000,1300.0,Toyota,Vitz,F 1.3,20,14.580978865220017
Islamabad,2008,Petrol,Manual,2050000.0,123456,1300.0,Toyota,Corolla,GLi 1.3 VVTi,18,14.53335083891935
Islamabad,2010,Petrol,Manual,2600000.0,140000,1300.0,Honda,City,5th (GM2) Generation i-VTEC,16,14.77102238760702
Karachi,2018,Petrol,Manual,3250000.0,51000,1300.0,Honda,City,5th (GM2) Generation 1.3 i-VTEC,8,14.99416586199818
Karachi,2018,Petrol,Automatic,2525000.0,79000,1300.0,Suzuki,Swift,DLX Automatic 1.3 Navigation,8,14.741752016731123
Islamabad,2013,Petrol,Automatic,2830000.0,198000,1300.0,Honda,City,5th (GM2) Generation 1.3 i-VTEC Prosmatec,13,14.855787622976248
Islamabad,2007,Petrol,Automatic,2250000.0,170000,1300.0,Toyota,Passo,G 1.3,19,14.626441218624949
Lahore,2011,Petrol,Manual,2590000.0,103000,1300.0,Honda,City,5th (GM2) Generation 1.3 i-VTEC,15,14.767168819776032
Islamabad,2020,Petrol,Automatic,5450000.0,86500,1300.0,Toyota,Corolla,GLi Automatic 1.3 VVTi,6,15.511126350125648
Karachi,2015,Petrol,Manual,3300000.0,140000,1300.0,Toyota,Corolla,GLi 1.3 VVTi,11,15.009433329466965
Karachi,2009,Petrol,Manual,2100000.0,187000,1300.0,Toyota,Corolla,XLi VVTi,17,14.557448378884015
Islamabad,2015,Petrol,Manual,4450000.0,38000,1300.0,Toyota,Corolla,GLi 1.3 VVTi,11,15.308414878861498
Islamabad,2006,Petrol,Manual,2100000.0,260000,1300.0,Toyota,Corolla,9th (E120) Generation XLi,20,14.557448378884015
Lahore,2012,Petrol,Manual,2750000.0,110000,1300.0,Toyota,Corolla,GLi 1.3 VVTi,14,14.827111833279051
Karachi,2006,Petrol,Manual,2000000.0,146000,1300.0,Toyota,Corolla,XLi,20,14.508658238524095
Lahore,2020,Petrol,Manual,3620000.0000000005,87000,1300.0,Honda,City,1.3 i-VTEC,6,15.10198486004501
Islamabad,2003,Petrol,Manual,1290000.0,150000,1300.0,Suzuki,Baleno,JXR,23,14.070153551531353
Lahore,2015,Petrol,Manual,2950000.0,136500,1300.0,Honda,City,5th (GM2) Generation 1.3 i-VTEC,11,14.897316067298997
Lahore,1996,Petrol,Manual,1550000.0,100000,1300.0,Toyota,Corolla,8th (E110) Generation XE,30,14.253766134056512
Lahore,2013,Petrol,Manual,2700000.0,120000,1300.0,Toyota,Corolla,GLi Limited Edition 1.3 VVTi,13,14.80876270134486
Islamabad,2019,Petrol,Automatic,3100000.0,62000,1300.0,Suzuki,Swift,DLX Automatic 1.3 Navigation,7,14.946912992035967
Karachi,2005,Petrol,Manual,1435000.0,274000,1300.0,Honda,City,i-DSI,21,14.176676104039727
Lahore,2003,Petrol,Manual,1185000.0,190000,1300.0,Honda,City,EXi,23,13.98525417643287
Karachi,2022,Petrol,Automatic,4400000.0,40000,1300.0,Toyota,Yaris,Sedan ATIV CVT 1.3,4,15.29711532616119
Karachi,2025,Petrol,Manual,4000000.0,5800,1300.0,Changan,Alsvin,1.3L MT Comfort,1,15.201805169084134
Karachi,2017,Petrol,Automatic,3990000.0,70000,1300.0,Toyota,Corolla,GLi Automatic 1.3 VVTi,9,15.199302039492581
Karachi,2014,Petrol,Manual,2000000.0,141402,1300.0,Suzuki,Swift,DLX 1.3,12,14.508658238524095
Islamabad,2013,Petrol,Manual,2900000.0,130000,1300.0,Honda,City,1.3 i-VTEC,13,14.88022163978423
Islamabad,2019,Petrol,Automatic,4250000.0,78000,1300.0,Honda,City,5th (GM2) Generation 1.3 i-VTEC Prosmatec,7,15.26242977619469
Islamabad,2010,Petrol,Manual,2900000.0,123420,1300.0,Toyota,Corolla,GLi 1.3 VVTi,16,14.88022163978423
Lahore,2006,Petrol,Manual,1685000.0000000002,282000,1300.0,Honda,City,i-DSI,20,14.337276715240233
Lahore,2018,Petrol,Manual,3750000.0,143000,1300.0,Toyota,Corolla,XLi VVTi,8,15.137266664613225
Islamabad,1986,Petrol,Manual,450000.0,90000,1300.0,Toyota,Corolla,DX Saloon,40,13.017005083966255
Lahore,2007,Petrol,Automatic,2380000.0,102367,1300.0,Honda,City,i-DSI Vario,19,14.682611465815636
Lahore,2023,Petrol,Automatic,5275000.0,8500,1300.0,Toyota,Yaris,Sedan AERO CVT 1.3,3,15.478489426899847
Islamabad,2020,Petrol,Automatic,4125000.0,72000,1300.0,Honda,City,1.3 i-VTEC Prosmatec,6,15.232576820175131
Lahore,1998,Petrol,Automatic,1200000.0,282000,1300.0,Toyota,Corolla,8th (E110) Generation XE,28,13.997832948091215
Lahore,2021,Petrol,Automatic,3900000.0,95000,1300.0,Toyota,Yaris,Sedan ATIV CVT 1.3,5,15.176487367510099
Islamabad,2018,Petrol,Manual,3779999.9999999995,92000,1300.0,Toyota,Corolla,GLi 1.3 VVTi Special Edition,8,15.145234832146
Lahore,2006,Petrol,Manual,1675000.0,185000,1300.0,Honda,City,i-DSI,20,14.331324320256051
Islamabad,2025,Petrol,Automatic,5050000.0,10,1300.0,Toyota,Yaris,Sedan GLI CVT 1.3,1,15.434898999271326
Lahore,2005,Petrol,Manual,1325000.0,9900,1300.0,Mitsubishi,Lancer,GL,21,14.096923772119156
Lahore,2012,Petrol,Automatic,2770000.0,122989,1300.0,Toyota,Vitz,U 1.3,14,14.834358239174286
Lahore,2007,Petrol,Manual,2050000.0,201000,1300.0,Honda,City,i-DSI,19,14.53335083891935
Karachi,2009,Petrol,Automatic,2480000.0,141000,1300.0,Honda,City,5th (GM2) Generation 1.3 i-VTEC Prosmatec,17,14.72376952136689
Lahore,2014,Petrol,Manual,2500000.0,96000,1300.0,Suzuki,Swift,DLX 1.3,12,14.731801689838349
Lahore,1996,Petrol,Manual,535000.0,100000,1300.0,Suzuki,Margalla,GL,30,13.190023895035274
Karachi,1997,Petrol,Manual,650000.0,200000,1300.0,Honda,City,EXi,29,13.384729180332174
Karachi,2016,Petrol,Manual,3890000.0,50000,1300.0,Toyota,Corolla,GLi 1.3 VVTi,10,15.173919972664004
Lahore,2014,Petrol,Manual,2650000.0,85000,1300.0,Honda,City,1.3 i-VTEC,12,14.790070575320824
Islamabad,1999,Petrol,Automatic,1885000.0000000002,90000,1300.0,Toyota,Vitz,RS 1.3,27,14.449438909368086
Lahore,2002,Petrol,Manual,875000.0,275000,1300.0,Suzuki,Baleno,JXR,24,13.681980308196241
Lahore,2017,Petrol,Automatic,3500000.0,97500,1300.0,Toyota,Corolla,GLi Automatic 1.3 VVTi,9,15.068273812173887
Lahore,2013,Petrol,Manual,2750000.0,156000,1300.0,Toyota,Corolla,GLi 1.3 VVTi,13,14.827111833279051
Islamabad,2016,Petrol,Automatic,3679999.9999999995,94000,1300.0,Honda,City,1.3 i-VTEC Prosmatec,10,15.118423581884207
Islamabad,2013,Petrol,Manual,3460000.0,87692,1300.0,Toyota,Yaris,Hatchback,13,15.056779436051206
Lahore,2022,Petrol,Automatic,4900000.0,15000,1300.0,Toyota,Yaris,Sedan ATIV CVT 1.3,4,15.404745967162468
Lahore,2015,Petrol,Manual,2000000.0,10000,1300.0,FAW,Sirius,S80,11,14.508658238524095
Karachi,2017,Petrol,Automatic,3900000.0,98000,1300.0,Toyota,Corolla,GLi Automatic 1.3 VVTi,9,15.176487367510099
Islamabad,2018,Petrol,Manual,3420000.0000000005,103000,1300.0,Honda,City,1.3 i-VTEC,8,15.045151401436407
Karachi,2016,Petrol,Manual,3150000.0,85000,1300.0,Honda,City,5th (GM2) Generation 1.3 i-VTEC,10,14.962913328262083
Lahore,2003,Petrol,Manual,1700000.0,10000,1300.0,Honda,City,i-DSI,23,14.346139397261565
Lahore,2004,Petrol,Automatic,1750000.0,100621,1300.0,Honda,City,,22,14.375126917328105
Karachi,2003,Petrol,Manual,1100000.0,200000,1300.0,Honda,City,EXi,23,13.910821646859095
Lahore,2014,Petrol,Manual,3390000.0,140000,1300.0,Toyota,Corolla,GLi 1.3 VVTi,12,15.03634077434184
Islamabad,2015,Petrol,Manual,3100000.0,150000,1300.0,Toyota,Corolla,XLi VVTi,11,14.946912992035967
Islamabad,2019,Petrol,Automatic,4195000.0,80000,1300.0,Honda,City,5th (GM2) Generation 1.3 i-VTEC Prosmatec,7,15.249404136262438
Lahore,2025,Petrol,Automatic,5200000.0,15,1300.0,Toyota,Yaris,Sedan GLI CVT 1.3,1,15.46416937585933
Lahore,2008,Petrol,Manual,1370000.0,122807,1300.0,Suzuki,Liana,RXi,18,14.130322027731049
Karachi,2017,Petrol,Manual,3300000.0,77000,1300.0,Toyota,Corolla,GLi 1.3 VVTi,9,15.009433329466965
Islamabad,2006,Petrol,Manual,1850000.0,230000,1300.0,Honda,City,i-DSI,20,14.430696737594902
Lahore,1998,Petrol,Manual,969999.9999999999,160000,1300.0,Toyota,Corolla,8th (E110) Generation XE,28,13.785052381406869
Karachi,2025,Petrol,Automatic,5050000.0,30,1300.0,Toyota,Yaris,Sedan GLI CVT 1.3,1,15.434898999271326
Lahore,2012,Petrol,Manual,2765000.0,179000,1300.0,Honda,City,5th (GM2) Generation Aspire 1.3 i-VTEC,14,14.83255155460216
Lahore,2008,Petrol,Manual,2390000.0,175000,1300.0,Toyota,Corolla,9th (E120) Generation GLi 1.3,18,14.686804342317648
Karachi,2020,Petrol,Automatic,4450000.0,97000,1300.0,Toyota,Corolla,GLi Automatic 1.3 VVTi,6,15.308414878861498
Islamabad,1994,Petrol,Manual,885000.0,201000,1300.0,Mitsubishi,Lancer,,32,13.69334405393293
Lahore,1976,Petrol,Manual,1385000.0,127000,1300.0,Toyota,Corolla,,50,14.141211419624977
Islamabad,2007,Petrol,Automatic,2400000.0,149999,1300.0,Toyota,Yaris,Hatchback G Package,19,14.690979711984754
Karachi,2019,Petrol,Automatic,2900000.0,83000,1300.0,Suzuki,Swift,DLX Automatic 1.3 Navigation,7,14.88022163978423
Lahore,2013,Petrol,Manual,2750000.0,156000,1300.0,Toyota,Corolla,GLi 1.3 VVTi,13,14.827111833279051
Lahore,2004,Petrol,Manual,2170000.0,20000,1300.0,Toyota,Corolla,9th (E120) Generation GLi 1.3,22,14.59023818634603
Karachi,2004,Petrol,Manual,1895000.0,116330,1300.0,Toyota,Corolla,9th (E120) Generation XLi,22,14.45472992420301
Karachi,2016,Petrol,Manual,3890000.0,50000,1300.0,Toyota,Corolla,GLi 1.3 VVTi,10,15.173919972664004
Lahore,2005,Petrol,Manual,600000.0,128000,1323.0,KIA,Classic,LX,21,13.304686600863562
Islamabad,2020,Petrol,Automatic,4300000.0,70000,1300.0,Honda,City,1.3 i-VTEC Prosmatec,6,15.274125813221904
Lahore,2004,Petrol,Manual,1180000.0,134000,1300.0,Suzuki,Baleno,JXR,22,13.981025843899115
Karachi,2015,Petrol,Manual,1970000.0,146000,1300.0,Suzuki,Swift,DLX 1.3,11,14.493544608328255
Karachi,2007,Petrol,Manual,1900000.0,120000,1300.0,Toyota,Corolla,GLi 1.3,19,14.45736497045232
Islamabad,2019,Petrol,Manual,4970000.0,42000,1300.0,Toyota,Corolla,GLi 1.3 VVTi,7,15.418930599280035
Lahore,2014,Petrol,Manual,2985000.0,169000,1300.0,Honda,City,1.3 i-VTEC,12,14.90911063981716
Islamabad,2016,Petrol,Manual,3550000.0,126000,1300.0,Honda,City,5th (GM2) Generation Aspire 1.3 i-VTEC,10,15.0824584431417
Lahore,2005,Petrol,Manual,1700000.0,232000,1300.0,Honda,City,i-DSI,21,14.346139397261565
Karachi,2020,Petrol,Manual,3610000.0,59000,1300.0,Honda,City,1.3 i-VTEC,6,15.099218607317335
Karachi,2021,Petrol,Automatic,3125000.0,50699,1300.0,Suzuki,Swift,DLX Automatic 1.3 Navigation,5,14.954945161152589
Islamabad,2005,Petrol,Manual,1620000.0,220000,1300.0,Mitsubishi,Lancer,GLX 1.3,21,14.297937324492327
Lahore,2014,Petrol,Manual,3000000.0,169000,1300.0,Toyota,Corolla,GLi Limited Edition 1.3 VVTi,12,14.914123179965662
Lahore,2024,Petrol,Automatic,4715000.0,10000,1300.0,Toyota,Yaris,Sedan GLI CVT 1.3,2,15.36625968613875
Islamabad,2017,Petrol,Manual,4200000.0,88000,1300.0,Toyota,Corolla,GLi 1.3 VVTi,9,15.250595321348806
Lahore,2019,Petrol,Manual,4000000.0,36000,1300.0,Honda,City,1.3 i-VTEC,7,15.201805169084134
Lahore,2020,Petrol,Automatic,4225000.0,51000,1300.0,Toyota,Yaris,Sedan ATIV CVT 1.3,6,15.256530055459773
Lahore,2020,Petrol,Manual,4100000.0,44000,1300.0,Honda,City,1.3 i-VTEC,6,15.226497775576945
Lahore,2019,Petrol,Automatic,3620000.0000000005,115000,1300.0,Honda,City,1.3 i-VTEC Prosmatec,7,15.10198486004501
Lahore,2005,Petrol,Manual,1290000.0,105000,1300.0,Mitsubishi,Lancer,GLX 1.3,21,14.070153551531353
Lahore,2015,Petrol,Manual,2650000.0,215600,1300.0,Toyota,Corolla,GLi 1.3 VVTi,11,14.790070575320824
Lahore,2025,Petrol,Automatic,5300000.0,1,1300.0,Toyota,Yaris,Hatchback,1,15.483217567201578
Karachi,2011,Petrol,Automatic,2350000.0,100,1300.0,Honda,City,1.3 i-VTEC Prosmatec,15,14.669926311652166
Lahore,2012,Petrol,Manual,2695000.0,24777,1300.0,Honda,City,5th (GM2) Generation Aspire 1.3 i-VTEC,14,14.80690913338268
Karachi,2020,Petrol,Automatic,3750000.0,41000,1300.0,Toyota,Yaris,Sedan GLI CVT 1.3,6,15.137266664613225
Islamabad,2012,Petrol,Manual,3650000.0,138000,1300.0,Toyota,Corolla,GLi 1.3 VVTi,14,15.11023799953124
Islamabad,2020,Petrol,Manual,3890000.0,90500,1300.0,Honda,City,5th (GM2) Generation 1.3 i-VTEC,6,15.173919972664004
Lahore,2017,Petrol,Manual,3370000.0000000005,90000,1300.0,Honda,City,5th (GM2) Generation Aspire 1.3 i-VTEC,9,15.030423599064406
Lahore,2012,Petrol,Manual,2550000.0,282000,1300.0,Toyota,Corolla,XLi VVTi,14,14.751604309291395
Islamabad,2015,Petrol,Manual,3600000.0,100000,1300.0,Toyota,Corolla,XLi VVTi,11,15.096444681204078
Islamabad,2011,Petrol,Manual,3100000.0,261000,1300.0,Toyota,Corolla,GLi 1.3 VVTi,15,14.946912992035967
Karachi,2023,Petrol,Automatic,4400000.0,40000,1300.0,Toyota,Yaris,Sedan ATIV CVT 1.3,3,15.29711532616119
Islamabad,2017,Petrol,Automatic,3950000.0,106000,1300.0,Honda,City,5th (GM2) Generation 1.3 i-VTEC Prosmatec,9,15.18922639004183
Islamabad,2005,Petrol,Automatic,2064000.0,110000,1300.0,Honda,City,i-DSI Vario,21,14.540156890079597
Lahore,2001,LPG,Manual,950000.0,282000,1300.0,Honda,City,EXi,25,13.76421831620775
Karachi,2025,Petrol,Automatic,4980000.0,15,1300.0,Toyota,Yaris,Sedan GLI CVT 1.3,1,15.42094064980403
Islamabad,2003,Petrol,Manual,1135000.0,230000,1300.0,Suzuki,Baleno,JXL,23,13.942144089954521
Karachi,1992,Petrol,Manual,380000.0,200000,1300.0,Suzuki,Margalla,GL,34,12.847929163278053
Lahore,2023,Petrol,Automatic,4695000.0,35000,1300.0,Toyota,Yaris,Sedan ATIV CVT 1.3,3,15.362008883617023
Islamabad,2016,Petrol,Manual,3750000.0,130000,1300.0,Toyota,Corolla,GLi 1.3 VVTi,10,15.137266664613225
Islamabad,2009,Petrol,Manual,2750000.0,147000,1300.0,Toyota,Corolla,GLi 1.3 VVTi,17,14.827111833279051
Lahore,2011,Petrol,Manual,2350000.0,200000,1300.0,Honda,City,1.3 i-VTEC,15,14.669926311652166
Lahore,2007,Petrol,Manual,1930000.0,160000,1300.0,Honda,City,i-DSI,19,14.47303107901565
Islamabad,2011,Petrol,Manual,3650000.0,106308,1300.0,Toyota,Corolla,GLi 1.3 VVTi,15,15.11023799953124
Karachi,2007,Petrol,Automatic,2300000.0,57300,1300.0,Suzuki,Swift,XG 1.3,19,14.648420115681892
Karachi,2012,Petrol,Manual,5000000.0,13000,1300.0,Toyota,Corolla,GLi 1.3 VVTi,14,15.424948670398354
Lahore,2006,Petrol,Manual,2130000.0,20000,1300.0,Toyota,Corolla,9th (E120) Generation GLi 1.3,20,14.571633007169066
Karachi,2006,Petrol,Manual,1200000.0,130000,1300.0,Suzuki,Liana,RXi,20,13.997832948091215
Lahore,2017,Petrol,Manual,2350000.0,94000,1300.0,Suzuki,Swift,DLX 1.3,9,14.669926311652166
Karachi,2010,Petrol,Manual,2100000.0,282000,1300.0,Honda,City,5th (GM2) Generation 1.3 i-VTEC,16,14.557448378884015
Islamabad,2010,Petrol,Automatic,2890000.0,130000,1300.0,Honda,City,1.3 i-VTEC Prosmatec,16,14.876767406109316
Karachi,2014,Petrol,Manual,2320000.0,132000,1300.0,Toyota,Corolla,XLi VVTi,12,14.657078174676883
Karachi,2011,Petrol,Automatic,2400000.0,178000,1300.0,Honda,City,1.3 i-VTEC Prosmatec,15,14.690979711984754
Lahore,2008,Petrol,Manual,1850000.0,224216,1300.0,Toyota,Corolla,GLi 1.3 VVTi,18,14.430696737594902
Islamabad,2010,Petrol,Manual,1889999.9999999998,168000,1300.0,Suzuki,Swift,DLX 1.3,16,14.452087916136215
Karachi,2006,Petrol,Automatic,2400000.0,186000,1300.0,Toyota,Belta,X 1.3,20,14.690979711984754
Karachi,2005,Petrol,Automatic,1850000.0,165000,1300.0,Honda,City,i-DSI Vario,21,14.430696737594902
Karachi,2010,Petrol,Manual,2350000.0,14658,1300.0,Honda,City,5th (GM2) Generation 1.3 i-VTEC,16,14.669926311652166
Lahore,2007,Petrol,Manual,5500000.0,80000,1300.0,Mazda,RX8,Type S,19,15.520258832020865
Lahore,2019,Petrol,Manual,4565000.0,120617,1300.0,Toyota,Corolla,GLi 1.3 VVTi,7,15.333929291069232
Karachi,2015,Petrol,Automatic,2720000.0,89000,1300.0,Honda,City,5th (GM2) Generation 1.3 i-VTEC Prosmatec,11,14.81614280591917
Lahore,2020,Petrol,Automatic,4200000.0,63000,1300.0,Honda,City,5th (GM2) Generation 1.3 i-VTEC Prosmatec,6,15.250595321348806
Karachi,2017,Petrol,Manual,3200000.0,100000,1300.0,Honda,City,5th (GM2) Generation 1.3 i-VTEC,9,14.978661680269907
Lahore,2007,Petrol,Manual,1850000.0,28000,1300.0,Honda,City,i-DSI,19,14.430696737594902
Karachi,2006,Petrol,Manual,1150000.0,96789,1300.0,Suzuki,Liana,LXi Sport,20,13.955273369904273
Lahore,2005,Petrol,Manual,960000.0,100000,1300.0,Suzuki,Baleno,JXR,21,13.774689605110144
Lahore,2025,Petrol,Automatic,5000000.0,25,1300.0,Toyota,Yaris,Sedan GLI CVT 1.3,1,15.424948670398354
Karachi,2018,Petrol,Manual,3150000.0,73000,1300.0,Honda,City,5th (GM2) Generation 1.3 i-VTEC,8,14.962913328262083
Islamabad,2019,Petrol,Automatic,4350000.0,159000,1300.0,Toyota,Corolla,GLi Automatic 1.3 VVTi,7,15.285686632949897
Lahore,2012,Petrol,Manual,2750000.0,115000,1300.0,Toyota,Corolla,GLi 1.3 VVTi,14,14.827111833279051
Karachi,1999,Petrol,Manual,830000.0000000001,1,1300.0,Suzuki,Baleno,GLi,27,13.629182184591333
Karachi,2015,Petrol,Manual,2150000.0,59172,1300.0,Suzuki,Swift,DLX 1.3,11,14.580978865220017
Islamabad,1986,Petrol,Manual,550000.0,200000,1300.0,Toyota,Corolla,DX,40,13.217675375388819
Islamabad,2011,Petrol,Manual,2730000.0,193536,1300.0,Toyota,Corolla,GLi 1.3 VVTi,15,14.819812533461441
Lahore,2015,Petrol,Manual,1280000.0,125000,1300.0,FAW,V2,VCT-i,11,14.062371417145494
Islamabad,2006,Petrol,Manual,1750000.0,155000,1300.0,Toyota,Corolla,GLi 1.3,20,14.375126917328105
Karachi,1997,Petrol,Manual,1050000.0,120000,1300.0,Toyota,Corolla,8th (E110) Generation GL,29,13.864301674514206
Karachi,2001,Petrol,Manual,1400000.0,100000,1300.0,Toyota,Corolla,XE,25,14.151983508870947
Lahore,2010,Petrol,Manual,3450000.0,135000,1300.0,Toyota,Corolla,GLi 1.3 VVTi,16,15.053885078862573
Lahore,2004,Petrol,Manual,1550000.0,282000,1300.0,Honda,City,i-DSI,22,14.253766134056512
Islamabad,2019,Petrol,Automatic,4200000.0,98400,1300.0,Honda,City,1.3 i-VTEC Prosmatec,7,15.250595321348806
Lahore,2009,Petrol,Manual,2100000.0,123561,1300.0,Toyota,Corolla,XLi VVTi,17,14.557448378884015
Lahore,2015,Petrol,Manual,3775000.0,134000,1300.0,Toyota,Corolla,GLi 1.3 VVTi,11,15.143911205565889
Karachi,2019,Petrol,Automatic,4400000.0,39000,1300.0,Toyota,Corolla,GLi Automatic 1.3 VVTi,7,15.29711532616119
Karachi,2004,Petrol,Manual,850000.0,100800,1300.0,Suzuki,Baleno,JXR,22,13.652992804936396
Karachi,1997,Petrol,Manual,650000.0,100000,1300.0,Suzuki,Margalla,GL Plus,29,13.384729180332174
Islamabad,2007,Petrol,Manual,1980000.0,160000,1300.0,Toyota,Corolla,9th (E120) Generation XLi,19,14.498607907721096
Lahore,2011,Petrol,Manual,2675000.0,226400,1300.0,Toyota,Corolla,GLi 1.3 VVTi,15,14.79946031214395
Lahore,2006,Petrol,Automatic,1835000.0000000002,170000,1300.0,Honda,City,i-DSI Vario,20,14.422555584429787
Islamabad,2012,Hybrid,Automatic,2950000.0,160000,1300.0,Honda,Fit,1.3 Hybrid 10th Anniversary,14,14.897316067298997
Islamabad,2004,Petrol,Manual,1600000.0,151000,1300.0,Mitsubishi,Lancer,GLX 1.3,22,14.285514812209815
Karachi,2010,Petrol,Manual,1660000.0000000002,144950,1300.0,Suzuki,Swift,DLX 1.3,16,14.322328762742183
Lahore,2013,Petrol,Manual,2850000.0,175000,1300.0,Toyota,Corolla,XLi VVTi Limited Edition,13,14.862829903121964
Islamabad,2017,Petrol,Manual,3620000.0000000005,140000,1300.0,Honda,City,1.3 i-VTEC,9,15.10198486004501
Islamabad,2006,Petrol,Automatic,2350000.0,102000,1300.0,Toyota,Vitz,iLL 1.3,20,14.669926311652166
Karachi,2020,Petrol,Automatic,4150000.0,70000,1300.0,Toyota,Yaris,Sedan ATIV CVT 1.3,6,15.238619133170708
Islamabad,2018,Petrol,Manual,3590000.0,139468,1300.0,Honda,City,1.3 i-VTEC,8,15.093663039015954
Islamabad,2011,Petrol,Manual,2575000.0,103000,1300.0,Honda,City,5th (GM2) Generation 1.3 i-VTEC,15,14.761360480429413
Islamabad,2019,Petrol,Automatic,2700000.0,100000,1300.0,Suzuki,Swift,DLX Automatic 1.3 Navigation,7,14.80876270134486
Lahore,2005,Petrol,Manual,1250000.0,180000,1300.0,Suzuki,Baleno,JXL,21,14.038654909278163
Islamabad,2006,Petrol,Automatic,3150000.0,150000,1300.0,Toyota,Corolla,X 1.3,20,14.962913328262083
Islamabad,2007,Petrol,Manual,2600000.0,282000,1300.0,Toyota,Corolla,XLi,19,14.77102238760702
Lahore,2018,Petrol,Manual,2400000.0,99600,1300.0,Suzuki,Swift,DLX 1.3 Navigation,8,14.690979711984754
Islamabad,1997,Petrol,Manual,1475000.0,260000,1300.0,Toyota,Corolla,8th (E110) Generation XE Limited,29,14.204169225721929
Islamabad,2006,Petrol,Manual,1750000.0,265250,1300.0,Honda,City,i-DSI,20,14.375126917328105
Lahore,2018,Petrol,Automatic,4300000.0,85000,1300.0,Toyota,Corolla,GLi Automatic 1.3 VVTi,8,15.274125813221904
Karachi,1995,Petrol,Manual,470000.0,23967,1300.0,Suzuki,Margalla,GL,31,13.060490101343552
Lahore,2011,Petrol,Manual,2225000.0,185000,1300.0,Toyota,Corolla,XLi VVTi,15,14.615267923020578
Karachi,2005,Petrol,Automatic,1700000.0,142000,1300.0,Honda,City,i-DSI Vario,21,14.346139397261565
Lahore,2013,Petrol,Manual,3800000.0,176000,1300.0,Toyota,Corolla,GLi 1.3 VVTi,13,15.150511887854474
Lahore,2025,Petrol,Manual,4800000.0,10,1300.0,Toyota,Yaris,Sedan GLI MT 1.3,1,15.38412668421143
Islamabad,2021,Petrol,Automatic,4285000.0,67000,1300.0,Honda,City,5th (GM2) Generation 1.3 i-VTEC Prosmatec,5,15.270631343386219
Islamabad,2007,Petrol,Manual,1650000.0,178000,1300.0,Toyota,Corolla,,19,14.316286451937186
Lahore,2018,Petrol,Manual,1650000.0,90000,1300.0,FAW,V2,VCT-i,8,14.316286451937186
Lahore,2016,Petrol,Manual,3150000.0,85500,1300.0,Honda,City,1.3 i-VTEC,10,14.962913328262083
Lahore,2010,Petrol,Manual,2200000.0,268102,1300.0,Toyota,Corolla,XLi VVTi,16,14.603968372873895
Karachi,2018,Petrol,Automatic,4350000.0,36780,1300.0,Toyota,Corolla,GLi Automatic 1.3 VVTi,8,15.285686632949897
Islamabad,2004,CNG,Manual,1700000.0,282000,1300.0,Toyota,Corolla,9th (E120) Generation XLi,22,14.346139397261565
Islamabad,2014,Petrol,Manual,3165000.0,160000,1300.0,Honda,City,1.3 i-VTEC,12,14.96766392951613
Islamabad,2011,Petrol,Manual,2695000.0,130000,1300.0,Toyota,Corolla,GLi 1.3 VVTi,15,14.80690913338268
Karachi,2014,Petrol,Automatic,2250000.0,61850,1300.0,Suzuki,Swift,DLX Automatic 1.3,12,14.626441218624949
Karachi,2013,Petrol,Manual,2800000.0,273000,1300.0,Toyota,Corolla,GLi 1.3 VVTi,13,14.845130332288226
Lahore,2007,Petrol,Manual,1720000.0,155000,1300.0,Honda,City,,19,14.357835430184815
Karachi,2005,Petrol,Manual,1000000.0,150000,1300.0,Suzuki,Baleno,JXR,21,13.815511557963774
Lahore,2005,Petrol,Manual,1680000.0,17513,1300.0,Toyota,Corolla,9th (E120) Generation XLi,21,14.33430494661736
Islamabad,1995,Petrol,Manual,2600000.0,260000,1300.0,Toyota,Corolla,8th (E110) Generation XE,31,14.77102238760702
Lahore,2012,Petrol,Manual,2600000.0,102000,1300.0,Suzuki,Swift,DLX 1.3,14,14.77102238760702
Karachi,1995,Petrol,Manual,425000.0,50000,1300.0,Suzuki,Margalla,GL,31,12.959846800844963
Karachi,2000,Petrol,Automatic,1035000.0,76000,1300.0,Honda,City,,26,13.849912950864715
Islamabad,2011,Hybrid,Automatic,3270000.0000000005,136000,1300.0,Honda,Fit,,15,15.000300848683787
Karachi,1999,Petrol,Manual,1275000.0,100000,1300.0,Toyota,Corolla,8th (E110) Generation XE Limited,27,14.058457520888082
Lahore,2016,Petrol,Manual,3275000.0,200000,1300.0,Honda,City,1.3 i-VTEC,10,15.001828732394953
Karachi,2018,Petrol,Automatic,3800000.0,113000,1300.0,Toyota,Vitz,F Safety Edition II,8,15.150511887854474
Islamabad,2016,Petrol,Manual,3990000.0,165000,1300.0,Toyota,Corolla,GLi 1.3 VVTi,10,15.199302039492581
Islamabad,2016,Petrol,Automatic,3350000.0,132000,1300.0,Honda,City,5th (GM2) Generation 1.3 i-VTEC Prosmatec,10,15.024471202308668
Lahore,2016,Petrol,Automatic,3425000.0,110000,1300.0,Honda,City,5th (GM2) Generation 1.3 i-VTEC Prosmatec,10,15.046612321649222
Lahore,2021,Petrol,Manual,3990000.0,49000,1300.0,Honda,City,1.3 i-VTEC,5,15.199302039492581
Lahore,2016,Petrol,Manual,3350000.0,92000,1300.0,Honda,City,5th (GM2) Generation 1.3 i-VTEC,10,15.024471202308668
Lahore,2018,Petrol,Automatic,3929000.0,70000,1300.0,Toyota,Corolla,XLi VVTi,8,15.183895753058254
Karachi,2018,Petrol,Automatic,4450000.0,42000,1300.0,Toyota,Corolla,GLi Automatic 1.3 VVTi,8,15.308414878861498
Islamabad,2010,Petrol,Manual,2280000.0,270,1300.0,Toyota,Corolla,XLi VVTi,16,14.639686439527019
Islamabad,2011,Petrol,Manual,3325000.0,136000,1300.0,Toyota,Corolla,GLi 1.3 VVTi,15,15.016980532823926
Lahore,2025,Petrol,Automatic,5075000.0,25,1300.0,Toyota,Yaris,Sedan GLI CVT 1.3,1,15.439837279936441
Lahore,2025,Petrol,Automatic,5100000.0,25,1300.0,Toyota,Yaris,Sedan GLI CVT 1.3,1,15.444751293772967
Lahore,2025,Petrol,Automatic,5150000.0,25,1300.0,Toyota,Yaris,Sedan GLI CVT 1.3,1,15.454507466814658
Karachi,2002,Petrol,Manual,1050000.0,10000,1300.0,Honda,City,EXi,24,13.864301674514206
Lahore,2016,Petrol,Manual,3500000.0,47000,1300.0,Honda,City,1.3 i-VTEC,10,15.068273812173887
Karachi,2016,Petrol,Manual,2765000.0,181000,1300.0,Toyota,Corolla,XLi VVTi,10,14.83255155460216
Islamabad,2015,Petrol,Manual,3100000.0,100000,1300.0,Honda,City,5th (GM2) Generation 1.3 i-VTEC,11,14.946912992035967
Karachi,2006,Petrol,Automatic,1950000.0,94781,1300.0,Honda,City,i-DSI Vario,20,14.48334044336031
Lahore,2015,Petrol,Manual,3185000.0,75000,1300.0,Honda,City,1.3 i-VTEC,11,14.973963160960094
Islamabad,2011,Petrol,Manual,3279999.9999999995,135000,1300.0,Toyota,Corolla,GLi 1.3 VVTi,15,15.003354285238329
Islamabad,2015,Petrol,Automatic,3180000.0,120000,1300.0,Honda,City,Aspire Prosmatec 1.3 i-VTEC,11,14.97239206922172
Lahore,2021,Petrol,Automatic,4300000.0,69000,1300.0,Toyota,Yaris,Sedan ATIV CVT 1.3,5,15.274125813221904
Islamabad,2011,Petrol,Manual,2100000.0,148000,1300.0,Suzuki,Swift,DX 1.3,15,14.557448378884015
Lahore,2011,Petrol,Manual,1900000.0,123,1300.0,Suzuki,Swift,DLX 1.3,15,14.45736497045232
Lahore,2009,Petrol,Manual,2400000.0,60000,1300.0,Toyota,Corolla,XLi VVTi,17,14.690979711984754
Lahore,2007,Petrol,Manual,1750000.0,120000,1300.0,Honda,City,i-DSI,19,14.375126917328105
Karachi,2017,Petrol,Manual,2325000.0,100000,1300.0,Suzuki,Swift,DLX 1.3,9,14.659231027111028
Lahore,2016,Petrol,Manual,3320000.0000000005,160000,1300.0,Toyota,Corolla,GLi 1.3 VVTi,10,15.015475642097446
Karachi,2017,Petrol,Manual,3025000.0,160000,1300.0,Toyota,Corolla,XLi VVTi,9,14.922421980025536
Islamabad,2003,Petrol,Manual,1180000.0,128888,1300.0,Suzuki,Baleno,Sport,23,13.981025843899115
Lahore,2007,Petrol,Automatic,2140000.0,155576,1300.0,Honda,City,i-DSI Vario,19,14.576316854287645
Islamabad,2016,Petrol,Manual,3700000.0,195000,1300.0,Toyota,Corolla,GLi 1.3 VVTi,10,15.123843647884687
Karachi,1985,Petrol,Manual,900000.0,140000,1300.0,Toyota,Starlet,1.3,41,13.710151153416941
Lahore,2017,Petrol,Manual,3350000.0,150000,1300.0,Honda,City,5th (GM2) Generation 1.3 i-VTEC,9,15.024471202308668
Lahore,2005,Petrol,Manual,1689999.9999999998,200000,1300.0,Honda,City,i-DSI,21,14.340239678615058
Islamabad,2001,Petrol,Manual,1075000.0,164000,1300.0,Honda,City,EXi,25,13.887832149776026
Karachi,2012,Petrol,Automatic,2250000.0,22000,1300.0,Toyota,Passo,+ Hana 1.3,14,14.626441218624949
Islamabad,2013,Petrol,Manual,2900000.0,90000,1300.0,Honda,City,5th (GM2) Generation 1.3 i-VTEC,13,14.88022163978423
Lahore,2019,Petrol,Automatic,4890000.0,39500,1300.0,Toyota,Corolla,GLi Automatic 1.3 VVTi,7,15.40270306595001
Lahore,2003,Petrol,Manual,1695000.0,150000,1300.0,Honda,City,i-DSI,23,14.343193888767015
Islamabad,2018,Petrol,Manual,4000000.0,89000,1300.0,Toyota,Corolla,GLi 1.3 VVTi,8,15.201805169084134
Islamabad,2010,Petrol,Manual,2700000.0,180000,1300.0,Toyota,Corolla,GLi 1.3 VVTi,16,14.80876270134486
Karachi,2021,Petrol,Automatic,4300000.0,53700,1300.0,Toyota,Yaris,Sedan ATIV CVT 1.3,5,15.274125813221904
Karachi,2013,Petrol,Manual,2790000.0,96180,1300.0,Toyota,Corolla,GLi Limited Edition 1.3 VVTi,13,14.841552512220423
Islamabad,2010,Petrol,Manual,2475000.0,125000,1300.0,Toyota,Corolla,GLi 1.3 VVTi,16,14.72175135802525
Karachi,1996,Petrol,Manual,484000.0,98000,1300.0,Suzuki,Margalla,GL,30,13.089842251812337
Islamabad,2011,Petrol,Manual,3150000.0,150000,1300.0,Toyota,Corolla,GLi 1.3 VVTi,15,14.962913328262083
Islamabad,2010,Petrol,Manual,1989999.9999999998,178500,1300.0,Suzuki,Swift,DLX 1.3,16,14.503645699213111
Islamabad,2019,Petrol,Manual,4590000.0,70000,1300.0,Toyota,Corolla,GLi 1.3 VVTi,7,15.339390799901627
Islamabad,2011,Petrol,Manual,2790000.0,139500,1300.0,Toyota,Corolla,XLi VVTi,15,14.841552512220423
Islamabad,2011,Petrol,Manual,1825000.0,200000,1300.0,Suzuki,Swift,DX 1.3,15,14.417091092943783
Karachi,2017,Petrol,Automatic,3500000.0,96000,1300.0,Honda,City,Aspire Prosmatec 1.3 i-VTEC,9,15.068273812173887
Islamabad,2008,Petrol,Manual,2550000.0,125000,1300.0,Honda,City,i-DSI,18,14.751604309291395
Lahore,2005,Petrol,Manual,1980000.0,10000,1300.0,Honda,City,i-DSI,21,14.498607907721096
Islamabad,2017,Petrol,Automatic,4725000.0,78000,1300.0,Toyota,Corolla,GLi Automatic 1.3 VVTi,9,15.36837833055017
Karachi,2007,Petrol,Manual,1975000.0,250000,1300.0,Honda,City,i-DSI,19,14.496079462646344
Lahore,2010,Petrol,Automatic,2650000.0,110000,1300.0,Honda,City,5th (GM2) Generation 1.3 i-VTEC Prosmatec,16,14.790070575320824
Karachi,2010,Petrol,Automatic,2400000.0,100000,1300.0,Honda,City,1.3 i-VTEC Prosmatec,16,14.690979711984754
Lahore,2002,Petrol,Manual,1215000.0,10000,1300.0,Honda,City,EXi,24,14.010255457801716
Karachi,1996,Petrol,Manual,450000.0,132000,1300.0,Suzuki,Margalla,GLX,30,13.017005083966255
Karachi,2008,Petrol,Manual,1730000.0,125000,1300.0,Honda,City,i-DSI,18,14.363632544508476
Lahore,2006,Petrol,Manual,2300000.0,105000,1300.0,Honda,City,i-DSI,20,14.648420115681892
Karachi,2013,Petrol,Manual,2550000.0,161000,1300.0,Toyota,Corolla,XLi VVTi Limited Edition,13,14.751604309291395
Lahore,2021,Petrol,Automatic,4050000.0,93500,1300.0,Toyota,Yaris,Sedan ATIV CVT 1.3,5,15.214227685996272
Lahore,2002,Petrol,Manual,1130000.0,123456,1300.0,Suzuki,Baleno,GLi,24,13.937729075643883
Islamabad,2020,Petrol,Automatic,3200000.0,97000,1300.0,Suzuki,Swift,DLX Automatic 1.3 Navigation,6,14.978661680269907
Karachi,1990,Petrol,Manual,280000.0,50000,1300.0,Mitsubishi,Lancer,,36,12.54254845357358
Karachi,2019,Petrol,Automatic,3985000.0,38000,1300.0,Toyota,Corolla,XLi Automatic,7,15.19804812114745
Islamabad,2012,Petrol,Manual,3520000.0000000005,98500,1300.0,Toyota,Corolla,GLi 1.3 VVTi,14,15.07397183166515
Karachi,2019,Petrol,Automatic,4350000.0,88000,1300.0,Toyota,Corolla,GLi Automatic 1.3 VVTi,7,15.285686632949897
Islamabad,2006,Petrol,Manual,1300000.0,180000,1300.0,Suzuki,Liana,RXi,20,14.077875591662238
Islamabad,2017,Petrol,Manual,2830000.0,65340,1300.0,Suzuki,Swift,DLX 1.3,9,14.855787622976248
Islamabad,2018,Petrol,Automatic,4630000.0,101000,1300.0,Toyota,Corolla,GLi Automatic 1.3 VVTi,8,15.348067642045114
Karachi,2009,Petrol,Manual,2250000.0,82000,1300.0,Toyota,Corolla,GLi 1.3 VVTi,17,14.626441218624949
Lahore,2010,Petrol,Manual,2400000.0,225000,1300.0,Toyota,Corolla,GLi 1.3 VVTi,16,14.690979711984754
Islamabad,2013,Petrol,Manual,2900000.0,130250,1300.0,Honda,City,1.3 i-VTEC,13,14.88022163978423
Islamabad,2013,Petrol,Manual,3150000.0,150,1300.0,Toyota,Corolla,XLi VVTi Limited Edition,13,14.962913328262083
Lahore,2020,Petrol,Manual,4275000.0,115000,1300.0,Toyota,Corolla,GLi 1.3 VVTi,6,15.268294894271099
Islamabad,2014,Petrol,Manual,3050000.0,150000,1300.0,Toyota,Corolla,GLi 1.3 VVTi,12,14.930652476452392
Karachi,2005,Petrol,Manual,1350000.0,226,1300.0,Honda,City,i-DSI,21,14.115615891155079
Islamabad,2014,Petrol,Manual,2575000.0,98000,1300.0,Suzuki,Swift,DLX 1.3,12,14.761360480429413
Lahore,2016,Petrol,Manual,3150000.0,172000,1300.0,Honda,City,5th (GM2) Generation 1.3 i-VTEC,10,14.962913328262083
Karachi,2011,Petrol,Manual,2650000.0,75000,1300.0,Toyota,Corolla,XLi VVTi,15,14.790070575320824
Karachi,2017,Petrol,Manual,3700000.0,90000,1300.0,Toyota,Corolla,GLi 1.3 VVTi,9,15.123843647884687
Lahore,2022,Petrol,Automatic,4650000.0,16500,1300.0,Toyota,Yaris,Sedan ATIV CVT 1.3,4,15.35237799261728
Karachi,2025,Petrol,Automatic,4975000.0,36,1300.0,Toyota,Yaris,Sedan GLI CVT 1.3,1,15.419936129579835
Islamabad,2013,Petrol,Manual,3030000.0,130000,1300.0,Toyota,Corolla,GLi Limited Edition 1.3 VVTi,13,14.9240735075185
Karachi,2019,Petrol,Automatic,3850000.0,62000,1300.0,Honda,City,1.3 i-VTEC Prosmatec,7,15.163583966004193
Karachi,1989,Petrol,Manual,675000.0,200000,1300.0,Honda,Civic,,37,13.42246945133505
Karachi,2012,Petrol,Manual,2400000.0,180000,1300.0,Toyota,Corolla,GLi 1.3 VVTi,14,14.690979711984754
Lahore,2018,Petrol,Automatic,3720000.0000000005,138000,1300.0,Honda,City,5th (GM2) Generation 1.3 i-VTEC Prosmatec,8,15.129234495066498
Karachi,1997,Petrol,Manual,450000.0,20000,1300.0,Honda,City,EXi,29,13.017005083966255
Lahore,2004,Petrol,Manual,1100000.0,189000,1300.0,Suzuki,Baleno,JXR,22,13.910821646859095
Lahore,2005,Petrol,Manual,1550000.0,282000,1300.0,Toyota,Corolla,9th (E120) Generation GLi 1.3,21,14.253766134056512
Karachi,2023,Petrol,Automatic,4200000.0,10700,1300.0,Suzuki,Swift,,3,15.250595321348806
Karachi,2006,Petrol,Automatic,1800000.0,150000,1300.0,Honda,City,,20,14.403297778421795
Karachi,2024,Petrol,Automatic,4875000.0,27000,1300.0,Toyota,Yaris,Sedan ATIV CVT 1.3,2,15.39963086754227
Lahore,2016,Petrol,Manual,2800000.0,100000,1300.0,Toyota,Corolla,XLi VVTi,10,14.845130332288226
Karachi,2015,Petrol,Manual,2600000.0,134000,1300.0,Honda,City,1.3 i-VTEC,11,14.77102238760702
Islamabad,2006,Petrol,Manual,2250000.0,142000,1300.0,Honda,City,i-DSI,20,14.626441218624949
Lahore,2005,Petrol,Manual,1290000.0,176000,1300.0,Mitsubishi,Lancer,GLX 1.3,21,14.070153551531353
Karachi,1995,Petrol,Automatic,1800000.0,1,1300.0,Toyota,Corolla,LX Limited 1.3,31,14.403297778421795
Karachi,1998,Petrol,Manual,1265000.0,165000,1300.0,Toyota,Corolla,8th (E110) Generation XE,28,14.05058347065728
Lahore,2021,Petrol,Automatic,4050000.0,85000,1300.0,Toyota,Yaris,Sedan GLI CVT 1.3,5,15.214227685996272
Lahore,2007,Petrol,Manual,1100000.0,282000,1300.0,Suzuki,Liana,RXi,19,13.910821646859095
Lahore,2002,Petrol,Manual,1200000.0,90000,1300.0,Honda,City,EXi,24,13.997832948091215
Karachi,2009,Petrol,Automatic,2300000.0,195000,1300.0,Honda,City,5th (GM2) Generation 1.3 i-VTEC Prosmatec,17,14.648420115681892
Karachi,2007,Petrol,Automatic,3100000.0,116000,1300.0,Toyota,IST,,19,14.946912992035967
Karachi,2020,Petrol,Automatic,4175000.0,41700,1300.0,Toyota,Yaris,Sedan ATIV CVT 1.3,6,15.244625155788022
Islamabad,2016,Petrol,Manual,3529999.9999999995,84000,1300.0,Honda,City,1.3 i-VTEC,10,15.076808712195557
Lahore,1993,Petrol,Manual,420000.0,123457,1300.0,Suzuki,Khyber,,33,12.948012371209098
Islamabad,1973,Petrol,Manual,400000.0,282000,1300.0,Toyota,Corolla,,53,12.899222326086994
Islamabad,2017,Petrol,Automatic,3700000.0,107000,1300.0,Toyota,Corolla,GLi Automatic 1.3 VVTi,9,15.123843647884687
Karachi,1998,Petrol,Manual,830000.0000000001,200000,1300.0,Honda,City,EXi,28,13.629182184591333
Karachi,1993,Petrol,Manual,380000.0,282000,1300.0,Suzuki,Margalla,GL,33,12.847929163278053
Karachi,2009,Hybrid,Automatic,2400000.0,119000,1300.0,Honda,Insight,HDD Navi Special Edition,17,14.690979711984754
Lahore,1999,Petrol,Manual,840000.0,282000,1300.0,Honda,City,EXi,27,13.641158361294979
Islamabad,1986,CNG,Manual,780000.0,70000,1300.0,Toyota,86,,40,13.567050480716235
Karachi,2019,Petrol,Manual,3500000.0,40000,1300.0,Honda,City,5th (GM2) Generation 1.3 i-VTEC,7,15.068273812173887
Lahore,2006,Petrol,Manual,1850000.0,11111,1300.0,Honda,City,i-DSI,20,14.430696737594902
Karachi,2025,Petrol,Automatic,5050000.0,2400,1300.0,Toyota,Yaris,Sedan GLI CVT 1.3,1,15.434898999271326
Islamabad,2014,Petrol,Manual,3600000.0,91000,1300.0,Honda,City,5th (GM2) Generation 1.3 i-VTEC,12,15.096444681204078
Islamabad,2013,Petrol,Manual,2450000.0,121000,1300.0,Suzuki,Swift,DLX 1.3,13,14.711598990684092
Karachi,2015,Petrol,Manual,1950000.0,116000,1300.0,Suzuki,Swift,DLX 1.3,11,14.48334044336031
Karachi,2013,Petrol,Manual,2440000.0,81000,1300.0,Honda,City,1.3 i-VTEC,13,14.707509007105367
Islamabad,2021,Petrol,Automatic,4100000.0,58000,1300.0,Honda,City,1.3 i-VTEC Prosmatec,5,15.226497775576945
Islamabad,2015,Petrol,Manual,3150000.0,142000,1300.0,Honda,City,1.3 i-VTEC,11,14.962913328262083
Karachi,2010,Petrol,Manual,1550000.0,200000,1300.0,Suzuki,Swift,DLX 1.3,16,14.253766134056512
Lahore,2012,Petrol,Manual,2150000.0,98000,1300.0,Suzuki,Swift,DLX 1.3,14,14.580978865220017
Islamabad,2025,Petrol,Automatic,5175000.0,25,1300.0,Toyota,Yaris,Sedan ATIV CVT 1.3,1,15.459350090352403
Islamabad,1999,Petrol,Manual,1050000.0,95000,1300.0,Suzuki,Baleno,GL,27,13.864301674514206
Lahore,2019,Petrol,Manual,3600000.0,90000,1300.0,Honda,City,5th (GM2) Generation 1.3 i-VTEC,7,15.096444681204078
Islamabad,2017,Petrol,Manual,2430000.0,88000,1300.0,Suzuki,Swift,DLX 1.3,9,14.70340222683928
Islamabad,2021,Petrol,Manual,4070000.0000000005,49950,1300.0,Honda,City,1.3 i-VTEC,5,15.219153803118994
Karachi,1996,Petrol,Manual,750000.0,100000,1300.0,Suzuki,Margalla,GL,30,13.527829818844937
Lahore,2006,Petrol,Manual,1580000.0,10000,1300.0,Mitsubishi,Lancer,GL,20,14.272936037914342
Islamabad,1986,CNG,Manual,580000.0,70000,1300.0,Toyota,Corolla,DX,40,13.270785106659046
Lahore,2017,Petrol,Manual,3390000.0,177000,1300.0,Toyota,Corolla,GLi 1.3 VVTi,9,15.03634077434184
Lahore,2017,Petrol,Manual,2950000.0,89000,1300.0,Suzuki,Swift,DLX 1.3 Navigation,9,14.897316067298997
Islamabad,2019,Petrol,Manual,3950000.0,87000,1300.0,Toyota,Corolla,XLi VVTi,7,15.18922639004183
Islamabad,2011,Petrol,Manual,2430000.0,134000,1300.0,Toyota,Corolla,XLi VVTi,15,14.70340222683928
Lahore,2013,Petrol,Automatic,1750000.0,208000,1300.0,Nissan,March,,13,14.375126917328105
Lahore,2022,Petrol,Automatic,4390000.0,53000,1300.0,Toyota,Yaris,Sedan GLI CVT 1.3,4,15.29484001284176
Karachi,2015,Petrol,Manual,2675000.0,50000,1300.0,Toyota,Corolla,GLi 1.3 VVTi,11,14.79946031214395
Islamabad,2016,Petrol,Manual,3450000.0,97890,1300.0,Toyota,Corolla,XLi VVTi,10,15.053885078862573
Lahore,2005,Petrol,Manual,675000.0,147000,1300.0,KIA,Classic,,21,13.42246945133505
Karachi,2007,Petrol,Manual,1050000.0,80000,1300.0,Suzuki,Liana,RXi,19,13.864301674514206
Lahore,2025,Petrol,Automatic,5060000.0,5,1300.0,Toyota,Yaris,Sedan GLI CVT 1.3,1,15.436877238892087
Karachi,2009,Petrol,Manual,1275000.0,99000,1300.0,Suzuki,Liana,RXi,17,14.058457520888082
Lahore,1997,Petrol,Manual,1350000.0,114000,1300.0,Toyota,Corolla,8th (E110) Generation XE,29,14.115615891155079
Lahore,2011,Petrol,Manual,2600000.0,200000,1300.0,Honda,City,5th (GM2) Generation 1.3 i-VTEC,15,14.77102238760702
Lahore,1998,Petrol,Manual,1170000.0,100000,1300.0,Honda,City,EXi,28,13.972515161474428
Karachi,2016,Petrol,Manual,2950000.0,150000,1300.0,Honda,City,5th (GM2) Generation 1.3 i-VTEC,10,14.897316067298997
Karachi,2020,Petrol,Manual,3650000.0,66000,1300.0,Toyota,Yaris,Sedan GLI MT 1.3,6,15.11023799953124
Karachi,2021,Petrol,Manual,3850000.0,40600,1300.0,Toyota,Yaris,Sedan GLI MT 1.3,5,15.163583966004193
Karachi,1998,Petrol,Manual,830000.0000000001,200000,1300.0,Honda,City,EXi,28,13.629182184591333
Karachi,2003,Petrol,Automatic,1500000.0,220000,1300.0,Toyota,IST,,23,14.220976332738882
Lahore,2007,Petrol,Automatic,2150000.0,170000,1300.0,Honda,City,i-DSI Vario,19,14.580978865220017
Lahore,2013,Petrol,Manual,2760000.0,192729,1300.0,Toyota,Corolla,GLi 1.3 VVTi,13,14.830741600012107
Karachi,2020,Petrol,Automatic,4300000.0,56000,1300.0,Toyota,Yaris,Sedan ATIV CVT 1.3,6,15.274125813221904
Lahore,2015,Petrol,Manual,2895000.0,88000,1300.0,Honda,City,1.3 i-VTEC,11,14.878496014412317
Lahore,2018,Petrol,Automatic,3745000.0000000005,84000,1300.0,Honda,City,1.3 i-VTEC Prosmatec,8,15.135932441956118
Karachi,2000,Petrol,Manual,370000.0,202034,1323.0,KIA,Classic,LX,26,12.821260987319457
Islamabad,1999,Petrol,Manual,850000.0,282000,1300.0,Suzuki,Baleno,GL,27,13.652992804936396
Islamabad,2014,Petrol,Manual,3195000.0,162000,1300.0,Toyota,Corolla,GLi 1.3 VVTi,12,14.97709795878277
Islamabad,2004,Petrol,Manual,1000000.0,282000,1300.0,Suzuki,Baleno,,22,13.815511557963774
Karachi,2016,Petrol,Manual,2120000.0,160000,1300.0,Suzuki,Swift,DLX 1.3,10,14.566927118346197
Islamabad,2010,Petrol,Manual,2480000.0,174000,1300.0,Honda,City,5th (GM2) Generation 1.3 i-VTEC,16,14.72376952136689
Islamabad,2007,Petrol,Manual,2150000.0,146800,1300.0,Honda,City,i-DSI,19,14.580978865220017
Karachi,1984,CNG,Manual,330000.0,10000,1300.0,Honda,Civic,VTi 1.6,42,12.706850963741102
Lahore,2016,Petrol,Manual,3350000.0,156000,1300.0,Toyota,Corolla,GLi 1.3 VVTi,10,15.024471202308668
Karachi,1995,LPG,Manual,600000.0,10000,1300.0,Suzuki,Margalla,GL,31,13.304686600863562
Karachi,2009,Petrol,Manual,2600000.0,125000,1300.0,Toyota,Corolla,XLi VVTi,17,14.77102238760702
Lahore,2006,Petrol,Manual,1814999.9999999998,255000,1300.0,Honda,City,i-DSI,20,14.411596576645124
Karachi,1982,Petrol,Manual,550000.0,100000,1300.0,Toyota,Corolla,GL,44,13.217675375388819
Lahore,2009,Petrol,Manual,2070000.0,120000,1300.0,Toyota,Corolla,GLi 1.3 VVTi,17,14.543059648333223
Lahore,2007,Petrol,Manual,1950000.0,150000,1300.0,Honda,City,i-DSI,19,14.48334044336031
Karachi,2013,Petrol,Manual,2670000.0,133000,1300.0,Honda,City,5th (GM2) Generation Aspire 1.3 i-VTEC,13,14.797589404908198
Islamabad,1980,Petrol,Manual,900000.0,100000,1300.0,Toyota,Corolla,GL,46,13.710151153416941
Islamabad,1989,Petrol,Manual,1200000.0,120000,1300.0,Toyota,Corolla,XL,37,13.997832948091215
Karachi,2011,Petrol,Automatic,2250000.0,100300,1300.0,Toyota,Yaris,Hatchback,15,14.626441218624949
Karachi,2014,Petrol,Manual,3150000.0,140500,1300.0,Toyota,Corolla,GLi 1.3 VVTi,12,14.962913328262083
Karachi,2015,Petrol,Automatic,3660000.0,85000,1300.0,Toyota,Corolla,GLi Automatic 1.3 VVTi,11,15.112973978601556
Lahore,2008,Petrol,Manual,1900000.0,150000,1300.0,Honda,City,i-DSI,18,14.45736497045232
Islamabad,2009,Petrol,Manual,2520000.0,156000,1300.0,Honda,City,5th (GM2) Generation 1.3 i-VTEC,17,14.739769856312924
Islamabad,2003,Petrol,Manual,2050000.0,282000,1300.0,Toyota,Corolla,9th (E120) Generation GLi 1.3,23,14.53335083891935
Islamabad,2010,Petrol,Automatic,2700000.0,85000,1300.0,Toyota,Vitz,F 1.3,16,14.80876270134486
Lahore,2017,Petrol,Manual,1300000.0,98000,1300.0,FAW,V2,,9,14.077875591662238
Islamabad,2016,Petrol,Manual,3850000.0,118000,1300.0,Toyota,Corolla,GLi 1.3 VVTi,10,15.163583966004193
Islamabad,2014,Petrol,Automatic,2980000.0,160000,1300.0,Toyota,Corolla,XLi VVTi Limited Edition,12,14.907434194052001
Islamabad,1985,Petrol,Manual,580000.0,200000,1300.0,Nissan,Sunny,,41,13.270785106659046
Karachi,2018,Petrol,Automatic,3600000.0,75000,1300.0,Honda,City,5th (GM2) Generation 1.3 i-VTEC Prosmatec,8,15.096444681204078
Lahore,2005,Petrol,Manual,1100000.0,150000,1300.0,Suzuki,Baleno,JXR,21,13.910821646859095
Islamabad,2013,Petrol,Manual,3200000.0,150000,1300.0,Toyota,Corolla,XLi VVTi,13,14.978661680269907
Lahore,2008,Petrol,Manual,2300000.0,214907,1300.0,Toyota,Corolla,GLi 1.3,18,14.648420115681892
Karachi,2000,Petrol,Manual,1050000.0,100000,1300.0,Honda,City,EXi,26,13.864301674514206
Lahore,2014,Petrol,Manual,3350000.0,89000,1300.0,Honda,City,5th (GM2) Generation 1.3 i-VTEC,12,15.024471202308668
Karachi,2017,Petrol,Manual,3600000.0,78000,1300.0,Toyota,Corolla,XLi VVTi,9,15.096444681204078
Lahore,2014,Petrol,Manual,3050000.0,160000,1300.0,Honda,City,Aspire 1.3 i-VTEC,12,14.930652476452392
Lahore,2018,Petrol,Manual,3425000.0,94000,1300.0,Honda,City,1.3 i-VTEC,8,15.046612321649222
Karachi,1983,Petrol,Manual,600000.0,142300,1300.0,Toyota,Corolla,DX Saloon,43,13.304686600863562
Karachi,2017,Petrol,Automatic,2350000.0,80000,1300.0,Suzuki,Swift,DLX Automatic 1.3 Navigation,9,14.669926311652166
Lahore,2007,Petrol,Manual,2150000.0,185000,1300.0,Honda,City,i-DSI,19,14.580978865220017
Karachi,2011,Petrol,Manual,2300000.0,160000,1300.0,Toyota,Corolla,XLi VVTi,15,14.648420115681892
Islamabad,2007,Petrol,Manual,2450000.0,250000,1300.0,Toyota,Corolla,GLi 1.3,19,14.711598990684092
Karachi,2019,Petrol,Automatic,3000000.0,37000,1300.0,Suzuki,Swift,DLX Automatic 1.3 Navigation,7,14.914123179965662
Karachi,2012,Petrol,Automatic,2650000.0,115000,1300.0,Honda,City,5th (GM2) Generation 1.3 i-VTEC Prosmatec,14,14.790070575320824
Karachi,2016,Petrol,Manual,3479999.9999999995,80000,1300.0,Toyota,Corolla,GLi 1.3 VVTi,10,15.062543139106937
Lahore,2010,Petrol,Manual,2250000.0,137000,1300.0,Toyota,Corolla,XLi VVTi,16,14.626441218624949
Karachi,2012,Petrol,Manual,3200000.0,97000,1300.0,Toyota,Corolla,GLi 1.3 VVTi,14,14.978661680269907
Islamabad,2019,Petrol,Manual,4335000.0,122875,1300.0,Toyota,Corolla,GLi 1.3 VVTi,7,15.28223239887726
Lahore,2021,Petrol,Automatic,3325000.0,63600,1300.0,Suzuki,Swift,DLX Automatic 1.3 Navigation,5,15.016980532823926
Karachi,2000,Petrol,Manual,1000000.0,282000,1300.0,Honda,City,EXi,26,13.815511557963774
Karachi,2018,Petrol,Automatic,4000000.0,22000,1300.0,Honda,City,5th (GM2) Generation 1.3 i-VTEC Prosmatec,8,15.201805169084134
Karachi,2019,Petrol,Manual,4700000.0,85000,1300.0,Toyota,Corolla,GLi 1.3 VVTi,7,15.363073279446223
Karachi,2011,Petrol,Manual,1950000.0,126000,1300.0,Suzuki,Swift,DLX 1.3,15,14.48334044336031
Islamabad,2004,Petrol,Manual,1825000.0,231000,1300.0,Mitsubishi,Lancer,GL,22,14.417091092943783
Karachi,2007,Hybrid,Automatic,2500000.0,112222,1300.0,Honda,Civic,Reborn MX (Hybrid),19,14.731801689838349
Islamabad,1995,Petrol,Manual,670000.0,105324,1300.0,Suzuki,Margalla,GL,31,13.415034483903348
Lahore,2004,Petrol,Manual,1720000.0,282000,1300.0,Honda,City,i-DSI,22,14.357835430184815
Karachi,1986,Petrol,Manual,500000.0,200000,1300.0,Toyota,Corolla,DX Saloon,40,13.122365377402328
Islamabad,2017,Petrol,Manual,4450000.0,70000,1300.0,Toyota,Corolla,GLi 1.3 VVTi,9,15.308414878861498
Islamabad,2001,Petrol,Manual,1695000.0,129000,1300.0,Toyota,Corolla,8th (E110) Generation XE,25,14.343193888767015
Karachi,2010,Petrol,Manual,2330000.0,110000,1300.0,Honda,City,1.3 i-VTEC,16,14.66137925472634
Islamabad,2010,Petrol,Manual,2225000.0,190000,1300.0,Toyota,Corolla,GLi 1.3 VVTi,16,14.615267923020578
Karachi,2016,Petrol,Manual,3750000.0,65000,1300.0,Toyota,Corolla,GLi 1.3 VVTi,10,15.137266664613225
Lahore,2005,Petrol,Manual,1125000.0,200000,1300.0,Suzuki,Baleno,JXR,21,13.933294482509151
Lahore,2013,Petrol,Manual,2100000.0,144000,1300.0,Suzuki,Swift,DLX 1.3,13,14.557448378884015
Karachi,2015,Petrol,Automatic,3300000.0,85000,1300.0,Toyota,Corolla,GLi Automatic 1.3 VVTi,11,15.009433329466965
Lahore,2017,Petrol,Manual,3500000.0,93000,1300.0,Honda,City,1.3 i-VTEC,9,15.068273812173887
Lahore,2003,Petrol,Manual,1295000.0,48000,1300.0,Honda,City,EXi,23,14.07402202531625
Karachi,1993,LPG,Manual,400000.0,100000,1300.0,Hyundai,Excel,,33,12.899222326086994
Islamabad,2011,Petrol,Manual,2700000.0,156000,1300.0,Toyota,Corolla,GLi 1.3 VVTi,15,14.80876270134486
Lahore,2015,Petrol,Automatic,3750000.0,164000,1300.0,Toyota,Corolla,GLi Automatic 1.3 VVTi,11,15.137266664613225
Karachi,2014,Petrol,Manual,2850000.0,123500,1300.0,Toyota,Corolla,XLi VVTi Limited Edition,12,14.862829903121964
Lahore,2015,Petrol,Manual,3650000.0,149000,1300.0,Toyota,Corolla,GLi 1.3 VVTi,11,15.11023799953124
Islamabad,2007,Petrol,Automatic,2075000.0,185000,1300.0,Nissan,AD,Van 1.3 GX,19,14.54547219357453
Lahore,2015,Petrol,Manual,2760000.0,190000,1300.0,Toyota,Corolla,XLi VVTi,11,14.830741600012107
Islamabad,2010,Petrol,Manual,3240000.0,135000,1300.0,Honda,City,5th (GM2) Generation 1.3 i-VTEC,16,14.99108419641044
Lahore,2014,Petrol,Manual,2750000.0,165000,1300.0,Honda,City,5th (GM2) Generation 1.3 i-VTEC,12,14.827111833279051
Karachi,2010,Petrol,Manual,2700000.0,190000,1300.0,Toyota,Corolla,GLi 1.3 VVTi,16,14.80876270134486
Karachi,1993,Petrol,Manual,1425000.0,75000,1300.0,Toyota,Corolla,LX Limited 1.3,33,14.169683073439028
Islamabad,2011,Petrol,Manual,2900000.0,225000,1300.0,Toyota,Corolla,GLi 1.3 VVTi,15,14.88022163978423
Lahore,2015,Petrol,Manual,2085000.0000000002,113000,1300.0,Suzuki,Swift,DLX 1.3,11,14.550279892831231
Islamabad,2011,Petrol,Manual,3200000.0,70000,1300.0,Toyota,Corolla,XLi VVTi,15,14.978661680269907
Karachi,2017,Petrol,Automatic,3350000.0,70000,1300.0,Honda,City,5th (GM2) Generation Aspire Prosmatec 1.3 i-VTEC,9,15.024471202308668
Karachi,2022,Petrol,Automatic,2800000.0,60500,1300.0,Proton,Saga,1.3L Ace A/T,4,14.845130332288226
Lahore,2018,Petrol,Manual,3850000.0,105745,1300.0,Honda,City,1.3 i-VTEC,8,15.163583966004193
Lahore,1998,Petrol,Manual,750000.0,99000,1300.0,Suzuki,Margalla,,28,13.527829818844937
Lahore,2020,Petrol,Manual,3425000.0,84345,1300.0,Honda,City,1.3 i-VTEC,6,15.046612321649222
Lahore,2016,Petrol,Manual,3200000.0,82000,1300.0,Honda,City,5th (GM2) Generation 1.3 i-VTEC,10,14.978661680269907
Islamabad,2019,Petrol,Manual,4700000.0,92700,1300.0,Toyota,Corolla,XLi VVTi,7,15.363073279446223
Islamabad,2020,Petrol,Manual,3825000.0,99000,1300.0,Honda,City,5th (GM2) Generation 1.3 i-VTEC,6,15.157069286680647
Karachi,1996,Petrol,Manual,550000.0,178000,1300.0,Suzuki,Margalla,GL,30,13.217675375388819
Islamabad,2012,Petrol,Manual,2700000.0,230000,1300.0,Toyota,Corolla,GLi 1.3 VVTi,14,14.80876270134486
Lahore,2007,Petrol,Manual,1235000.0,167000,1300.0,Suzuki,Liana,RXi,19,14.026582337760486
Islamabad,1989,Petrol,Manual,550000.0,120000,1300.0,Honda,Civic,,37,13.217675375388819
Islamabad,2010,Petrol,Manual,2365000.0,175000,1300.0,Toyota,Corolla,XLi VVTi,16,14.676289002741061
Lahore,2021,Petrol,Automatic,4275000.0,119000,1300.0,Toyota,Yaris,Sedan ATIV CVT 1.3,5,15.268294894271099
Lahore,2017,Petrol,Manual,4200000.0,100300,1300.0,Toyota,Corolla,GLi 1.3 VVTi,9,15.250595321348806
Islamabad,2018,Petrol,Manual,3750000.0,95000,1300.0,Honda,City,5th (GM2) Generation 1.3 i-VTEC,8,15.137266664613225
Islamabad,2008,Petrol,Manual,2550000.0,190000,1300.0,Toyota,Corolla,9th (E120) Generation GLi 1.3,18,14.751604309291395
Lahore,2014,Petrol,Manual,2724000.0,100000,1300.0,Toyota,Corolla,XLi VVTi Limited Edition,12,14.817612313358667
Lahore,2008,Petrol,Manual,1925000.0,249500,1300.0,Honda,City,i-DSI,18,14.470437045184406
Islamabad,2021,Petrol,Automatic,4275000.0,70000,1300.0,Honda,City,5th (GM2) Generation 1.3 i-VTEC Prosmatec,5,15.268294894271099
Islamabad,2015,Petrol,Automatic,4170000.0000000005,92000,1300.0,Toyota,Corolla,GLi Automatic 1.3 VVTi,11,15.24342683358311
Lahore,2020,Petrol,Automatic,4250000.0,78700,1300.0,Honda,City,1.3 i-VTEC Prosmatec,6,15.26242977619469
Lahore,2015,Petrol,Manual,2575000.0,77695,1300.0,Suzuki,Swift,DLX 1.3,11,14.761360480429413
Islamabad,2015,Petrol,Automatic,3900000.0,81000,1300.0,Toyota,Corolla,GLi Automatic 1.3 VVTi,11,15.176487367510099
Karachi,2013,Hybrid,Automatic,2350000.0,110000,1300.0,Honda,Fit,1.3 Hybrid 10th Anniversary,13,14.669926311652166
Islamabad,2005,Petrol,Manual,1650000.0,100000,1300.0,Toyota,Corolla,XLi,21,14.316286451937186
Karachi,2017,Petrol,Automatic,4800000.0,23000,1300.0,Toyota,Corolla,GLi Automatic 1.3 VVTi,9,15.38412668421143
Lahore,2003,Petrol,Manual,1350000.0,232000,1300.0,Honda,City,EXi,23,14.115615891155079
Lahore,2015,Petrol,Manual,2080000.0,112000,1300.0,Suzuki,Swift,DLX 1.3,11,14.547878932446617
Karachi,2005,Petrol,Manual,1675000.0,9000,1300.0,Honda,City,i-DSI,21,14.331324320256051
Karachi,2009,Petrol,Manual,2150000.0,225000,1300.0,Toyota,Corolla,GLi 1.3 VVTi,17,14.580978865220017
Islamabad,2010,Petrol,Manual,2400000.0,265000,1300.0,Toyota,Corolla,XLi VVTi,16,14.690979711984754
Karachi,2009,Petrol,Manual,1650000.0,190000,1300.0,Nissan,Sunny,EX Saloon 1.3,17,14.316286451937186
Lahore,2019,Petrol,Manual,4000000.0,131000,1300.0,Toyota,Corolla,GLi 1.3 VVTi,7,15.201805169084134
Lahore,2000,Petrol,Manual,1180000.0,170000,1300.0,Honda,City,EXi,26,13.981025843899115
Lahore,2000,Petrol,Manual,1200000.0,282000,1300.0,Suzuki,Baleno,GL,26,13.997832948091215
Karachi,2006,Petrol,Manual,1420000.0,130000,1300.0,Suzuki,Liana,RXi,20,14.166168133802548
Lahore,2013,Petrol,Manual,1995000.0,140000,1300.0,Suzuki,Swift,DX 1.3,13,14.506155109559108
Karachi,2015,Petrol,Manual,2250000.0,58000,1300.0,Suzuki,Swift,DLX 1.3,11,14.626441218624949
Islamabad,2001,Petrol,Manual,1370000.0,217560,1300.0,Honda,City,,25,14.130322027731049
Karachi,2011,Petrol,Manual,1850000.0,77709,1300.0,Suzuki,Swift,DLX 1.3,15,14.430696737594902
Lahore,2002,Petrol,Manual,1180000.0,164520,1300.0,Suzuki,Baleno,JXR,24,13.981025843899115
Lahore,2020,Petrol,Manual,4200000.0,144000,1300.0,Toyota,Corolla,XLi VVTi,6,15.250595321348806
Islamabad,2007,Petrol,Manual,2200000.0,128000,1300.0,Toyota,Corolla,GLi 1.3,19,14.603968372873895
Lahore,2015,Petrol,Manual,3450000.0,74000,1300.0,Toyota,Corolla,GLi 1.3 VVTi,11,15.053885078862573
Islamabad,1991,Petrol,Manual,610000.0,100000,1300.0,Mitsubishi,Lancer,,35,13.321215875492413
Islamabad,2011,Petrol,Manual,2050000.0,161000,1300.0,Suzuki,Swift,DX 1.3,15,14.53335083891935
Islamabad,1985,Petrol,Manual,1900000.0,282000,1300.0,Toyota,Corolla,DX,41,14.45736497045232
Lahore,2018,Petrol,Manual,4300000.0,73000,1300.0,Toyota,Corolla,GLi 1.3 VVTi Special Edition,8,15.274125813221904
Lahore,2009,Petrol,Manual,2900000.0,20000,1300.0,Toyota,Corolla,GLi 1.3 VVTi,17,14.88022163978423
Karachi,2008,Petrol,Manual,2340000.0,271000,1300.0,Toyota,Corolla,XLi VVTi,18,14.66566191468422
Islamabad,2013,Petrol,Manual,4000000.0,95000,1300.0,Toyota,Corolla,GLi 1.3 VVTi,13,15.201805169084134
Islamabad,1997,Petrol,Manual,1015000.0,100000,1300.0,Suzuki,Margalla,GL Plus,29,13.830400155679214
Karachi,2011,Petrol,Automatic,2425000.0,108000,1300.0,Honda,City,1.3 i-VTEC Prosmatec,15,14.70134249472477
Islamabad,2012,Petrol,Manual,2000000.0,186000,1300.0,Suzuki,Swift,DLX 1.3,14,14.508658238524095
Karachi,1997,Petrol,Manual,785000.0,100000,1300.0,Honda,City,EXi,29,13.573440270649085
Islamabad,2004,Petrol,Manual,2250000.0,216652,1300.0,Honda,City,i-DSI,22,14.626441218624949
Islamabad,1999,Petrol,Manual,1600000.0,100000,1300.0,Toyota,Corolla,8th (E110) Generation XE,27,14.285514812209815
Islamabad,2020,Petrol,Automatic,3970000.0000000005,100000,1300.0,Toyota,Corolla,XLi Automatic,6,15.19427690455251
Karachi,2018,Petrol,Automatic,3635000.0,63000,1300.0,Honda,City,5th (GM2) Generation 1.3 i-VTEC Prosmatec,8,15.106119944052883
Karachi,2018,Petrol,Manual,2039999.9999999998,83000,1300.0,Suzuki,Swift,DLX 1.3 Navigation,8,14.528460856016357
Karachi,1995,Petrol,Automatic,1825000.0,1,1300.0,Toyota,Corolla,LX Limited 1.3,31,14.417091092943783
Karachi,1998,Petrol,Manual,850000.0,156000,1300.0,Honda,City,EXi,28,13.652992804936396
Karachi,2016,Petrol,Automatic,3100000.0,58000,1300.0,Honda,City,1.3 i-VTEC Prosmatec,10,14.946912992035967
Islamabad,2021,Petrol,Manual,3850000.0,95000,1300.0,Honda,City,1.3 i-VTEC,5,15.163583966004193
Karachi,1991,Petrol,Manual,450000.0,282000,1300.0,Nissan,Sunny,,35,13.017005083966255
Lahore,2005,Petrol,Manual,1580000.0,280000,1300.0,Honda,City,i-DSI,21,14.272936037914342
Lahore,2005,Petrol,Manual,1860000.0000000002,282000,1300.0,Honda,City,i-DSI,21,14.436087583323648
Karachi,2017,Petrol,Automatic,3790000.0,86000,1300.0,Toyota,Corolla,GLi Automatic 1.3 VVTi,9,15.147876840910817
Lahore,2007,Petrol,Manual,1650000.0,97000,1300.0,Suzuki,Liana,LXi Sport,19,14.316286451937186
Lahore,2009,Petrol,Automatic,2600000.0,118000,1300.0,Honda,City,5th (GM2) Generation 1.3 i-VTEC Prosmatec,17,14.77102238760702
Islamabad,2006,Petrol,Automatic,2250000.0,150000,1300.0,Toyota,Vitz,F 1.3,20,14.626441218624949
Islamabad,2010,Petrol,Manual,2700000.0,282000,1300.0,Toyota,Corolla,XLi VVTi,16,14.80876270134486
Karachi,2006,Petrol,Manual,1300000.0,120,1300.0,Suzuki,Liana,RXi,20,14.077875591662238
Lahore,2007,Hybrid,Automatic,2675000.0,230000,1300.0,Honda,Civic,Reborn MXST (Hybrid),19,14.79946031214395
Lahore,2006,Petrol,Manual,1900000.0,200000,1300.0,Honda,City,i-DSI,20,14.45736497045232
Lahore,2013,Petrol,Manual,3020000.0,81000,1300.0,Toyota,Corolla,GLi 1.3 VVTi,13,14.920767720476825
Islamabad,2006,Petrol,Manual,1440000.0,137000,1300.0,Suzuki,Liana,RXi,20,14.180154365996387
Islamabad,2020,Petrol,Manual,3820000.0000000005,108500,1300.0,Honda,City,1.3 i-VTEC,6,15.155761242362829
Karachi,2025,Petrol,Automatic,5025000.0,50,1300.0,Toyota,Yaris,Sedan GLI CVT 1.3,1,15.429936210914368
Karachi,2016,Petrol,Automatic,3200000.0,84000,1300.0,Honda,City,5th (GM2) Generation 1.3 i-VTEC Prosmatec,10,14.978661680269907
Lahore,2021,Petrol,Automatic,4325000.0,43000,1300.0,Toyota,Yaris,Sedan ATIV CVT 1.3,5,15.279922929561963
Lahore,2007,Petrol,Manual,2000000.0,200000,1300.0,Toyota,Corolla,9th (E120) Generation XLi,19,14.508658238524095
Islamabad,2006,Petrol,Manual,1750000.0,282000,1300.0,Honda,City,i-DSI,20,14.375126917328105
Lahore,2005,Petrol,Manual,1600000.0,282000,1300.0,Honda,City,i-DSI,21,14.285514812209815
Lahore,2017,Petrol,Manual,1450000.0,120000,1300.0,FAW,V2,VCT-i,9,14.187074804051692
Islamabad,1986,Petrol,Manual,610000.0,225000,1300.0,Nissan,Sunny,,40,13.321215875492413
Karachi,1986,Petrol,Manual,500000.0,200000,1300.0,Honda,Civic,,40,13.122365377402328
Karachi,2024,Petrol,Automatic,5475000.0,1695,1300.0,Toyota,Yaris,Sedan ATIV CVT 1.3,2,15.515703016315223
Islamabad,2012,Petrol,Manual,1630000.0,145000,1300.0,Suzuki,Swift,DLX 1.3,14,14.30409118627969
Lahore,2016,Petrol,Automatic,3825000.0,110,1300.0,Toyota,Corolla,GLi Automatic 1.3 VVTi,10,15.157069286680647
Lahore,2009,Petrol,Manual,1885000.0000000002,151000,1300.0,Toyota,Corolla,XLi VVTi,17,14.449438909368086
Lahore,2017,Petrol,Manual,3375000.0,129000,1300.0,Toyota,Corolla,GLi 1.3 VVTi,9,15.03190617858502
Karachi,2006,Diesel,Automatic,1500000.0,100000,1300.0,SsangYong,Stavic,,20,14.220976332738882
Lahore,2017,Petrol,Automatic,4650000.0,54000,1300.0,Toyota,Corolla,GLi Automatic 1.3 VVTi,9,15.35237799261728
Islamabad,2012,Petrol,Manual,2285000.0,113000,1300.0,Suzuki,Swift,DLX 1.3,14,14.641877019947108
Islamabad,2002,Petrol,Automatic,1889999.9999999998,200000,1300.0,Toyota,Vitz,RS 1.3,24,14.452087916136215
Lahore,2006,Petrol,Manual,1600000.0,1,1300.0,Honda,City,i-DSI,20,14.285514812209815
Lahore,2002,Petrol,Automatic,1250000.0,80000,1300.0,Honda,City,EXi S Automatic,24,14.038654909278163
Karachi,2004,Petrol,Manual,840000.0,123,1300.0,Suzuki,Baleno,JXR,22,13.641158361294979
Lahore,2022,Petrol,Automatic,3500000.0,5500,1300.0,Proton,Saga,1.3L Ace A/T,4,15.068273812173887
Lahore,2009,Petrol,Manual,2350000.0,130000,1300.0,Toyota,Corolla,GLi 1.3 VVTi,17,14.669926311652166
Karachi,2009,Petrol,Manual,2250000.0,125000,1300.0,Toyota,Corolla,GLi 1.3 VVTi,17,14.626441218624949
Karachi,2002,CNG,Manual,600000.0,100000,1323.0,KIA,Classic,LX,24,13.304686600863562
Islamabad,2008,Petrol,Manual,2270000.0,200000,1300.0,Toyota,Corolla,XLi,18,14.635290829986122
Islamabad,2015,Petrol,Manual,3100000.0,282000,1300.0,Toyota,Corolla,XLi VVTi,11,14.946912992035967
Lahore,2015,Petrol,Manual,2800000.0,124600,1300.0,Honda,City,1.3 i-VTEC,11,14.845130332288226
Karachi,2019,Petrol,Manual,3500000.0,112300,1300.0,Honda,City,1.3 i-VTEC,7,15.068273812173887
Lahore,2018,Petrol,Manual,2750000.0,75000,1300.0,Suzuki,Swift,DLX 1.3 Navigation,8,14.827111833279051
Karachi,2004,Petrol,Manual,1300000.0,192000,1300.0,Honda,City,,22,14.077875591662238
Islamabad,2014,Petrol,Manual,3300000.0,140000,1300.0,Honda,City,5th (GM2) Generation 1.3 i-VTEC,12,15.009433329466965
Karachi,2018,Petrol,Automatic,3900000.0,88000,1300.0,Toyota,Corolla,GLi Automatic 1.3 VVTi,8,15.176487367510099
Lahore,2025,Petrol,Automatic,5350000.0,1000,1300.0,Toyota,Yaris,Sedan GLI CVT 1.3,1,15.49260730578806
Islamabad,2005,Petrol,Manual,1800000.0,100000,1300.0,Toyota,Corolla,9th (E120) Generation XLi,21,14.403297778421795
Lahore,2005,Petrol,Automatic,2000000.0,282000,1300.0,Honda,City,i-DSI Vario,21,14.508658238524095
Lahore,2013,Petrol,Manual,1739999.9999999998,92538,1300.0,Suzuki,Liana,RXi,13,14.36939624590319
Islamabad,2013,Petrol,Manual,3150000.0,90000,1300.0,Toyota,Corolla,GLi 1.3 VVTi,13,14.962913328262083
Lahore,2014,Petrol,Manual,2950000.0,128000,1300.0,Toyota,Corolla,XLi VVTi,12,14.897316067298997
Lahore,2021,Petrol,Manual,4100000.0,119500,1300.0,Honda,City,5th (GM2) Generation 1.3 i-VTEC,5,15.226497775576945
Islamabad,2010,Petrol,Manual,3200000.0,100000,1300.0,Toyota,Corolla,GLi 1.3 VVTi,16,14.978661680269907
Lahore,2019,Petrol,Automatic,4850000.0,46000,1300.0,Toyota,Corolla,GLi Automatic 1.3 VVTi,7,15.394489469099211
Karachi,1997,Petrol,Manual,475000.0,78000,1300.0,Suzuki,Margalla,GL,29,13.07107218827772
Karachi,2011,Petrol,Manual,2450000.0,100011,1300.0,Toyota,Corolla,GLi 1.3 VVTi,15,14.711598990684092
Islamabad,2018,Petrol,Manual,2600000.0,93000,1300.0,Suzuki,Swift,DLX 1.3 Navigation,8,14.77102238760702
Islamabad,2013,Petrol,Manual,3200000.0,159000,1300.0,Toyota,Corolla,GLi 1.3 VVTi,13,14.978661680269907
Islamabad,2004,Petrol,Manual,894999.9999999999,150000,1300.0,Suzuki,Cultus,,22,13.704580114574803
Islamabad,2010,Petrol,Manual,2950000.0,110000,1300.0,Honda,City,1.3 i-VTEC,16,14.897316067298997
Lahore,2006,Petrol,Automatic,3090000.0,229500,1300.0,Toyota,Corolla,Assista X Package 1.3,20,14.94368197249847
Islamabad,2005,Petrol,Manual,1725000.0,282000,1300.0,Toyota,Corolla,9th (E120) Generation GLi 1.3,21,14.360738188157574
Karachi,2006,Petrol,Automatic,1380000.0,120456,1300.0,Nissan,AD,Van,20,14.137594781770806
Lahore,2021,Petrol,Manual,4240000.0,72000,1300.0,Honda,City,1.3 i-VTEC,5,15.26007406305717
Lahore,2017,Petrol,Manual,2390000.0,120000,1300.0,Suzuki,Swift,DLX 1.3 Navigation,9,14.686804342317648
Karachi,2011,Petrol,Manual,1160000.0,130000,1300.0,Suzuki,Liana,RXi,15,13.963931425151141
Lahore,2017,Petrol,Manual,3320000.0000000005,82000,1300.0,Honda,City,5th (GM2) Generation 1.3 i-VTEC,9,15.015475642097446
Islamabad,2009,Petrol,Manual,2650000.0,190000,1300.0,Toyota,Corolla,GLi 1.3 VVTi,17,14.790070575320824
Karachi,2016,Petrol,Automatic,3050000.0,101000,1300.0,Honda,City,1.3 i-VTEC Prosmatec,10,14.930652476452392
Lahore,2016,Petrol,Manual,3125000.0,124512,1300.0,Toyota,Corolla,XLi VVTi,10,14.954945161152589
Karachi,2003,Petrol,Automatic,2100000.0,123000,1300.0,Toyota,Vitz,RS 1.3,23,14.557448378884015
Islamabad,2012,Petrol,Manual,3385000.0,246000,1300.0,Toyota,Corolla,GLi 1.3 VVTi,14,15.034864759749444
Lahore,2003,Petrol,Manual,950000.0,250000,1300.0,Suzuki,Baleno,JXR,23,13.76421831620775
Karachi,2024,Petrol,Automatic,4825000.0,25000,1300.0,Toyota,Yaris,Sedan ATIV CVT 1.3,2,15.389321500009087
Lahore,2013,Petrol,Manual,1950000.0,164000,1300.0,Honda,City,5th (GM2) Generation 1.3 i-VTEC,13,14.48334044336031
Karachi,2018,Petrol,Automatic,2800000.0,116700,1300.0,Suzuki,Ciaz,,8,14.845130332288226
Lahore,2017,Petrol,Manual,3215000.0,78000,1300.0,Honda,City,5th (GM2) Generation 1.3 i-VTEC,9,14.9833382266958
Lahore,2015,Petrol,Manual,3032000.0,147770,1300.0,Toyota,Corolla,XLi VVTi,11,14.924733355559649
Lahore,2018,Petrol,Automatic,3650000.0,70500,1300.0,Honda,City,5th (GM2) Generation 1.3 i-VTEC Prosmatec,8,15.11023799953124
Lahore,2021,Petrol,Manual,4000000.0,49000,1300.0,Honda,City,5th (GM2) Generation 1.3 i-VTEC,5,15.201805169084134
Karachi,1995,Petrol,Manual,400000.0,282000,1300.0,Suzuki,Margalla,GL,31,12.899222326086994
Lahore,2014,Petrol,Manual,2775000.0,113000,1300.0,Toyota,Corolla,XLi VVTi,12,14.836161665522967
Karachi,1995,Petrol,Manual,470000.0,77855,1300.0,Suzuki,Margalla,GL,31,13.060490101343552
Karachi,2005,Petrol,Manual,1950000.0,130000,1300.0,Toyota,Corolla,9th (E120) Generation GLi 1.3,21,14.48334044336031
Islamabad,2015,Petrol,Manual,3150000.0,142000,1300.0,Honda,City,5th (GM2) Generation 1.3 i-VTEC,11,14.962913328262083
Karachi,2017,Petrol,Automatic,3790000.0,75000,1300.0,Toyota,Corolla,GLi Automatic 1.3 VVTi,9,15.147876840910817
Lahore,2007,Petrol,Manual,1700000.0,282000,1300.0,Toyota,Corolla,GLi 1.3,19,14.346139397261565
Lahore,2002,Petrol,Manual,1280000.0,282000,1300.0,Honda,City,EXi,24,14.062371417145494
Karachi,2017,Petrol,Manual,3180000.0,142758,1300.0,Toyota,Corolla,XLi VVTi,9,14.97239206922172
Islamabad,2003,Petrol,Manual,1225000.0,165000,1300.0,Suzuki,Baleno,JXR,23,14.018452218287162
Karachi,2010,Petrol,Manual,2295000.0,114000,1300.0,Toyota,Corolla,GLi 1.3 VVTi,16,14.646243837206535
Lahore,2004,Petrol,Manual,1964999.9999999998,98000,1300.0,Honda,City,i-DSI,22,14.491003312191221
Karachi,2018,Petrol,Automatic,2625000.0,61000,1300.0,Suzuki,Swift,DLX Automatic 1.3 Navigation,8,14.78059183496017
Islamabad,2007,Petrol,Manual,2400000.0,282000,1300.0,Toyota,Corolla,9th (E120) Generation XLi,19,14.690979711984754
Lahore,2020,Petrol,Manual,2825000.0,57000,1300.0,Suzuki,Swift,DLX 1.3 Navigation,6,14.854019276544916
Islamabad,2017,Petrol,Manual,1550000.0,102000,1300.0,FAW,V2,VCT-i,9,14.253766134056512
Lahore,2015,Petrol,Manual,2775000.0,74000,1300.0,Honda,City,1.3 i-VTEC,11,14.836161665522967
Karachi,2007,Petrol,Manual,1889999.9999999998,133000,1300.0,Honda,City,i-DSI,19,14.452087916136215
Lahore,1997,Petrol,Manual,700000.0,47000,1300.0,Suzuki,Margalla,GL,29,13.45883704259595
Lahore,2015,Petrol,Manual,2975000.0,155300,1300.0,Toyota,Corolla,GLi 1.3 VVTi,11,14.905754933096265
Karachi,2016,Petrol,Automatic,2300000.0,141000,1300.0,Suzuki,Swift,DLX Automatic 1.3,10,14.648420115681892
Karachi,2018,Petrol,Automatic,3900000.0,50465,1300.0,Honda,City,1.3 i-VTEC Prosmatec,8,15.176487367510099
Lahore,2019,Petrol,Automatic,4850000.0,93000,1300.0,Toyota,Corolla,GLi Automatic 1.3 VVTi,7,15.394489469099211
Karachi,2009,Petrol,Manual,2250000.0,103000,1300.0,Honda,City,1.3 i-VTEC,17,14.626441218624949
Lahore,2009,Petrol,Manual,2200000.0,160000,1300.0,Toyota,Corolla,XLi VVTi,17,14.603968372873895
Karachi,2005,Petrol,Manual,1650000.0,98000,1300.0,Honda,City,i-DSI,21,14.316286451937186
Islamabad,2007,Petrol,Manual,2320000.0,123000,1300.0,Honda,City,i-DSI,19,14.657078174676883
Karachi,2010,Petrol,Manual,2100000.0,268000,1300.0,Toyota,Corolla,GLi 1.3 VVTi,16,14.557448378884015
Lahore,2004,Petrol,Manual,1050000.0,246000,1300.0,Suzuki,Baleno,JXR,22,13.864301674514206
Lahore,2010,Petrol,Manual,2400000.0,235000,1300.0,Honda,City,5th (GM2) Generation 1.3 i-VTEC,16,14.690979711984754
Karachi,2021,Petrol,Automatic,3200000.0,67000,1300.0,Suzuki,Swift,DLX Automatic 1.3 Navigation,5,14.978661680269907
Lahore,2015,Petrol,Manual,3160000.0,114022,1300.0,Honda,City,5th (GM2) Generation 1.3 i-VTEC,11,14.96608290201874
Lahore,2014,Petrol,Manual,2550000.0,106000,1300.0,Suzuki,Swift,DLX 1.3,12,14.751604309291395
Karachi,2021,Petrol,Automatic,3950000.0,74000,1300.0,Toyota,Yaris,Sedan GLI CVT 1.3,5,15.18922639004183
Karachi,2015,Petrol,Manual,2800000.0,85000,1300.0,Honda,City,5th (GM2) Generation Aspire 1.3 i-VTEC,11,14.845130332288226
Islamabad,2003,CNG,Manual,400000.0,100000,1323.0,KIA,Classic,LX,23,12.899222326086994
Karachi,2020,Petrol,Automatic,4100000.0,39000,1300.0,Toyota,Yaris,Sedan ATIV CVT 1.3,6,15.226497775576945
Islamabad,2014,Petrol,Manual,2875000.0,135000,1300.0,Honda,City,1.3 i-VTEC,12,14.871563580039615
Karachi,2007,Petrol,Automatic,1500000.0,75000,1300.0,Mazda,Demio,13S,19,14.220976332738882
Karachi,2014,Petrol,Manual,2850000.0,163000,1300.0,Toyota,Corolla,XLi VVTi,12,14.862829903121964
Lahore,2018,Petrol,Manual,1300000.0,90000,1300.0,FAW,V2,VCT-i,8,14.077875591662238
Karachi,2008,Petrol,Manual,2950000.0,77000,1300.0,Toyota,Corolla,GLi 1.3 VVTi,18,14.897316067298997
Lahore,2004,Petrol,Manual,890000.0,185000,1300.0,Suzuki,Baleno,JXR,22,13.698977865303197
Lahore,2019,Petrol,Automatic,4000000.0,128000,1300.0,Toyota,Corolla,GLi Automatic 1.3 VVTi,7,15.201805169084134
Karachi,1995,LPG,Manual,1050000.0,15000,1300.0,Toyota,Corolla,,31,13.864301674514206
Islamabad,2012,Petrol,Automatic,2675000.0,156000,1300.0,Honda,City,5th (GM2) Generation 1.3 i-VTEC Prosmatec,14,14.79946031214395
Islamabad,2010,Petrol,Manual,2250000.0,123456,1300.0,Toyota,Corolla,XLi VVTi,16,14.626441218624949
Islamabad,2013,Petrol,Manual,3250000.0,130600,1300.0,Honda,City,5th (GM2) Generation Aspire 1.3 i-VTEC,13,14.99416586199818
Karachi,2014,Petrol,Manual,4500000.0,77000,1300.0,Toyota,Corolla,GLi Limited Edition 1.3 VVTi,12,15.319588176962746
Lahore,2015,Petrol,Automatic,3275000.0,120000,1300.0,Honda,City,5th (GM2) Generation 1.3 i-VTEC Prosmatec,11,15.001828732394953
Karachi,2015,Petrol,Manual,3125000.0,125000,1300.0,Toyota,Corolla,GLi 1.3 VVTi,11,14.954945161152589
Lahore,2014,Petrol,Manual,1895000.0,143000,1300.0,Suzuki,Swift,DX 1.3,12,14.45472992420301
Karachi,2011,Petrol,Manual,1675000.0,77000,1300.0,Suzuki,Swift,DX 1.3,15,14.331324320256051
Islamabad,2006,Petrol,Manual,1680000.0,241000,1300.0,Suzuki,Liana,RXi,20,14.33430494661736
Islamabad,2021,Petrol,Automatic,4750000.0,79000,1300.0,Honda,City,,5,15.373655386537118
Lahore,2019,Petrol,Automatic,4050000.0,56000,1300.0,Honda,City,5th (GM2) Generation 1.3 i-VTEC Prosmatec,7,15.214227685996272
Lahore,2013,Petrol,Manual,2600000.0,150000,1300.0,Honda,City,Aspire 1.3 i-VTEC,13,14.77102238760702
Lahore,2011,Petrol,Manual,1950000.0,115000,1300.0,Suzuki,Swift,DX 1.3,15,14.48334044336031
Karachi,2017,Petrol,Automatic,4150000.0,68000,1300.0,Toyota,Corolla,GLi Automatic 1.3 VVTi,9,15.238619133170708
Islamabad,2010,Petrol,Manual,4450000.0,11000,1300.0,Toyota,Corolla,GLi 1.3 VVTi,16,15.308414878861498
Karachi,2018,Petrol,Automatic,2750000.0,65000,1300.0,Suzuki,Swift,DLX Automatic 1.3 Navigation,8,14.827111833279051
Karachi,2017,Petrol,Automatic,4099000.0,60000,1300.0,Toyota,Corolla,GLi Automatic 1.3 VVTi,9,15.226253843448387
Lahore,2005,Petrol,Manual,1750000.0,150000,1300.0,Honda,City,i-DSI,21,14.375126917328105
Karachi,2010,Petrol,Manual,2385000.0,92000,1300.0,Toyota,Corolla,GLi 1.3 VVTi,16,14.684710101591703
Islamabad,2010,Petrol,Manual,2650000.0,158000,1300.0,Toyota,Corolla,XLi VVTi Limited Edition,16,14.790070575320824
Karachi,2021,Petrol,Manual,3650000.0,70500,1300.0,Toyota,Yaris,Sedan ATIV MT 1.3,5,15.11023799953124
Lahore,2004,Petrol,Manual,1550000.0,10000,1300.0,Honda,City,i-DSI,22,14.253766134056512
Lahore,2017,Petrol,Automatic,2700000.0,108000,1300.0,Suzuki,Swift,DLX Automatic 1.3 Navigation,9,14.80876270134486
Lahore,2021,Petrol,Manual,4125000.0,31000,1300.0,Honda,City,5th (GM2) Generation 1.3 i-VTEC,5,15.232576820175131
Karachi,2012,Petrol,Manual,2470000.0,65000,1300.0,Honda,City,5th (GM2) Generation 1.3 i-VTEC,14,14.719729113462378
Lahore,2010,Petrol,Manual,2495000.0,110000,1300.0,Toyota,Corolla,GLi 1.3 VVTi,16,14.72979968796928
Karachi,2016,Petrol,Automatic,3725000.0,92000,1300.0,Toyota,Corolla,GLi Automatic 1.3 VVTi,10,15.130577678252136
Lahore,2011,Petrol,Manual,2685000.0,160000,1300.0,Toyota,Corolla,GLi 1.3 VVTi,15,14.803191658364511
Lahore,2006,Petrol,Manual,1645000.0,100000,1300.0,Toyota,Corolla,9th (E120) Generation XLi,20,14.31325155008416
Karachi,2020,Petrol,Automatic,3765000.0,61800,1300.0,Honda,City,5th (GM2) Generation 1.3 i-VTEC Prosmatec,6,15.141258684820345
Karachi,2018,Petrol,Manual,3325000.0,65000,1300.0,Honda,City,5th (GM2) Generation 1.3 i-VTEC,8,15.016980532823926
Lahore,2007,Petrol,Manual,1850000.0,275000,1300.0,Honda,City,i-DSI,19,14.430696737594902
Islamabad,2009,Petrol,Manual,2830000.0,90000,1300.0,Toyota,Corolla,GLi 1.3 VVTi,17,14.855787622976248
Karachi,2004,Petrol,Manual,950000.0,100001,1300.0,Suzuki,Baleno,JXL,22,13.76421831620775
Lahore,2012,Petrol,Manual,3700000.0,90000,1300.0,Toyota,Corolla,GLi 1.3 VVTi,14,15.123843647884687
Islamabad,2006,Petrol,Manual,1075000.0,159000,1300.0,Suzuki,Liana,RXi,20,13.887832149776026
Islamabad,2010,Petrol,Manual,1950000.0,110000,1300.0,Suzuki,Swift,DLX 1.3,16,14.48334044336031
Karachi,2019,Petrol,Automatic,4500000.0,49000,1300.0,Toyota,Corolla,GLi Automatic 1.3 VVTi,7,15.319588176962746
Karachi,2021,Petrol,Automatic,3950000.0,71000,1300.0,Toyota,Yaris,Sedan GLI CVT 1.3,5,15.18922639004183
Islamabad,2020,Petrol,Automatic,5050000.0,83000,1300.0,Toyota,Corolla,GLi Automatic 1.3 VVTi,6,15.434898999271326
Islamabad,2011,Petrol,Manual,2745000.0,125000,1300.0,Toyota,Corolla,GLi 1.3 VVTi,15,14.825291997224427
Karachi,1998,Petrol,Manual,1060000.0,250000,1300.0,Toyota,Corolla,XE,28,13.87378040948403
Karachi,2017,Petrol,Manual,2450000.0,130000,1300.0,Suzuki,Swift,DLX 1.3,9,14.711598990684092
Islamabad,2016,Petrol,Manual,1550000.0,93000,1300.0,FAW,V2,VCT-i,10,14.253766134056512
Karachi,1982,Petrol,Manual,240000.0,25800,1300.0,Toyota,Corolla,,44,12.388398368982115
Islamabad,2013,Petrol,Automatic,2975000.0,195000,1300.0,Toyota,Passo,G 1.3,13,14.905754933096265
Lahore,2007,Petrol,Manual,1275000.0,25000,1300.0,Suzuki,Liana,RXi,19,14.058457520888082
Karachi,2005,Petrol,Manual,1500000.0,128000,1300.0,Honda,City,i-DSI,21,14.220976332738882
Lahore,2005,Petrol,Automatic,1780000.0,195000,1300.0,Mitsubishi,Lancer,GLX Automatic 1.3,21,14.392124484065864
Islamabad,1998,Petrol,Automatic,1225000.0,200000,1300.0,Toyota,Corolla,XE Limited,28,14.018452218287162
Karachi,2008,Petrol,Manual,2095000.0,123210,1300.0,Honda,City,i-DSI,18,14.55506458866523
Lahore,2012,Petrol,Automatic,3075000.0,150000,1300.0,Honda,City,5th (GM2) Generation Aspire Prosmatec 1.3 i-VTEC,14,14.938815784425955
Karachi,2015,Petrol,Manual,3475000.0,140000,1300.0,Toyota,Corolla,GLi 1.3 VVTi,11,15.061105324750772
Karachi,2020,Petrol,Manual,3080000.0,43000,1300.0,Suzuki,Swift,DLX 1.3 Navigation,6,14.940440479625028
Karachi,2014,Petrol,Automatic,3529999.9999999995,115000,1300.0,Toyota,Corolla,GLi Automatic 1.3 VVTi,12,15.076808712195557
Karachi,2007,Petrol,Manual,1150000.0,100000,1300.0,Suzuki,Liana,,19,13.955273369904273
Lahore,2006,Petrol,Automatic,2050000.0,1,1300.0,Honda,City,i-DSI Vario,20,14.53335083891935
Islamabad,2018,Petrol,Manual,3200000.0,165000,1300.0,Honda,City,1.3 i-VTEC,8,14.978661680269907
Karachi,2008,Petrol,Automatic,2000000.0,124000,1300.0,Honda,City,i-DSI Vario,18,14.508658238524095
Karachi,2007,Petrol,Automatic,1775000.0,109000,1300.0,Honda,City,i-DSI Vario,19,14.389311544271775
Islamabad,1994,Petrol,Manual,690000.0,199999,1300.0,Suzuki,Margalla,GL,32,13.444448325847754
Islamabad,2010,Petrol,Manual,2625000.0,138000,1300.0,Toyota,Corolla,XLi VVTi,16,14.78059183496017
Islamabad,2013,Petrol,Manual,3875000.0,45000,1300.0,Toyota,Corolla,GLi 1.3 VVTi,13,15.170056478834066
Karachi,2009,Petrol,Manual,2000000.0,35874,1300.0,Toyota,Corolla,GLi 1.3 VVTi,17,14.508658238524095
Karachi,2010,Petrol,Automatic,2900000.0,170000,1300.0,Honda,Insight,L,16,14.88022163978423
Lahore,2015,Petrol,Manual,3250000.0,98112,1300.0,Toyota,Corolla,XLi VVTi,11,14.99416586199818
Lahore,2006,Petrol,Manual,2195000.0,148965,1300.0,Honda,City,i-DSI,20,14.60169306007217
Karachi,2019,Petrol,Automatic,4550000.0,44000,1300.0,Toyota,Corolla,GLi Automatic 1.3 VVTi,7,15.330638010707329
Islamabad,2009,Petrol,Manual,2420000.0,2605,1300.0,Toyota,Corolla,GLi 1.3 VVTi,17,14.699278511355924
Lahore,2023,Petrol,Automatic,4450000.0,45000,1300.0,Toyota,Yaris,Sedan ATIV CVT 1.3,3,15.308414878861498
Karachi,2009,Petrol,Manual,2190000.0,100000,1300.0,Honda,City,1.3 i-VTEC,17,14.599412558413583
Islamabad,1994,Petrol,Automatic,1900000.0,282000,1300.0,Toyota,Corolla,8th (E110) Generation XE Limited,32,14.45736497045232
Lahore,2012,Petrol,Manual,1889999.9999999998,95000,1300.0,Suzuki,Swift,DX 1.3,14,14.452087916136215
Islamabad,2005,Petrol,Manual,1170000.0,250000,1300.0,Suzuki,Baleno,JXR,21,13.972515161474428
Karachi,2015,Petrol,Automatic,3679999.9999999995,77000,1300.0,Toyota,Corolla,GLi Automatic 1.3 VVTi,11,15.118423581884207
Islamabad,2011,Petrol,Manual,2750000.0,211000,1300.0,Toyota,Corolla,XLi VVTi,15,14.827111833279051
Karachi,2006,Petrol,Manual,1100000.0,175000,1300.0,Suzuki,Liana,RXi (CNG),20,13.910821646859095
Lahore,2007,Petrol,Manual,990000.0,135424,1300.0,Suzuki,Liana,LXi Sport,19,13.805461232211272
Karachi,2025,Petrol,Automatic,5050000.0,35,1300.0,Toyota,Yaris,Sedan GLI CVT 1.3,1,15.434898999271326
Karachi,2020,Petrol,Automatic,3250000.0,53000,1300.0,Suzuki,Swift,,6,14.99416586199818
Lahore,2008,Petrol,Manual,2390000.0,206950,1300.0,Toyota,Corolla,9th (E120) Generation XLi,18,14.686804342317648
Lahore,2010,Petrol,Automatic,2525000.0,113000,1300.0,Honda,City,1.3 i-VTEC Prosmatec,16,14.741752016731123
Islamabad,1997,Petrol,Manual,1900000.0,265000,1300.0,Toyota,Corolla,8th (E110) Generation GL,29,14.45736497045232
Islamabad,2006,Petrol,Automatic,2070000.0,111,1300.0,Toyota,Passo,,20,14.543059648333223
Islamabad,2018,Petrol,Automatic,4380000.0,149000,1300.0,Toyota,Corolla,GLi Automatic 1.3 VVTi,8,15.292559510663105
Islamabad,2015,Petrol,Manual,3500000.0,160000,1300.0,Toyota,Corolla,GLi 1.3 VVTi,11,15.068273812173887
Islamabad,2007,Petrol,Manual,1270000.0,240000,1300.0,Suzuki,Liana,LXi Sport,19,14.054528245836039
Islamabad,2001,Petrol,Manual,2200000.0,282000,1300.0,Toyota,Corolla,8th (E110) Generation XE Limited,25,14.603968372873895
Lahore,2020,Petrol,Manual,3300000.0,50000,1300.0,Suzuki,Swift,DLX 1.3 Navigation,6,15.009433329466965
Karachi,2010,Petrol,Manual,2325000.0,225000,1300.0,Toyota,Corolla,GLi 1.3 VVTi,16,14.659231027111028
Islamabad,2010,Petrol,Manual,2550000.0,170000,1300.0,Toyota,Corolla,GLi 1.3 VVTi,16,14.751604309291395
Karachi,2025,Petrol,Automatic,5045000.0,40,1300.0,Toyota,Yaris,Sedan GLI CVT 1.3,1,15.433908409985882
Lahore,2019,Petrol,Automatic,4500000.0,85000,1300.0,Toyota,Corolla,XLi Automatic,7,15.319588176962746
Islamabad,2012,Petrol,Manual,2080000.0,150000,1300.0,Suzuki,Swift,DLX 1.3,14,14.547878932446617
Islamabad,2020,Petrol,Manual,3890000.0,58000,1300.0,Honda,City,1.3 i-VTEC,6,15.173919972664004
Lahore,2005,Petrol,Manual,1200000.0,120000,1300.0,Mitsubishi,Lancer,GL,21,13.997832948091215
Islamabad,2010,Petrol,Manual,1910000.0000000002,150000,1300.0,Suzuki,Swift,DLX 1.3,16,14.462614323582885
Islamabad,2006,Petrol,Automatic,1700000.0,160000,1300.0,Toyota,Vitz,F 1.3,20,14.346139397261565
Karachi,2018,Petrol,Automatic,3570000.0000000005,72000,1300.0,Honda,City,5th (GM2) Generation 1.3 i-VTEC Prosmatec,8,15.088076433867828
Islamabad,1990,Petrol,Manual,1280000.0,194500,1300.0,Toyota,Corolla,,36,14.062371417145494
Islamabad,2013,Petrol,Manual,2950000.0,141000,1300.0,Toyota,Corolla,XLi VVTi Limited Edition,13,14.897316067298997
Lahore,2016,Petrol,Automatic,3890000.0,70000,1300.0,Honda,City,Aspire Prosmatec 1.3 i-VTEC,10,15.173919972664004
Karachi,2011,Petrol,Manual,2250000.0,170000,1300.0,Toyota,Corolla,XLi VVTi,15,14.626441218624949
Lahore,2007,Petrol,Manual,1050000.0,150000,1300.0,Suzuki,Liana,RXi,19,13.864301674514206
Islamabad,2007,Petrol,Manual,1920000.0,230000,1300.0,Honda,City,i-DSI,19,14.467836264837162
Lahore,2021,Petrol,Automatic,4095000.0000000005,75000,1300.0,Toyota,Yaris,Sedan GLI CVT 1.3,5,15.225277519469522
Lahore,1999,Petrol,Manual,1150000.0,100000,1300.0,Suzuki,Baleno,GLi,27,13.955273369904273
Karachi,2016,Petrol,Manual,2200000.0,55235,1300.0,Suzuki,Swift,DLX 1.3,10,14.603968372873895
Islamabad,2001,Petrol,Manual,1170000.0,192000,1300.0,Honda,City,EXi,25,13.972515161474428
Karachi,2006,Petrol,Automatic,2200000.0,150000,1300.0,Toyota,Belta,X 1.3,20,14.603968372873895
Karachi,2009,Petrol,Manual,2310000.0,150000,1300.0,Toyota,Corolla,GLi 1.3 VVTi,17,14.652758515398315
Karachi,2022,Petrol,Automatic,4450000.0,26000,1300.0,Toyota,Yaris,Sedan ATIV CVT 1.3,4,15.308414878861498
Karachi,2005,Petrol,Automatic,1800000.0,152530,1300.0,Honda,City,i-DSI Vario,21,14.403297778421795
Islamabad,2016,Petrol,Manual,1650000.0,108500,1300.0,FAW,V2,VCT-i,10,14.316286451937186
Islamabad,2006,Petrol,Manual,2550000.0,200000,1300.0,Toyota,Corolla,9th (E120) Generation GLi 1.3,20,14.751604309291395
Islamabad,2005,Petrol,Manual,1500000.0,140000,1300.0,Mitsubishi,Lancer,GLX 1.3,21,14.220976332738882
Lahore,2002,Petrol,Manual,1600000.0,72000,1300.0,Honda,City,EXi,24,14.285514812209815
Islamabad,1998,Petrol,Manual,1100000.0,13000,1300.0,Suzuki,Margalla,GL,28,13.910821646859095
Lahore,2025,Petrol,Manual,3950000.0,8871,1300.0,Changan,Alsvin,1.3L MT Comfort,1,15.18922639004183
Islamabad,2019,Petrol,Automatic,4840000.0,44000,1300.0,Toyota,Corolla,GLi Automatic 1.3 VVTi,7,15.392425485304363
Lahore,2011,Petrol,Manual,2440000.0,181000,1300.0,Toyota,Corolla,GLi 1.3 VVTi,15,14.707509007105367
Islamabad,2011,Petrol,Manual,2650000.0,176814,1300.0,Honda,City,1.3 i-VTEC,15,14.790070575320824
Islamabad,2004,Petrol,Manual,1450000.0,282000,1300.0,Mitsubishi,Lancer,GLX 1.3,22,14.187074804051692
Karachi,2018,Petrol,Manual,2350000.0,66000,1300.0,Suzuki,Swift,DLX 1.3 Navigation,8,14.669926311652166
Islamabad,2016,Petrol,Automatic,3595000.0000000005,81000,1300.0,Honda,City,Aspire Prosmatec 1.3 i-VTEC,10,15.095054827301363
Lahore,2004,Petrol,Manual,1700000.0,241000,1300.0,Honda,City,i-DSI,22,14.346139397261565
Karachi,2022,Petrol,Manual,2450000.0,75000,1299.0,Proton,Saga,1.3L Standard M/T,4,14.711598990684092
Karachi,2003,Petrol,Manual,1530000.0,150000,1300.0,Toyota,Corolla,9th (E120) Generation GLi 1.3,23,14.240778946963175
Karachi,2022,Petrol,Automatic,4575000.0,22000,1300.0,Toyota,Yaris,Sedan ATIV CVT 1.3,4,15.336117475270969
Islamabad,2009,Petrol,Manual,2285000.0,62000,1300.0,Toyota,Corolla,XLi VVTi,17,14.641877019947108
Lahore,1998,Petrol,Automatic,980000.0000000001,186000,1300.0,Toyota,Duet,S,28,13.795308871054397
Lahore,2022,Petrol,Automatic,2700000.0,58000,1299.0,Proton,Saga,1.3L Ace A/T,4,14.80876270134486
Islamabad,2004,Petrol,Manual,1720000.0,13456,1300.0,Honda,City,i-DSI,22,14.357835430184815
Lahore,2008,Petrol,Automatic,2220000.0,200000,1300.0,Toyota,Vitz,F 1.3,18,14.613018204298811
Karachi,1980,Petrol,Manual,500000.0,282000,1300.0,Toyota,Corolla,,46,13.122365377402328
Lahore,2019,Petrol,Manual,3490000.0,105000,1300.0,Honda,City,5th (GM2) Generation 1.3 i-VTEC,7,15.06541258071152
Lahore,2016,Petrol,Manual,3240000.0,112000,1300.0,Honda,City,5th (GM2) Generation 1.3 i-VTEC,10,14.99108419641044
Karachi,2021,Petrol,Manual,3000000.0,63000,1300.0,Changan,Alsvin,1.3L MT Comfort,5,14.914123179965662
Lahore,2010,Petrol,Manual,2390000.0,130000,1300.0,Toyota,Corolla,GLi 1.3 VVTi,16,14.686804342317648
Lahore,1993,Petrol,Manual,585000.0,50000,1300.0,Nissan,Sunny,,33,13.279368835614243
Lahore,2010,Petrol,Manual,2375000.0,200000,1300.0,Toyota,Corolla,GLi 1.3 VVTi,16,14.680508416503422
Lahore,2011,Petrol,Manual,2475000.0,150000,1300.0,Toyota,Corolla,XLi VVTi,15,14.72175135802525
Karachi,2013,Petrol,Manual,2750000.0,159805,1300.0,Toyota,Corolla,XLi VVTi,13,14.827111833279051
Lahore,2012,Petrol,Manual,2490000.0,150000,1300.0,Toyota,Corolla,GLi 1.3 VVTi,14,14.727793670047236
Islamabad,2015,Petrol,Manual,3400000.0,129000,1300.0,Honda,City,1.3 i-VTEC,11,15.039286283703994
Lahore,2022,Petrol,Manual,4179999.9999999995,90000,1300.0,Toyota,Yaris,Sedan GLI MT 1.3,4,15.24582204373536
Lahore,2006,Petrol,Manual,1700000.0,215321,1300.0,Honda,City,i-DSI,20,14.346139397261565
Islamabad,2005,Petrol,Manual,2150000.0,156879,1300.0,Toyota,Corolla,9th (E120) Generation GLi 1.3,21,14.580978865220017
Islamabad,2009,Petrol,Manual,2260000.0,182,1300.0,Toyota,Corolla,GLi 1.3 VVTi,17,14.630875813726247
Karachi,1985,Petrol,Manual,535000.0,80000,1300.0,Toyota,Starlet,1.3,41,13.190023895035274
Lahore,2019,Petrol,Manual,3750000.0,17601,1300.0,Honda,City,1.3 i-VTEC,7,15.137266664613225
Karachi,2011,Hybrid,Automatic,2450000.0,90000,1300.0,Honda,Fit,Shuttle Hybrid 1.3,15,14.711598990684092
Lahore,2025,Petrol,Automatic,5100000.0,2,1300.0,Toyota,Yaris,Sedan GLI CVT 1.3,1,15.444751293772967
Karachi,2018,Petrol,Automatic,3900000.0,77332,1300.0,Toyota,Corolla,GLi Automatic 1.3 VVTi,8,15.176487367510099
Lahore,2006,Petrol,Manual,1964999.9999999998,200000,1300.0,Honda,City,i-DSI,20,14.491003312191221
Karachi,2009,Petrol,Manual,2095000.0,130000,1300.0,Toyota,Corolla,XLi VVTi,17,14.55506458866523
Islamabad,2005,Petrol,Manual,1850000.0,90000,1300.0,Honda,City,,21,14.430696737594902
Lahore,2022,Petrol,Automatic,2675000.0,43800,1300.0,Proton,Saga,1.3L Ace A/T,4,14.79946031214395
Islamabad,2006,Petrol,Manual,2250000.0,216000,1300.0,Honda,City,i-DSI,20,14.626441218624949
Islamabad,2013,Petrol,Manual,3100000.0,170000,1300.0,Toyota,Corolla,GLi 1.3 VVTi,13,14.946912992035967
Lahore,2017,Petrol,Manual,1695000.0,123000,1300.0,FAW,V2,VCT-i,9,14.343193888767015
Karachi,1998,Petrol,Manual,5950000.0,200000,1300.0,Honda,City,EXi,28,15.598901945589025
Lahore,2011,Petrol,Manual,2545000.0,159000,1300.0,Toyota,Corolla,XLi VVTi,15,14.749641600893991
Karachi,2021,Petrol,Automatic,3125000.0,65000,1300.0,Suzuki,Swift,DLX Automatic 1.3 Navigation,5,14.954945161152589
Karachi,2010,Petrol,Manual,1600000.0,120000,1300.0,Suzuki,Swift,DLX 1.3,16,14.285514812209815
Karachi,2015,Petrol,Automatic,2150000.0,105474,1300.0,Suzuki,Swift,DLX Automatic 1.3,11,14.580978865220017
Lahore,2011,Petrol,Manual,2525000.0,150000,1300.0,Honda,City,5th (GM2) Generation i-VTEC,15,14.741752016731123
Karachi,2025,Petrol,Automatic,5190000.0,2000,1300.0,Toyota,Yaris,Sedan GLI CVT 1.3,1,15.46224444782028
Lahore,2015,Petrol,Manual,3300000.0,124189,1300.0,Honda,City,1.3 i-VTEC,11,15.009433329466965
Lahore,2007,Petrol,Manual,1780000.0,151000,1300.0,Honda,City,i-DSI,19,14.392124484065864
Lahore,2025,Petrol,Manual,4825000.0,10,1300.0,Toyota,Yaris,Sedan GLI MT 1.3,1,15.389321500009087
Islamabad,2017,Petrol,Manual,1800000.0,148000,1300.0,FAW,V2,VCT-i,9,14.403297778421795
Karachi,2007,Petrol,Manual,1150000.0,75000,1300.0,Suzuki,Liana,RXi,19,13.955273369904273
Lahore,2010,Petrol,Manual,2595000.0,93000,1300.0,Toyota,Corolla,XLi VVTi,16,14.769097459938507
Karachi,1997,Petrol,Manual,800000.0,130000,1300.0,Suzuki,Margalla,GL Plus,29,13.592368256649284
Lahore,2016,Petrol,Manual,2045000.0,125000,1300.0,Suzuki,Swift,DLX 1.3,10,14.530908836456474
Karachi,2011,Petrol,Manual,2985000.0,72000,1300.0,Toyota,Corolla,GLi 1.3 VVTi,15,14.90911063981716
Karachi,2021,Petrol,Manual,3950000.0,40000,1300.0,Toyota,Yaris,Sedan ATIV MT 1.3,5,15.18922639004183
Islamabad,2007,Hybrid,Automatic,2850000.0,173000,1300.0,Honda,Civic,Reborn MXB (Hybrid),19,14.862829903121964
Lahore,2018,Petrol,Manual,1575000.0,153000,1300.0,FAW,V2,VCT-i,8,14.269766465162304
Islamabad,2002,Petrol,Manual,690000.0,100000,1323.0,KIA,Classic,LX,24,13.444448325847754
Islamabad,2013,Petrol,Manual,2600000.0,130000,1300.0,Suzuki,Swift,DX 1.3,13,14.77102238760702
Karachi,2015,Petrol,Manual,2680000.0,105000,1300.0,Honda,City,5th (GM2) Generation 1.3 i-VTEC,11,14.801327725621299
Lahore,2016,Petrol,Automatic,4325000.0,101000,1300.0,Toyota,Corolla,GLi Automatic 1.3 VVTi,10,15.279922929561963
Lahore,1986,Petrol,Manual,600000.0,100000,1300.0,Toyota,Corolla,DX,40,13.304686600863562
Islamabad,2020,Petrol,Manual,3850000.0,73652,1300.0,Honda,City,1.3 i-VTEC,6,15.163583966004193
Islamabad,2010,Petrol,Manual,2550000.0,165000,1300.0,Honda,City,5th (GM2) Generation 1.3 i-VTEC,16,14.751604309291395
Lahore,2013,Petrol,Manual,2890000.0,175000,1300.0,Toyota,Corolla,XLi VVTi,13,14.876767406109316
Lahore,2016,Petrol,Manual,4060000.0,167000,1300.0,Toyota,Corolla,GLi 1.3 VVTi,10,15.216693777883304
Lahore,2015,Petrol,Manual,1500000.0,203000,1300.0,FAW,V2,VCT-i,11,14.220976332738882
Lahore,1998,Petrol,Manual,950000.0,200000,1300.0,Honda,City,EXi,28,13.76421831620775
Islamabad,2017,Petrol,Automatic,3979999.9999999995,122000,1300.0,Toyota,Corolla,GLi Automatic 1.3 VVTi,9,15.19679262851687
Lahore,2012,Petrol,Manual,3100000.0,66000,1300.0,Toyota,Corolla,XLi VVTi,14,14.946912992035967
Lahore,2017,Petrol,Manual,4650000.0,13500,1300.0,Toyota,Corolla,GLi 1.3 VVTi,9,15.35237799261728
Karachi,2014,Petrol,Manual,3200000.0,100000,1300.0,Toyota,Corolla,GLi 1.3 VVTi,12,14.978661680269907
Lahore,2015,Petrol,Manual,1525000.0,203000,1300.0,FAW,V2,VCT-i,11,14.23750562376114
Lahore,2017,Petrol,Manual,4050000.0,190000,1300.0,Toyota,Corolla,GLi 1.3 VVTi,9,15.214227685996272
Lahore,2004,Petrol,Manual,1750000.0,224000,1300.0,Honda,City,i-DSI,22,14.375126917328105
Islamabad,2012,Petrol,Manual,2195000.0,150000,1300.0,Suzuki,Swift,DLX 1.3,14,14.60169306007217
Lahore,2010,Petrol,Manual,1480000.0,100000,1300.0,Suzuki,Liana,RXi,16,14.207553321415745
Lahore,2019,Petrol,Manual,3695000.0000000005,101605,1300.0,Honda,City,1.3 i-VTEC,7,15.122491383000398
Lahore,2005,Petrol,Manual,1495000.0,250000,1300.0,Honda,City,i-DSI,21,14.217637433703022
Islamabad,2009,Petrol,Manual,2175000.0,130000,1300.0,Nissan,Sunny,EX Saloon 1.3,17,14.59253968227493
Karachi,2005,Petrol,Automatic,2250000.0,12347,1300.0,Toyota,Vitz,U 1.3,21,14.626441218624949
Islamabad,2008,Hybrid,Automatic,3150000.0,64000,1300.0,Honda,Civic,Reborn MXB (Hybrid),18,14.962913328262083
Lahore,2001,Petrol,Manual,810000.0,11100,1300.0,Suzuki,Baleno,GXi,25,13.60479076121576
Lahore,2004,Petrol,Manual,969999.9999999999,157000,1300.0,Suzuki,Baleno,JXR,22,13.785052381406869
Karachi,2025,Petrol,Automatic,4850000.0,17000,1300.0,Toyota,Yaris,Sedan GLI CVT 1.3,1,15.394489469099211
Karachi,2008,Petrol,Manual,1175000.0,80000,1300.0,Suzuki,Liana,RXi,18,13.976779556623864
Islamabad,2021,Petrol,Manual,4350000.0,24000,1300.0,Toyota,Yaris,Sedan ATIV MT 1.3,5,15.285686632949897
Karachi,1991,Petrol,Automatic,1250000.0,114000,1300.0,Nissan,Sunny,,35,14.038654909278163
Islamabad,1999,Petrol,Manual,830000.0000000001,131800,1300.0,Suzuki,Baleno,,27,13.629182184591333
Lahore,2009,Petrol,Manual,2400000.0,168000,1300.0,Honda,City,1.3 i-VTEC,17,14.690979711984754
Lahore,2014,Petrol,Manual,2125000.0,101000,1300.0,Suzuki,Swift,DX 1.3,12,14.56928283092878
Islamabad,2010,Petrol,Manual,2850000.0,213000,1300.0,Toyota,Corolla,GLi 1.3 VVTi,16,14.862829903121964
Lahore,2005,Petrol,Manual,1610000.0000000002,185000,1300.0,Honda,City,i-DSI,21,14.291745358078465
Lahore,2005,Petrol,Manual,1700000.0,130000,1300.0,Honda,City,i-DSI,21,14.346139397261565
Islamabad,2007,Hybrid,Automatic,3025000.0,95000,1300.0,Honda,Civic,Reborn MXB (Hybrid),19,14.922421980025536
Islamabad,2025,Petrol,Manual,4700000.0,2300,1300.0,Toyota,Yaris,Sedan GLI MT 1.3,1,15.363073279446223
Lahore,2018,Petrol,Automatic,4150000.0,60850,1300.0,Toyota,Vitz,F Safety Edition II,8,15.238619133170708
Karachi,2016,Petrol,Manual,2150000.0,68361,1300.0,Suzuki,Swift,DLX 1.3,10,14.580978865220017
Karachi,2000,LPG,Manual,815000.0,100000,1300.0,Honda,City,EXi,26,13.610944619216111
Karachi,2007,Petrol,Automatic,1900000.0,117000,1300.0,Suzuki,Swift,XG L Package 1.3,19,14.45736497045232
Lahore,2012,Petrol,Manual,2650000.0,250000,1300.0,Toyota,Corolla,GLi 1.3 VVTi,14,14.790070575320824
Karachi,2019,Petrol,Automatic,4185000.0,66000,1300.0,Toyota,Corolla,GLi Automatic 1.3 VVTi,7,15.24701750085431
Lahore,2005,Petrol,Automatic,1500000.0,15000,1300.0,Mitsubishi,Lancer,GLX Automatic 1.3,21,14.220976332738882
Lahore,2016,Petrol,Manual,2875000.0,150000,1300.0,Toyota,Corolla,GLi 1.3 VVTi,10,14.871563580039615
Lahore,2010,Petrol,Manual,2250000.0,175,1300.0,Toyota,Corolla,GLi 1.3 VVTi,16,14.626441218624949
Lahore,2010,Petrol,Manual,2200000.0,250000,1300.0,Toyota,Corolla,XLi VVTi,16,14.603968372873895
Karachi,2012,Petrol,Automatic,3500000.0,128056,1300.0,Honda,Fit,,14,15.068273812173887
Islamabad,2008,Petrol,Manual,1650000.0,224000,1300.0,Mitsubishi,Lancer,GL,18,14.316286451937186
Lahore,1982,Petrol,Manual,365000.0,200000,1300.0,Toyota,Corolla,,44,12.807655372286902
Karachi,2013,Petrol,Automatic,2800000.0,99000,1300.0,Honda,City,5th (GM2) Generation Aspire Prosmatec 1.3 i-VTEC,13,14.845130332288226
Islamabad,2006,Petrol,Manual,1700000.0,242000,1300.0,Mitsubishi,Lancer,GLX 1.3,20,14.346139397261565
Islamabad,2018,Petrol,Automatic,2950000.0,50000,1300.0,Suzuki,Swift,DLX Automatic 1.3 Navigation,8,14.897316067298997
Lahore,2017,Petrol,Automatic,3585000.0,91000,1300.0,Honda,City,1.3 i-VTEC Prosmatec,9,15.092269310955846
Lahore,2004,Petrol,Manual,1000000.0,100000,1300.0,Suzuki,Baleno,JXR,22,13.815511557963774
Islamabad,2008,Petrol,Automatic,2450000.0,196085,1300.0,Suzuki,Swift,,18,14.711598990684092
Islamabad,2006,Petrol,Manual,1700000.0,227284,1300.0,Nissan,AD,Van,20,14.346139397261565
Lahore,2007,Petrol,Manual,1492000.0,282000,1300.0,Suzuki,Liana,RXi,19,14.215628729986905
Islamabad,2006,Petrol,Manual,1850000.0,190000,1300.0,Honda,City,,20,14.430696737594902
Islamabad,2014,Petrol,Manual,4000000.0,92000,1300.0,Toyota,Corolla,GLi 1.3 VVTi,12,15.201805169084134
Karachi,2015,Petrol,Manual,2925000.0,168000,1300.0,Toyota,Corolla,XLi VVTi,11,14.888805380528378
Islamabad,2011,Petrol,Manual,2700000.0,224000,1300.0,Honda,City,5th (GM2) Generation 1.3 i-VTEC,15,14.80876270134486
Lahore,2000,Petrol,Manual,1150000.0,127000,1300.0,Honda,City,EXi,26,13.955273369904273
Lahore,1999,Petrol,Manual,1100000.0,175000,1300.0,Suzuki,Baleno,GL,27,13.910821646859095
Islamabad,2015,Petrol,Manual,2600000.0,183000,1300.0,Honda,City,5th (GM2) Generation 1.3 i-VTEC,11,14.77102238760702
Lahore,2008,Petrol,Manual,1950000.0,230000,1300.0,Honda,City,,18,14.48334044336031
Lahore,2005,Petrol,Manual,1400000.0,200000,1300.0,Suzuki,Baleno,JXR,21,14.151983508870947
Karachi,2006,Petrol,Automatic,1400000.0,176000,1300.0,Nissan,AD,Van,20,14.151983508870947
Islamabad,2011,Petrol,Automatic,3400000.0,81000,1300.0,Daihatsu,Boon,1.3 CX,15,15.039286283703994
Islamabad,2017,Petrol,Manual,3479999.9999999995,130000,1300.0,Honda,City,1.3 i-VTEC,9,15.062543139106937
Islamabad,2014,Petrol,Automatic,3900000.0,170000,1300.0,Toyota,Corolla,GLi Automatic 1.3 VVTi,12,15.176487367510099
Lahore,2019,Petrol,Automatic,4450000.0,97000,1300.0,Toyota,Corolla,GLi Automatic 1.3 VVTi,7,15.308414878861498
Islamabad,2020,Petrol,Manual,2750000.0,104000,1300.0,Suzuki,Swift,DLX 1.3 Navigation,6,14.827111833279051
Karachi,2017,Petrol,Automatic,3350000.0,150000,1300.0,Toyota,Corolla,GLi Automatic 1.3 VVTi,9,15.024471202308668
Islamabad,1999,Petrol,Manual,1080000.0,123,1300.0,Toyota,Corolla,8th (E110) Generation XE,27,13.8924725250259
Lahore,2012,Petrol,Manual,2700000.0,147000,1300.0,Toyota,Corolla,GLi 1.3 VVTi,14,14.80876270134486
Karachi,2013,Petrol,Automatic,2500000.0,93000,1300.0,Suzuki,Swift,DLX Automatic 1.3,13,14.731801689838349
Karachi,1998,Petrol,Manual,1275000.0,85000,1300.0,Toyota,Corolla,8th (E110) Generation XE,28,14.058457520888082
Lahore,2021,Petrol,Automatic,4050000.0,75000,1300.0,Honda,City,5th (GM2) Generation 1.3 i-VTEC Prosmatec,5,15.214227685996272
Islamabad,2013,Petrol,Manual,3175000.0,150000,1300.0,Honda,City,5th (GM2) Generation 1.3 i-VTEC,13,14.97081850526951
Karachi,2005,Petrol,Automatic,2000000.0,178790,1300.0,Nissan,Sunny,EX Saloon Automatic 1.3,21,14.508658238524095
Karachi,2018,Petrol,Automatic,3685000.0,67000,1300.0,Honda,City,1.3 i-VTEC Prosmatec,8,15.119781354975958
Karachi,2019,Petrol,Automatic,4150000.0,116000,1300.0,Toyota,Corolla,GLi Automatic 1.3 VVTi,7,15.238619133170708
Lahore,2006,Petrol,Manual,1700000.0,262730,1300.0,Honda,City,i-DSI,20,14.346139397261565
Karachi,2020,Petrol,Automatic,4050000.0,84500,1300.0,Toyota,Corolla,XLi VVTi,6,15.214227685996272
Karachi,2020,Petrol,Automatic,4550000.0,100000,1300.0,Toyota,Corolla,GLi Automatic 1.3 VVTi,6,15.330638010707329
Karachi,1988,Petrol,Manual,575000.0,100000,1300.0,Toyota,Corolla,DX,38,13.26212705890841
Lahore,2014,Petrol,Manual,2150000.0,115000,1300.0,Suzuki,Swift,DLX 1.3,12,14.580978865220017
Lahore,2014,Petrol,Manual,2770000.0,198000,1300.0,Honda,City,5th (GM2) Generation 1.3 i-VTEC,12,14.834358239174286
Karachi,2017,Petrol,Automatic,3999000.0,84000,1300.0,Toyota,Corolla,GLi Automatic 1.3 VVTi,9,15.20155513789144
Lahore,2005,Petrol,Automatic,1895000.0,250000,1300.0,Toyota,Corolla,GLi 1.3,21,14.45472992420301
Lahore,2005,Petrol,Manual,1190000.0,258008,1300.0,Suzuki,Baleno,JXR,21,13.989464705423494
Karachi,2011,Petrol,Manual,2400000.0,158000,1300.0,Toyota,Corolla,XLi VVTi,15,14.690979711984754
Lahore,2017,Petrol,Manual,3400000.0,133000,1300.0,Honda,City,5th (GM2) Generation 1.3 i-VTEC,9,15.039286283703994
Islamabad,2006,Petrol,Automatic,2000000.0,213000,1300.0,Honda,City,i-DSI Vario,20,14.508658238524095
Lahore,2025,Petrol,Automatic,5116000.0,20,1300.0,Toyota,Yaris,Sedan GLI CVT 1.3,1,15.447883637146058
Lahore,2017,Petrol,Automatic,3685000.0,104000,1300.0,Toyota,Corolla,GLi Automatic 1.3 VVTi,9,15.119781354975958
Karachi,1992,Petrol,Manual,370000.0,12450,1300.0,Suzuki,Margalla,GL,34,12.821260987319457
Karachi,2016,Petrol,Automatic,3550000.0,282000,1300.0,Toyota,Corolla,GLi Automatic 1.3 VVTi,10,15.0824584431417
Karachi,2008,Petrol,Manual,1900000.0,150000,1300.0,Toyota,Corolla,XLi VVTi,18,14.45736497045232
Islamabad,2012,Petrol,Manual,3050000.0,120000,1300.0,Toyota,Corolla,XLi VVTi,14,14.930652476452392
Karachi,2005,Petrol,Automatic,2250000.0,180000,1300.0,Toyota,Vitz,F 1.3,21,14.626441218624949
Islamabad,2010,Petrol,Automatic,2800000.0,87370,1300.0,Toyota,Vitz,U 1.3,16,14.845130332288226
Islamabad,2007,Petrol,Manual,2200000.0,180000,1300.0,Toyota,Corolla,9th (E120) Generation GLi 1.3,19,14.603968372873895
Lahore,2007,Petrol,Manual,1850000.0,282000,1300.0,Honda,City,i-DSI,19,14.430696737594902
Lahore,2007,Petrol,Manual,2350000.0,92000,1300.0,Toyota,Corolla,9th (E120) Generation GLi 1.3,19,14.669926311652166
Karachi,2017,Petrol,Manual,3350000.0,133000,1300.0,Toyota,Corolla,XLi VVTi,9,15.024471202308668
Lahore,2012,Petrol,Manual,2850000.0,155253,1300.0,Honda,City,5th (GM2) Generation 1.3 i-VTEC,14,14.862829903121964
Islamabad,2011,Petrol,Manual,3200000.0,282000,1300.0,Honda,City,1.3 i-VTEC,15,14.978661680269907
Karachi,2016,Petrol,Automatic,2400000.0,127000,1300.0,Suzuki,Swift,DLX Automatic 1.3 Navigation,10,14.690979711984754
Islamabad,2019,Petrol,Automatic,3750000.0,81230,1300.0,Honda,City,5th (GM2) Generation 1.3 i-VTEC Prosmatec,7,15.137266664613225
Lahore,2012,Hybrid,Automatic,2600000.0,100000,1300.0,Honda,Fit,1.3 Hybrid Base Grade,14,14.77102238760702
Karachi,2000,Petrol,Manual,1350000.0,100000,1300.0,Toyota,Corolla,XE,26,14.115615891155079
Lahore,2019,Petrol,Manual,3375000.0,106000,1300.0,Honda,City,5th (GM2) Generation 1.3 i-VTEC,7,15.03190617858502
Lahore,2015,Petrol,Manual,3100000.0,137000,1300.0,Toyota,Corolla,XLi VVTi,11,14.946912992035967
Lahore,2017,Petrol,Manual,3550000.0,90000,1300.0,Honda,City,5th (GM2) Generation 1.3 i-VTEC,9,15.0824584431417
Lahore,2020,Hybrid,Automatic,5995000.0,51000,1300.0,Nissan,Kicks,XV Premium,6,15.60643651324941
Lahore,2017,Petrol,Manual,3750000.0,90000,1300.0,Honda,City,5th (GM2) Generation Aspire 1.3 i-VTEC,9,15.137266664613225
Islamabad,2017,Petrol,Manual,1580000.0,140000,1300.0,FAW,V2,VCT-i,9,14.272936037914342
Karachi,2005,Petrol,Manual,1550000.0,204460,1300.0,Honda,City,i-DSI,21,14.253766134056512
Karachi,2015,Petrol,Manual,3325000.0,107000,1300.0,Toyota,Corolla,GLi 1.3 VVTi,11,15.016980532823926
Karachi,2014,Petrol,Automatic,3150000.0,175000,1300.0,Toyota,Corolla,GLi Automatic 1.3 VVTi,12,14.962913328262083
Lahore,1996,Petrol,Manual,1340000.0,232000,1300.0,Toyota,Corolla,XE Limited,30,14.108180918195472
Islamabad,2014,Petrol,Automatic,3350000.0,96000,1300.0,Toyota,Corolla,GLi Automatic 1.3 VVTi,12,15.024471202308668
Karachi,2012,Petrol,Manual,2600000.0,114000,1300.0,Toyota,Corolla,GLi 1.3 VVTi,14,14.77102238760702
Karachi,2010,Petrol,Manual,1950000.0,101000,1300.0,Nissan,Sunny,EX Saloon 1.3,16,14.48334044336031
Islamabad,1988,Petrol,Manual,680000.0,200880,1300.0,Honda,Civic,,38,13.429849547739444
Islamabad,2013,Petrol,Manual,2890000.0,200000,1300.0,Toyota,Corolla,GLi 1.3 VVTi,13,14.876767406109316
Karachi,2005,Petrol,Manual,1750000.0,15800,1300.0,Honda,City,i-DSI,21,14.375126917328105
Lahore,2017,Petrol,Automatic,3529999.9999999995,144000,1300.0,Toyota,Corolla,,9,15.076808712195557
Karachi,2022,Petrol,Automatic,4350000.0,49000,1300.0,Toyota,Yaris,Sedan ATIV CVT 1.3,4,15.285686632949897
Karachi,2004,Petrol,Manual,1580000.0,194000,1300.0,Honda,City,i-DSI,22,14.272936037914342
Lahore,2007,Petrol,Manual,1550000.0,282000,1300.0,Toyota,Corolla,9th (E120) Generation XLi,19,14.253766134056512
Karachi,2019,Petrol,Automatic,3750000.0,59000,1300.0,Honda,City,5th (GM2) Generation 1.3 i-VTEC Prosmatec,7,15.137266664613225
Lahore,2009,Petrol,Manual,2450000.0,185000,1300.0,Honda,City,5th (GM2) Generation 1.3 i-VTEC,17,14.711598990684092
Karachi,2002,Petrol,Manual,1000000.0,98000,1300.0,Honda,City,EXi,24,13.815511557963774
Karachi,2019,Petrol,Automatic,3900000.0,100000,1300.0,Suzuki,Swift,DLX Automatic 1.3 Navigation,7,15.176487367510099
Karachi,2003,Petrol,Manual,750000.0,40000,1300.0,Suzuki,Baleno,JXR,23,13.527829818844937
Islamabad,2014,Petrol,Manual,3275000.0,97000,1300.0,Honda,City,5th (GM2) Generation 1.3 i-VTEC,12,15.001828732394953
Karachi,2017,Petrol,Automatic,4330000.0,11000,1300.0,Toyota,Corolla,GLi Automatic 1.3 VVTi,9,15.281078330925528
Karachi,2016,Petrol,Manual,2950000.0,111000,1300.0,Honda,City,5th (GM2) Generation 1.3 i-VTEC,10,14.897316067298997
Karachi,2001,Petrol,Manual,1250000.0,187976,1300.0,Toyota,Corolla,XE,25,14.038654909278163
Islamabad,2012,Petrol,Manual,2050000.0,126000,1300.0,Suzuki,Swift,,14,14.53335083891935
Islamabad,2007,Petrol,Automatic,1650000.0,209000,1300.0,Nissan,Sunny,EX Saloon Automatic 1.3,19,14.316286451937186
Islamabad,2013,Petrol,Manual,2250000.0,125000,1300.0,Suzuki,Swift,DLX 1.3,13,14.626441218624949
Islamabad,2004,Petrol,Manual,1720000.0,185000,1300.0,Honda,City,i-DSI,22,14.357835430184815
Karachi,2010,Petrol,Manual,2250000.0,135000,1300.0,Toyota,Corolla,XLi VVTi,16,14.626441218624949
Islamabad,2001,Petrol,Manual,1350000.0,282000,1300.0,Toyota,Corolla,8th (E110) Generation XE,25,14.115615891155079
Lahore,2017,Petrol,Manual,3990000.0,237000,1300.0,Toyota,Corolla,GLi 1.3 VVTi,9,15.199302039492581
Lahore,2017,Petrol,Manual,1650000.0,124600,1300.0,FAW,V2,VCT-i,9,14.316286451937186
Islamabad,2006,Petrol,Automatic,2000000.0,212500,1300.0,Honda,City,i-DSI Vario,20,14.508658238524095
Islamabad,2008,Petrol,Manual,2975000.0,199000,1300.0,Suzuki,Jimny,JLDX,18,14.905754933096265
Lahore,2013,Petrol,Manual,2500000.0,170000,1300.0,Toyota,Corolla,XLi VVTi,13,14.731801689838349
Lahore,2005,Petrol,Automatic,1850000.0,51000,1300.0,Honda,City,i-DSI Vario,21,14.430696737594902
Islamabad,2012,Petrol,Manual,2550000.0,186000,1300.0,Toyota,Corolla,XLi VVTi,14,14.751604309291395
Lahore,2007,Petrol,Manual,1795000.0,100000,1300.0,Honda,City,i-DSI,19,14.400516137007425
Islamabad,2000,Petrol,Automatic,1190000.0,282000,1300.0,Honda,City,,26,13.989464705423494
Islamabad,2009,Petrol,Manual,2440000.0,219000,1300.0,Toyota,Corolla,XLi VVTi,17,14.707509007105367
Lahore,2013,Petrol,Manual,2980000.0,260000,1300.0,Toyota,Corolla,GLi 1.3 VVTi,13,14.907434194052001
Karachi,2016,Petrol,Automatic,3990000.0,65000,1300.0,Toyota,Corolla,GLi Automatic 1.3 VVTi,10,15.199302039492581
Lahore,2012,Petrol,Manual,1980000.0,105163,1300.0,Suzuki,Swift,DLX 1.3,14,14.498607907721096
Karachi,2015,Petrol,Manual,4099000.0,9000,1300.0,Toyota,Corolla,GLi 1.3 VVTi,11,15.226253843448387
Karachi,2019,Petrol,Manual,2800000.0,35300,1300.0,Suzuki,Swift,DLX 1.3 Navigation,7,14.845130332288226
Islamabad,2015,Petrol,Manual,2300000.0,150000,1300.0,Suzuki,Swift,DLX 1.3,11,14.648420115681892
Islamabad,2017,Petrol,Manual,4170000.0000000005,92000,1300.0,Toyota,Corolla,GLi 1.3 VVTi,9,15.24342683358311
Karachi,2006,Petrol,Manual,1230000.0,98000,1300.0,Suzuki,Liana,RXi,20,14.0225255403564
Islamabad,1987,Petrol,Manual,599000.0,25000,1300.0,Toyota,Corolla,DX,39,13.303018546545275
Islamabad,2004,Petrol,Manual,1550000.0,282000,1300.0,Mitsubishi,Lancer,GLX 1.3,22,14.253766134056512
Islamabad,2012,Petrol,Manual,2300000.0,94000,1300.0,Suzuki,Swift,DX 1.3,14,14.648420115681892
Lahore,2015,Petrol,Automatic,3000000.0,190000,1300.0,Toyota,Corolla,GLi Automatic 1.3 VVTi,11,14.914123179965662
Lahore,2004,Petrol,Manual,1050000.0,200000,1300.0,Suzuki,Baleno,JXR,22,13.864301674514206
Lahore,2000,Petrol,Manual,950000.0,260000,1300.0,Honda,City,EXi,26,13.76421831620775
Karachi,2005,Petrol,Manual,2050000.0,143000,1300.0,Toyota,Corolla,9th (E120) Generation GLi 1.3,21,14.53335083891935
Islamabad,2011,Hybrid,Automatic,3190000.0,149000,1300.0,Honda,Fit,1.3 Hybrid 10th Anniversary,15,14.975531788240602
Lahore,2005,Petrol,Manual,1175000.0,80000,1300.0,Suzuki,Baleno,JXR,21,13.976779556623864
Karachi,2019,Petrol,Automatic,3979999.9999999995,49000,1300.0,Toyota,Vitz,F Safety Edition II,7,15.19679262851687
Lahore,2018,Petrol,Manual,1650000.0,67000,1300.0,FAW,V2,VCT-i,8,14.316286451937186
Lahore,2002,Petrol,Automatic,600000.0,100000,1323.0,KIA,Classic,LX,24,13.304686600863562
Lahore,2002,Petrol,Manual,1100000.0,100000,1300.0,Honda,City,EXi,24,13.910821646859095
Karachi,2009,Petrol,Manual,2170000.0,120000,1300.0,Honda,City,,17,14.59023818634603
Lahore,1981,Petrol,Manual,450000.0,90000,1300.0,Toyota,Corolla,DX,45,13.017005083966255
Lahore,2025,Petrol,Automatic,5090000.0,50,1300.0,Toyota,Yaris,Sedan GLI CVT 1.3,1,15.44278858499034
Karachi,1998,Petrol,Manual,1350000.0,123000,1300.0,Toyota,Corolla,XE Limited,28,14.115615891155079
Karachi,2016,Petrol,Manual,1450000.0,78700,1300.0,Power,Mini,Bus,10,14.187074804051692
Lahore,2021,Petrol,Automatic,4600000.0,70000,1300.0,Toyota,Yaris,Sedan ATIV CVT 1.3,5,15.341567078850604
Lahore,2011,Petrol,Manual,2650000.0,150000,1300.0,Honda,City,1.3 i-VTEC,15,14.790070575320824
Lahore,2011,Petrol,Manual,2850000.0,139401,1300.0,Toyota,Corolla,GLi 1.3 VVTi,15,14.862829903121964
Lahore,2005,Petrol,Manual,1750000.0,280000,1300.0,Honda,City,i-DSI,21,14.375126917328105
Lahore,2018,Petrol,Automatic,3900000.0,96000,1300.0,Honda,City,5th (GM2) Generation 1.3 i-VTEC Prosmatec,8,15.176487367510099
Islamabad,2011,Petrol,Manual,2500000.0,215000,1300.0,Honda,City,,15,14.731801689838349
Islamabad,2008,Petrol,Manual,2100000.0,200000,1300.0,Toyota,Corolla,XLi,18,14.557448378884015
Islamabad,2018,Petrol,Manual,2525000.0,205000,1300.0,Suzuki,Swift,DLX 1.3 Navigation,8,14.741752016731123
Lahore,2015,Petrol,Manual,3130000.0,92500,1300.0,Honda,City,1.3 i-VTEC,11,14.956543882005104
Islamabad,2004,Petrol,Manual,1625000.0,187000,1300.0,Honda,City,i-DSI,22,14.301018989130402
Karachi,2018,Petrol,Automatic,3700000.0,80000,1300.0,Honda,City,5th (GM2) Generation 1.3 i-VTEC Prosmatec,8,15.123843647884687
Lahore,2019,Petrol,Automatic,3000000.0,110460,1300.0,Suzuki,Swift,DLX Automatic 1.3 Navigation,7,14.914123179965662
Karachi,2005,Petrol,Manual,1500000.0,150000,1300.0,Honda,City,i-DSI,21,14.220976332738882
Karachi,2019,Petrol,Automatic,3900000.0,72000,1300.0,Toyota,Corolla,GLi Automatic 1.3 VVTi,7,15.176487367510099
Karachi,2016,Petrol,Manual,2050000.0,72000,1300.0,Suzuki,Swift,DLX 1.3,10,14.53335083891935
Lahore,2015,Petrol,Manual,1470000.0,100000,1300.0,FAW,V2,,11,14.200773639026796
Karachi,2015,Petrol,Manual,2095000.0,117000,1300.0,Suzuki,Swift,DLX 1.3,11,14.55506458866523
Karachi,2010,Petrol,Manual,2200000.0,130000,1300.0,Toyota,Corolla,GLi 1.3 VVTi,16,14.603968372873895
Lahore,2005,Petrol,Manual,1475000.0,224,1300.0,Honda,City,i-DSI,21,14.204169225721929
Karachi,2015,Petrol,Automatic,3620000.0000000005,140000,1300.0,Toyota,Corolla,GLi Automatic 1.3 VVTi,11,15.10198486004501
Lahore,2006,Petrol,Manual,1650000.0,190000,1300.0,Nissan,Sunny,EX Saloon 1.3,20,14.316286451937186
Karachi,2015,Petrol,Manual,3500000.0,148000,1300.0,Toyota,Corolla,GLi 1.3 VVTi,11,15.068273812173887
Islamabad,1985,Petrol,Manual,550000.0,200000,1300.0,Toyota,Corolla,DX,41,13.217675375388819
Islamabad,2014,Petrol,Manual,2750000.0,170000,1300.0,Toyota,Corolla,XLi VVTi,12,14.827111833279051
Karachi,2014,Petrol,Automatic,2250000.0,105314,1300.0,Suzuki,Swift,DLX Automatic 1.3,12,14.626441218624949
Lahore,2025,Petrol,Automatic,5050000.0,17,1300.0,Toyota,Yaris,Sedan GLI CVT 1.3,1,15.434898999271326
Karachi,2017,Petrol,Automatic,3700000.0,76000,1298.0,Toyota,Vitz,F 1.3,9,15.123843647884687
Islamabad,2012,Petrol,Manual,2870000.0,200000,1300.0,Toyota,Corolla,GLi 1.3 VVTi,14,14.869822936167798
Islamabad,2010,Petrol,Manual,2455000.0,250000,1300.0,Toyota,Corolla,XLi VVTi,16,14.71363772654265
Karachi,2011,Petrol,Manual,2400000.0,155000,1300.0,Toyota,Corolla,XLi VVTi,15,14.690979711984754
Islamabad,2014,Petrol,Manual,3000000.0,160000,1300.0,Honda,City,5th (GM2) Generation 1.3 i-VTEC,12,14.914123179965662
Lahore,2025,Petrol,Manual,3600000.0,1000,1300.0,JW,Forland,Safari,1,15.096444681204078
Lahore,2003,Petrol,Automatic,1325000.0,145000,1300.0,Honda,City,EXi S Automatic,23,14.096923772119156
Islamabad,2008,Petrol,Manual,2500000.0,200000,1300.0,Honda,City,i-DSI,18,14.731801689838349
Karachi,2016,Petrol,Automatic,3635000.0,116100,1300.0,Toyota,Corolla,GLi Automatic 1.3 VVTi,10,15.106119944052883
Lahore,2014,Hybrid,Automatic,3000000.0,162000,1300.0,Honda,Insight,G,12,14.914123179965662
Islamabad,2014,Petrol,Manual,2150000.0,99000,1300.0,Suzuki,Swift,DLX 1.3,12,14.580978865220017
Karachi,2014,Petrol,Automatic,2750000.0,127000,1300.0,Honda,City,1.3 i-VTEC Prosmatec,12,14.827111833279051
Lahore,2003,CNG,Manual,480000.0,12000,1323.0,KIA,Classic,LX,23,13.081543466215237
Lahore,2011,Petrol,Manual,3190000.0,194000,1300.0,Toyota,Corolla,GLi 1.3 VVTi,15,14.975531788240602
Lahore,2021,Petrol,Automatic,4150000.0,52000,1300.0,Honda,City,5th (GM2) Generation 1.3 i-VTEC Prosmatec,5,15.238619133170708
Karachi,2017,Petrol,Manual,1500000.0,282000,1300.0,FAW,V2,VCT-i,9,14.220976332738882
Lahore,2013,Petrol,Manual,3800000.0,89000,1300.0,Toyota,Corolla,GLi 1.3 VVTi,13,15.150511887854474
Islamabad,2009,Petrol,Manual,2720000.0,125000,1300.0,Toyota,Corolla,XLi VVTi,17,14.81614280591917
Lahore,2015,Petrol,Manual,2800000.0,128000,1300.0,Honda,City,5th (GM2) Generation 1.3 i-VTEC,11,14.845130332288226
Lahore,2004,Petrol,Manual,1140000.0,98000,1300.0,Suzuki,Baleno,JXR,22,13.946539697563276
Karachi,2002,Petrol,Manual,800000.0,250000,1300.0,Honda,City,EXi,24,13.592368256649284
Islamabad,2006,Petrol,Manual,2265000.0,188836,1300.0,Honda,City,i-DSI,20,14.633085758400277
Karachi,2016,Petrol,Automatic,3350000.0,104000,1300.0,Toyota,Corolla,GLi Automatic 1.3 VVTi,10,15.024471202308668
Islamabad,2023,Petrol,Automatic,5800000.0,7000,1300.0,Toyota,Yaris,Sedan ATIV CVT 1.3,3,15.573368647930426
Lahore,2016,Petrol,Automatic,3800000.0,110269,1300.0,Toyota,Corolla,GLi Automatic 1.3 VVTi,10,15.150511887854474
Islamabad,2017,Petrol,Automatic,4350000.0,122000,1300.0,Toyota,Corolla,GLi Automatic 1.3 VVTi,9,15.285686632949897
Islamabad,2014,Petrol,Manual,3025000.0,136735,1300.0,Honda,City,1.3 i-VTEC,12,14.922421980025536
Karachi,2011,Petrol,Automatic,2400000.0,100,1300.0,Toyota,Vitz,F 1.3,15,14.690979711984754
Lahore,2017,Petrol,Manual,3650000.0,130000,1300.0,Honda,City,5th (GM2) Generation 1.3 i-VTEC,9,15.11023799953124
Lahore,2008,Petrol,Manual,1500000.0,129000,1300.0,Suzuki,Liana,RXi,18,14.220976332738882
Karachi,2004,Petrol,Manual,1300000.0,130000,1300.0,Mitsubishi,Lancer,GLX 1.3,22,14.077875591662238
Islamabad,2004,Petrol,Automatic,1898999.9999999998,170000,1300.0,Honda,City,i-DSI Vario,22,14.456838516387228
Karachi,2025,Petrol,Automatic,5040000.0,40,1300.0,Toyota,Yaris,Sedan GLI CVT 1.3,1,15.43291683846023
Islamabad,2010,Petrol,Automatic,1995000.0,118217,1300.0,Toyota,Belta,X Business B Package 1.3,16,14.506155109559108
Lahore,2019,Petrol,Automatic,3895000.0000000005,91000,1300.0,Honda,City,1.3 i-VTEC Prosmatec,7,15.175204494026362
Karachi,2010,Petrol,Manual,2275000.0,92000,1300.0,Toyota,Corolla,XLi VVTi,16,14.637491049927531
Lahore,1997,Petrol,Manual,780000.0,200000,1300.0,Honda,City,EXi,29,13.567050480716235
Lahore,2008,Petrol,Manual,2125000.0,175685,1300.0,Toyota,Corolla,XLi,18,14.56928283092878
Lahore,2004,Petrol,Manual,1300000.0,12340,1300.0,Honda,City,i-DSI,22,14.077875591662238
Lahore,2003,Petrol,Manual,480000.0,250000,1300.0,KIA,Classic,,23,13.081543466215237
Karachi,2016,Petrol,Automatic,3400000.0,50000,1300.0,Toyota,Corolla,GLi Automatic 1.3 VVTi,10,15.039286283703994
Karachi,2021,Petrol,Automatic,3770000.0000000005,43000,1300.0,Toyota,Yaris,Sedan ATIV CVT 1.3,5,15.142585824676148
Islamabad,2014,Petrol,Manual,2800000.0,200000,1300.0,Honda,City,5th (GM2) Generation 1.3 i-VTEC,12,14.845130332288226
Karachi,2016,Petrol,Manual,2925000.0,120000,1300.0,Toyota,Corolla,XLi VVTi,10,14.888805380528378
Karachi,1994,Petrol,Manual,440000.00000000006,250000,1300.0,Suzuki,Margalla,GL,32,12.994532278619134
Karachi,2005,Petrol,Manual,1700000.0,124200,1300.0,Honda,City,i-DSI,21,14.346139397261565
Lahore,2006,Petrol,Manual,1720000.0,282000,1300.0,Honda,City,i-DSI,20,14.357835430184815
Islamabad,2021,Petrol,Automatic,4300000.0,118000,1300.0,Toyota,Yaris,Sedan GLI CVT 1.3,5,15.274125813221904
Karachi,2022,Petrol,Automatic,4200000.0,45100,1300.0,Toyota,Yaris,Sedan ATIV CVT 1.3,4,15.250595321348806
Lahore,2011,Petrol,Manual,2580000.0,128000,1300.0,Honda,City,5th (GM2) Generation 1.3 i-VTEC,15,14.763300344494624
Karachi,2021,Petrol,Manual,4500000.0,720,1300.0,Toyota,Yaris,Sedan ATIV MT 1.3,5,15.319588176962746
Lahore,2001,Petrol,Manual,994000.0,100000,1300.0,Honda,City,EXi,25,13.809493491674422
Islamabad,1974,Petrol,Manual,250000.0,282000,1300.0,Toyota,Corolla,,52,12.429220196836383
Lahore,2023,Petrol,Manual,4300000.0,37000,1300.0,Toyota,Corolla,,3,15.274125813221904
Karachi,1999,Petrol,Manual,650000.0,100000,1300.0,Honda,City,EXi,27,13.384729180332174
Lahore,1988,Petrol,Manual,545000.0,80543,1300.0,Honda,Civic,,38,13.208542908506082
Islamabad,2019,Petrol,Automatic,4950000.0,103000,1300.0,Toyota,Corolla,GLi Automatic 1.3 VVTi,7,15.414898336565054
Lahore,2012,Petrol,Manual,2125000.0,96500,1300.0,Suzuki,Swift,DX 1.3,14,14.56928283092878
Lahore,2005,Petrol,Manual,1525000.0,282000,1300.0,Honda,City,i-DSI,21,14.23750562376114
Lahore,2025,Petrol,Manual,4725000.0,100,1300.0,Toyota,Yaris,Sedan GLI MT 1.3,1,15.36837833055017
Karachi,2010,Petrol,Manual,2150000.0,175000,1300.0,Toyota,Corolla,GLi 1.3 VVTi,16,14.580978865220017
Karachi,2021,Petrol,Manual,3700000.0,113571,1300.0,Toyota,Yaris,Sedan GLI MT 1.3,5,15.123843647884687
Karachi,2003,Petrol,Manual,1200000.0,110000,1300.0,Honda,City,EXi,23,13.997832948091215
Islamabad,2010,Petrol,Automatic,2525000.0,84000,1300.0,Toyota,Passo,G 1.3,16,14.741752016731123
Karachi,2025,Petrol,Automatic,4820000.0,15,1300.0,Toyota,Yaris,Sedan GLI CVT 1.3,1,15.388284693495642
Karachi,2016,Petrol,Manual,3470000.0000000005,117000,1300.0,Toyota,Corolla,GLi 1.3 VVTi,10,15.05966544010744
Karachi,2021,Petrol,Manual,3890000.0,26000,1300.0,Honda,City,1.3 i-VTEC,5,15.173919972664004
Lahore,2021,Petrol,Manual,4050000.0,72300,1300.0,Toyota,Yaris,Sedan ATIV MT 1.3,5,15.214227685996272
Lahore,2019,Petrol,Automatic,4200000.0,42000,1300.0,Honda,City,5th (GM2) Generation 1.3 i-VTEC Prosmatec,7,15.250595321348806
Karachi,1997,Petrol,Manual,1250000.0,10000,1300.0,Toyota,Corolla,8th (E110) Generation XE Limited,29,14.038654909278163
Karachi,2020,Petrol,Automatic,4300000.0,72600,1300.0,Toyota,Yaris,Sedan GLI CVT 1.3,6,15.274125813221904
Karachi,2013,Petrol,Automatic,2740000.0,78000,1300.0,Honda,City,Aspire Prosmatec 1.3 i-VTEC,13,14.82346884332769
Islamabad,2025,Petrol,Automatic,5070000.0,10,1300.0,Toyota,Yaris,Sedan GLI CVT 1.3,1,15.438851572806005
Lahore,2005,Petrol,Manual,2050000.0,250000,1300.0,Toyota,Corolla,9th (E120) Generation GLi 1.3,21,14.53335083891935
Lahore,2014,Petrol,Manual,2180000.0,142000,1300.0,Suzuki,Swift,DLX 1.3,12,14.594835893480763
Karachi,2015,Petrol,Manual,1900000.0,97000,1300.0,Suzuki,Swift,DLX 1.3,11,14.45736497045232
Islamabad,2006,Petrol,Automatic,2260000.0,108000,1300.0,Suzuki,Swift,XG 1.3,20,14.630875813726247
Lahore,2020,Petrol,Automatic,4700000.0,38000,1300.0,Toyota,Corolla,GLi Automatic 1.3 VVTi,6,15.363073279446223
Islamabad,2017,Petrol,Manual,4020000.0000000005,138000,1300.0,Toyota,Corolla,GLi 1.3 VVTi,9,15.206792709351392
Islamabad,2011,Petrol,Automatic,2650000.0,185000,1300.0,Toyota,Vitz,,15,14.790070575320824
Lahore,2018,Petrol,Automatic,3950000.0,66000,1300.0,Honda,City,5th (GM2) Generation 1.3 i-VTEC Prosmatec,8,15.18922639004183
Lahore,2006,Petrol,Manual,1700000.0,282000,1300.0,Honda,City,i-DSI,20,14.346139397261565
Karachi,2020,Petrol,Automatic,4225000.0,58000,1300.0,Honda,City,5th (GM2) Generation 1.3 i-VTEC Prosmatec,6,15.256530055459773
Lahore,2008,Petrol,Automatic,2350000.0,19000,1300.0,Toyota,Vitz,F 1.3,18,14.669926311652166
Karachi,2016,Petrol,Automatic,3075000.0,89123,1300.0,Honda,City,1.3 i-VTEC Prosmatec,10,14.938815784425955
Karachi,2022,Petrol,Automatic,4575000.0,45600,1300.0,Toyota,Yaris,Sedan ATIV CVT 1.3,4,15.336117475270969
Karachi,2006,Petrol,Manual,985000.0,225000,1300.0,Suzuki,Liana,RXi,20,13.800397935382136
Islamabad,2014,Petrol,Manual,4050000.0,70000,1300.0,Toyota,Corolla,GLi Limited Edition 1.3 VVTi,12,15.214227685996272
Lahore,2016,Petrol,Manual,3500000.0,90000,1300.0,Suzuki,Jimny,JLDX,10,15.068273812173887
Karachi,2005,Petrol,Manual,1050000.0,150000,1300.0,Suzuki,Baleno,JXR,21,13.864301674514206
Islamabad,2011,Petrol,Manual,1585000.0,160000,1300.0,Suzuki,Liana,RXi,15,14.276095596208146
Islamabad,2004,Petrol,Manual,1845000.0,282000,1300.0,Honda,City,i-DSI,22,14.427990377462038
Karachi,2017,Petrol,Manual,1250000.0,161200,1300.0,FAW,V2,VCT-i,9,14.038654909278163
Islamabad,2002,Petrol,Manual,1150000.0,50000,1300.0,Suzuki,Baleno,JXR,24,13.955273369904273
Lahore,1995,Petrol,Manual,459999.99999999994,100000,1300.0,Suzuki,Margalla,GL,31,13.038983942375959
Lahore,2010,Petrol,Automatic,2415000.0,138000,1300.0,Toyota,Corolla,,16,14.697210259147399
Karachi,2017,Petrol,Manual,3300000.0,70000,1300.0,Toyota,Corolla,GLi 1.3 VVTi,9,15.009433329466965
Karachi,2018,Petrol,Automatic,3450000.0,116000,1300.0,Honda,City,1.3 i-VTEC Prosmatec,8,15.053885078862573
Islamabad,2010,Petrol,Manual,2600000.0,243578,1300.0,Honda,City,5th (GM2) Generation 1.3 i-VTEC,16,14.77102238760702
Islamabad,2007,Petrol,Automatic,2350000.0,150000,1300.0,Toyota,Porte,130I,19,14.669926311652166
Karachi,2015,Petrol,Manual,3600000.0,21000,1300.0,Toyota,Corolla,,11,15.096444681204078
Lahore,2019,Petrol,Automatic,3879999.9999999995,85000,1300.0,Honda,City,1.3 i-VTEC Prosmatec,7,15.171345969331382
Lahore,2006,Petrol,Manual,1795000.0,282000,1300.0,Honda,City,i-DSI,20,14.400516137007425
Lahore,1985,Petrol,Automatic,545000.0,200000,1300.0,Toyota,Corolla,DX Saloon,41,13.208542908506082
Islamabad,2013,Petrol,Manual,1995000.0,92500,1300.0,Suzuki,Liana,RXi,13,14.506155109559108
Islamabad,1985,Petrol,Manual,600000.0,100000,1300.0,Toyota,Corolla,DX,41,13.304686600863562
Lahore,2021,Petrol,Manual,4050000.0,49000,1300.0,Honda,City,1.3 i-VTEC,5,15.214227685996272
Islamabad,2016,Petrol,Manual,3595000.0000000005,200000,1300.0,Toyota,Corolla,XLi VVTi,10,15.095054827301363
Karachi,1999,Petrol,Manual,590000.0,100000,1300.0,Suzuki,Baleno,,27,13.28787951079572
Karachi,2020,Petrol,Automatic,4950000.0,65000,1300.0,Toyota,Corolla,GLi Automatic 1.3 VVTi,6,15.414898336565054
Karachi,1983,Petrol,Manual,270000.0,282000,1300.0,Nissan,Sunny,,43,12.506180941677357
Karachi,2008,Petrol,Automatic,1400000.0,90000,1300.0,Suzuki,Liana,Eminent Automatic 1.3,18,14.151983508870947
Islamabad,2010,Petrol,Manual,2800000.0,170000,1300.0,Toyota,Corolla,XLi VVTi,16,14.845130332288226
Karachi,1996,Petrol,Manual,670000.0,88000,1300.0,Suzuki,Margalla,GLX,30,13.415034483903348
Karachi,2016,Petrol,Manual,2900000.0,90000,1300.0,Toyota,Corolla,XLi VVTi,10,14.88022163978423
Karachi,2022,Petrol,Manual,3850000.0,47000,1300.0,Toyota,Yaris,Sedan GLI MT 1.3,4,15.163583966004193
Islamabad,2015,Petrol,Automatic,4150000.0,90000,1300.0,Toyota,Corolla,GLi Automatic 1.3 VVTi,11,15.238619133170708
Lahore,2014,Hybrid,Automatic,3350000.0,120000,1300.0,Honda,Fit,Shuttle Hybrid 1.3,12,15.024471202308668
Karachi,2013,Petrol,Manual,2675000.0,93000,1300.0,Toyota,Corolla,GLi 1.3 VVTi,13,14.79946031214395
Islamabad,2012,Petrol,Manual,2200000.0,128000,1300.0,Suzuki,Swift,DX 1.3,14,14.603968372873895
Karachi,2004,Petrol,Manual,800000.0,130000,1300.0,Suzuki,Baleno,,22,13.592368256649284
Islamabad,2022,Petrol,Automatic,2650000.0,83000,1300.0,Proton,Saga,1.3L Ace A/T,4,14.790070575320824
Islamabad,1995,Petrol,Manual,800000.0,1,1300.0,Honda,Civic,,31,13.592368256649284
Islamabad,2014,Petrol,Manual,2700000.0,160,1300.0,Toyota,Corolla,XLi VVTi Limited Edition,12,14.80876270134486
Islamabad,2014,Petrol,Manual,2950000.0,282000,1300.0,Toyota,Corolla,GLi Limited Edition 1.3 VVTi,12,14.897316067298997
Lahore,2016,Petrol,Automatic,4200000.0,170000,1300.0,Toyota,Corolla,GLi Automatic 1.3 VVTi,10,15.250595321348806
Islamabad,2002,Petrol,Manual,900000.0,148000,1300.0,Suzuki,Baleno,GL,24,13.710151153416941
Lahore,2010,Hybrid,Automatic,3000000.0,162000,1300.0,Honda,Insight,G,16,14.914123179965662
Karachi,2016,Petrol,Automatic,2300000.0,75000,1300.0,Suzuki,Swift,DLX Automatic 1.3,10,14.648420115681892
Islamabad,2010,Petrol,Manual,2765000.0,282000,1300.0,Toyota,Corolla,GLi 1.3 VVTi,16,14.83255155460216
Islamabad,2005,Petrol,Automatic,1964999.9999999998,250000,1300.0,Honda,City,i-DSI Vario,21,14.491003312191221
Islamabad,1980,Petrol,Manual,630000.0,10000,1300.0,Nissan,Sunny,,46,13.353476685668044
Lahore,2011,Petrol,Manual,3150000.0,162000,1300.0,Suzuki,Swift,,15,14.962913328262083
Karachi,2005,Petrol,Automatic,1450000.0,139000,1300.0,Mitsubishi,Lancer,GLX Automatic 1.3,21,14.187074804051692
Islamabad,2007,Petrol,Automatic,2490000.0,117500,1300.0,Toyota,Vitz,U 1.3,19,14.727793670047236
Lahore,2021,Petrol,Automatic,4350000.0,69000,1300.0,Toyota,Yaris,Sedan ATIV CVT 1.3,5,15.285686632949897
Lahore,2023,Petrol,Automatic,4700000.0,43000,1300.0,Toyota,Yaris,Sedan ATIV CVT 1.3,3,15.363073279446223
Lahore,2025,Petrol,Automatic,5300000.0,2000,1300.0,Toyota,Yaris,Sedan ATIV CVT 1.3,1,15.483217567201578
Lahore,2007,Petrol,Automatic,2225000.0,221505,1300.0,Honda,City,i-DSI Vario,19,14.615267923020578
Karachi,1996,Petrol,Manual,600000.0,100000,1300.0,Hyundai,Excel,,30,13.304686600863562
Lahore,2015,Petrol,Manual,3250000.0,115000,1300.0,Honda,City,Aspire 1.3 i-VTEC,11,14.99416586199818
Islamabad,2008,Hybrid,Automatic,2650000.0,177000,1300.0,Honda,Civic,MXST (Hybrid),18,14.790070575320824
Lahore,2020,Petrol,Automatic,3600000.0,160000,1300.0,Honda,City,1.3 i-VTEC Prosmatec,6,15.096444681204078
Lahore,2016,Petrol,Automatic,4500000.0,34960,1300.0,Toyota,Corolla,GLi Automatic 1.3 VVTi,10,15.319588176962746
Islamabad,2002,Petrol,Automatic,2850000.0,282000,1300.0,Toyota,Corolla,X 1.3,24,14.862829903121964
Lahore,2006,Petrol,Automatic,2150000.0,195000,1300.0,Toyota,Belta,X 1.3,20,14.580978865220017
Lahore,2017,Petrol,Manual,4200000.0,165000,1300.0,Toyota,Corolla,GLi 1.3 VVTi,9,15.250595321348806
Lahore,2020,Petrol,Automatic,4000000.0,76000,1300.0,Honda,City,5th (GM2) Generation 1.3 i-VTEC Prosmatec,6,15.201805169084134
Islamabad,2005,Petrol,Manual,2150000.0,123,1300.0,Toyota,Corolla,XLi,21,14.580978865220017
Islamabad,2005,Petrol,Manual,1750000.0,100000,1300.0,Toyota,Corolla,XLi,21,14.375126917328105
Lahore,2018,Petrol,Manual,3450000.0,81000,1300.0,Honda,City,5th (GM2) Generation 1.3 i-VTEC,8,15.053885078862573
Lahore,2007,Petrol,Automatic,1989999.9999999998,118000,1300.0,Suzuki,Swift,XG 1.3,19,14.503645699213111
Karachi,2010,Hybrid,Automatic,2425000.0,100000,1300.0,Honda,Insight,,16,14.70134249472477
Karachi,2018,Petrol,Automatic,3975000.0,71000,1300.0,Honda,City,5th (GM2) Generation 1.3 i-VTEC Prosmatec,8,15.195535557642865
Islamabad,2005,Petrol,Manual,1750000.0,135000,1300.0,Toyota,Corolla,9th (E120) Generation XLi,21,14.375126917328105
Karachi,2020,Petrol,Automatic,4300000.0,72500,1300.0,Toyota,Yaris,Sedan ATIV CVT 1.3,6,15.274125813221904
Lahore,2019,Petrol,Automatic,3970000.0000000005,85000,1300.0,Honda,City,5th (GM2) Generation 1.3 i-VTEC Prosmatec,7,15.19427690455251
Karachi,2005,Petrol,Manual,775000.0,30000,1300.0,Suzuki,Baleno,,21,13.560619598657233
Karachi,2015,Petrol,Manual,2750000.0,175000,1300.0,Toyota,Corolla,XLi VVTi,11,14.827111833279051
Lahore,2003,Petrol,Automatic,1825000.0,272500,1300.0,Honda,City,,23,14.417091092943783
Lahore,2004,Petrol,Automatic,1985000.0000000002,98000,1300.0,Honda,City,i-DSI Vario,22,14.50112997588164
Karachi,2006,Petrol,Manual,2200000.0,145000,1300.0,Toyota,Corolla,9th (E120) Generation XLi,20,14.603968372873895
Islamabad,2016,Petrol,Manual,1550000.0,118500,1300.0,FAW,V2,VCT-i,10,14.253766134056512
Lahore,2007,Petrol,Manual,1250000.0,150000,1300.0,Suzuki,Liana,RXi,19,14.038654909278163
Karachi,1992,Petrol,Manual,565000.0,100000,1300.0,Nissan,Sunny,,34,13.244582780038517
Karachi,2015,Petrol,Manual,3400000.0,152000,1300.0,Toyota,Corolla,GLi 1.3 VVTi,11,15.039286283703994
Lahore,2000,Petrol,Manual,825000.0,125000,1300.0,Suzuki,Baleno,GLi,26,13.623139877437296
Lahore,2018,Petrol,Manual,2600000.0,73500,1300.0,Suzuki,Swift,DLX 1.3 Navigation,8,14.77102238760702
Islamabad,2002,Petrol,Manual,1664000.0,100000,1300.0,Toyota,Corolla,9th (E120) Generation XLi,24,14.324735501324648
Karachi,2012,Petrol,Manual,1850000.0,134000,1300.0,Suzuki,Swift,DLX 1.3,14,14.430696737594902
Karachi,2009,Petrol,Manual,2050000.0,125000,1300.0,Toyota,Corolla,XLi VVTi,17,14.53335083891935
Lahore,2020,Petrol,Automatic,3890000.0,80000,1300.0,Honda,City,1.3 i-VTEC Prosmatec,6,15.173919972664004
Karachi,2007,Petrol,Manual,1150000.0,120000,1300.0,Suzuki,Liana,RXi,19,13.955273369904273
Islamabad,2018,Petrol,Manual,4475000.0,96000,1300.0,Toyota,Corolla,GLi 1.3 VVTi,8,15.314017133154755
Karachi,2011,Petrol,Manual,1650000.0,90000,1300.0,Suzuki,Swift,DLX 1.3,15,14.316286451937186
Islamabad,2012,Petrol,Manual,2350000.0,260000,1300.0,Toyota,Corolla,XLi VVTi,14,14.669926311652166
Lahore,2007,Petrol,Manual,2250000.0,185000,1300.0,Honda,City,i-DSI,19,14.626441218624949
Lahore,2000,Petrol,Manual,1700000.0,10000,1300.0,Toyota,Corolla,8th (E110) Generation XE Limited,26,14.346139397261565
Islamabad,2008,Petrol,Manual,1964999.9999999998,250000,1300.0,Toyota,Corolla,9th (E120) Generation XLi,18,14.491003312191221
Karachi,2010,Petrol,Automatic,2350000.0,96000,1300.0,Toyota,Passo,G 1.3,16,14.669926311652166
Lahore,2016,Petrol,Manual,3250000.0,165000,1300.0,Honda,City,1.3 i-VTEC,10,14.99416586199818
Islamabad,2005,Petrol,Automatic,1960000.0000000002,226000,1300.0,Toyota,Vitz,F 1.3,21,14.488455541410652
Islamabad,2025,Petrol,Automatic,5100000.0,45,1300.0,Toyota,Yaris,Sedan GLI CVT 1.3,1,15.444751293772967
Lahore,2016,Petrol,Manual,2495000.0,87500,1300.0,Suzuki,Swift,DLX 1.3,10,14.72979968796928
Islamabad,2007,Hybrid,Automatic,3200000.0,70000,1300.0,Honda,Civic,Reborn MXB (Hybrid),19,14.978661680269907
Karachi,2008,Petrol,Automatic,2400000.0,130000,1300.0,Toyota,Vitz,F 1.3,18,14.690979711984754
Karachi,2021,Petrol,Manual,4200000.0,46000,1300.0,Toyota,Yaris,Sedan ATIV MT 1.3,5,15.250595321348806
Islamabad,2012,Petrol,Manual,2030000.0,200000,1300.0,Suzuki,Swift,DLX 1.3,14,14.523546843628687
Islamabad,2013,Petrol,Manual,3350000.0,100000,1300.0,Toyota,Corolla,XLi VVTi,13,15.024471202308668
Karachi,2011,Petrol,Manual,2500000.0,80000,1300.0,Honda,City,5th (GM2) Generation 1.3 i-VTEC,15,14.731801689838349
Islamabad,2016,Petrol,Manual,3620000.0000000005,133000,1300.0,Toyota,Corolla,GLi 1.3 VVTi,10,15.10198486004501
Lahore,2020,Petrol,Automatic,4300000.0,69100,1300.0,Toyota,Yaris,Sedan ATIV CVT 1.3,6,15.274125813221904
Karachi,2012,Petrol,Manual,2475000.0,90000,1300.0,Toyota,Corolla,GLi 1.3 VVTi,14,14.72175135802525
Karachi,2006,Petrol,Manual,980000.0000000001,786,1300.0,Suzuki,Liana,LXi Sport,20,13.795308871054397
Karachi,2013,Petrol,Automatic,2950000.0,139000,1300.0,Honda,City,1.3 i-VTEC Prosmatec,13,14.897316067298997
Lahore,2011,Petrol,Manual,2650000.0,157000,1300.0,Toyota,Corolla,GLi 1.3 VVTi,15,14.790070575320824
Islamabad,2007,Petrol,Automatic,4000000.0,69000,1300.0,Mazda,RX8,Type E,19,15.201805169084134
Karachi,2014,Petrol,Automatic,3250000.0,163000,1300.0,Toyota,Corolla,GLi Automatic 1.3 VVTi,12,14.99416586199818
Islamabad,2021,Petrol,Manual,4090000.0,66000,1300.0,Toyota,Yaris,Sedan GLI MT 1.3,5,15.224055772517731
Karachi,1990,Petrol,Manual,400000.0,100000,1300.0,Nissan,Sunny,,36,12.899222326086994
Karachi,2019,Petrol,Automatic,4300000.0,60000,1300.0,Honda,City,Aspire Prosmatec 1.3 i-VTEC,7,15.274125813221904
Lahore,2019,Petrol,Manual,4400000.0,93000,1300.0,Toyota,Corolla,GLi 1.3 VVTi,7,15.29711532616119
Karachi,1996,Petrol,Manual,1100000.0,100000,1300.0,Toyota,Corolla,8th (E110) Generation XE-G,30,13.910821646859095
Lahore,2011,Petrol,Manual,3000000.0,150000,1300.0,Toyota,Corolla,XLi VVTi,15,14.914123179965662
Lahore,2021,Petrol,Automatic,4800000.0,76000,1300.0,Toyota,Yaris,Sedan ATIV CVT 1.3,5,15.38412668421143
Lahore,2015,Petrol,Manual,3050000.0,180000,1300.0,Honda,City,5th (GM2) Generation 1.3 i-VTEC,11,14.930652476452392
Karachi,1992,Petrol,Manual,450000.0,100000,1300.0,Suzuki,Margalla,GL,34,13.017005083966255
Lahore,2004,Petrol,Manual,1825000.0,149000,1300.0,Honda,City,i-DSI,22,14.417091092943783
Lahore,2019,Petrol,Manual,3900000.0,36000,1300.0,Honda,City,5th (GM2) Generation 1.3 i-VTEC,7,15.176487367510099
Karachi,2017,Petrol,Automatic,3985000.0,59000,1300.0,Toyota,Corolla,GLi Automatic 1.3 VVTi,9,15.19804812114745
Lahore,1986,Petrol,Manual,650000.0,150000,1300.0,Nissan,Sunny,,40,13.384729180332174
Karachi,2008,Petrol,Manual,2500000.0,70000,1300.0,Toyota,Corolla,XLi,18,14.731801689838349
Lahore,2006,Petrol,Manual,1889999.9999999998,252000,1300.0,Toyota,Corolla,9th (E120) Generation XLi,20,14.452087916136215
Islamabad,2006,Petrol,Manual,1300000.0,275000,1300.0,Suzuki,Liana,RXi,20,14.077875591662238
Islamabad,1999,CNG,Manual,1150000.0,35000,1300.0,Suzuki,Baleno,GL,27,13.955273369904273
Islamabad,2010,Petrol,Manual,2350000.0,100000,1300.0,Toyota,Corolla,XLi VVTi,16,14.669926311652166
Karachi,2015,Petrol,Manual,3600000.0,100000,1300.0,Toyota,Corolla,GLi 1.3 VVTi,11,15.096444681204078
Karachi,2012,Petrol,Manual,1750000.0,123000,1300.0,Suzuki,Swift,DX 1.3,14,14.375126917328105
Karachi,2014,Petrol,Manual,3000000.0,175000,1300.0,Toyota,Corolla,GLi Limited Edition 1.3 VVTi,12,14.914123179965662
Islamabad,1977,Petrol,Manual,950000.0,100000,1300.0,Toyota,Corolla,,49,13.76421831620775
Islamabad,2012,Petrol,Manual,2080000.0,250000,1300.0,Toyota,Corolla,GLi 1.3 VVTi,14,14.547878932446617
Islamabad,2018,Petrol,Automatic,2850000.0,80000,1300.0,Suzuki,Swift,DLX Automatic 1.3 Navigation,8,14.862829903121964
Karachi,2011,Petrol,Manual,2100000.0,100000,1300.0,Toyota,Corolla,XLi VVTi,15,14.557448378884015
Karachi,2016,Petrol,Automatic,3575000.0,102000,1300.0,Toyota,Corolla,GLi Automatic 1.3 VVTi,10,15.089476013830486
Islamabad,2000,Petrol,Manual,1400000.0,210000,1300.0,Honda,City,EXi S,26,14.151983508870947
Karachi,2015,Petrol,Manual,3100000.0,56000,1300.0,Honda,City,1.3 i-VTEC,11,14.946912992035967
Lahore,2017,Petrol,Manual,3250000.0,180000,1300.0,Toyota,Corolla,XLi VVTi,9,14.99416586199818
Karachi,1999,Petrol,Manual,700000.0,19000,1300.0,Honda,City,EXi,27,13.45883704259595
Islamabad,2013,Petrol,Manual,2850000.0,122000,1300.0,Honda,City,1.3 i-VTEC,13,14.862829903121964
Lahore,2019,Petrol,Automatic,4850000.0,50500,1300.0,Toyota,Corolla,GLi Automatic 1.3 VVTi,7,15.394489469099211
Islamabad,2015,Petrol,Manual,3600000.0,160000,1300.0,Toyota,Corolla,GLi 1.3 VVTi,11,15.096444681204078
Islamabad,2023,Petrol,Automatic,5200000.0,7400,1300.0,Toyota,Yaris,Sedan ATIV CVT 1.3,3,15.46416937585933
Lahore,2017,Petrol,Manual,3300000.0,140000,1300.0,Honda,City,5th (GM2) Generation 1.3 i-VTEC,9,15.009433329466965
Islamabad,2012,Petrol,Manual,2780000.0,197000,1300.0,Toyota,Corolla,XLi VVTi Limited Edition,14,14.837961845378985
Islamabad,2020,Petrol,Automatic,3800000.0,117000,1300.0,Honda,City,5th (GM2) Generation 1.3 i-VTEC Prosmatec,6,15.150511887854474
Lahore,2011,Petrol,Manual,2390000.0,123000,1300.0,Honda,City,5th (GM2) Generation 1.3 i-VTEC,15,14.686804342317648
Lahore,2021,Petrol,Manual,4050000.0,49000,1300.0,Honda,City,1.3 i-VTEC,5,15.214227685996272
Lahore,2007,Petrol,Manual,1480000.0,92000,1300.0,Suzuki,Liana,,19,14.207553321415745
Lahore,2006,Hybrid,Automatic,2500000.0,155000,1300.0,Honda,Civic,Reborn MXST (Hybrid),20,14.731801689838349
Lahore,2007,Petrol,Manual,2150000.0,150000,1300.0,Honda,City,i-DSI,19,14.580978865220017
Islamabad,1997,Petrol,Manual,1550000.0,200000,1300.0,Toyota,Corolla,GL,29,14.253766134056512
Islamabad,2007,Petrol,Manual,1789999.9999999998,32100,1300.0,Honda,City,i-DSI,19,14.397726736475999
Karachi,2017,Petrol,Automatic,4000000.0,80000,1300.0,Toyota,Corolla,GLi Automatic 1.3 VVTi,9,15.201805169084134
Karachi,2016,Petrol,Manual,3000000.0,72000,1300.0,Honda,City,5th (GM2) Generation Aspire 1.3 i-VTEC,10,14.914123179965662
Lahore,2016,Petrol,Manual,3225000.0,122000,1300.0,Honda,City,5th (GM2) Generation 1.3 i-VTEC,10,14.986443818289482
Lahore,2006,Petrol,Manual,1770000.0,89000,1300.0,Honda,City,i-DSI,20,14.386490669521603
Karachi,2009,Petrol,Manual,2225000.0,155,1300.0,Toyota,Corolla,XLi VVTi,17,14.615267923020578
Karachi,2013,Petrol,Manual,2800000.0,114000,1300.0,Toyota,Corolla,GLi 1.3 VVTi,13,14.845130332288226
Lahore,2006,Petrol,Manual,1980000.0,210000,1300.0,Honda,City,i-DSI,20,14.498607907721096
Karachi,2015,Petrol,Manual,2625000.0,195000,1300.0,Toyota,Corolla,XLi VVTi,11,14.78059183496017
Islamabad,2005,Petrol,Manual,1450000.0,282000,1300.0,Mitsubishi,Lancer,GL,21,14.187074804051692
Karachi,2020,Petrol,Automatic,3850000.0,76000,1300.0,Honda,City,5th (GM2) Generation 1.3 i-VTEC Prosmatec,6,15.163583966004193
Islamabad,1996,Petrol,Manual,750000.0,99360,1300.0,Suzuki,Margalla,GL,30,13.527829818844937
Lahore,2019,Petrol,Manual,2575000.0,86000,1300.0,Suzuki,Swift,DLX 1.3 Navigation,7,14.761360480429413
Islamabad,1999,Petrol,Manual,1900000.0,200000,1300.0,Toyota,Corolla,8th (E110) Generation XE Limited,27,14.45736497045232
Karachi,1996,Petrol,Manual,470000.0,15612,1300.0,Suzuki,Margalla,GL,30,13.060490101343552
Lahore,2009,Petrol,Manual,2200000.0,190000,1300.0,Toyota,Corolla,XLi VVTi,17,14.603968372873895
Islamabad,2009,Petrol,Manual,2785000.0,103000,1300.0,Honda,City,1.3 i-VTEC,17,14.839758790409885
Lahore,2001,Petrol,Manual,1895000.0,47000,1300.0,Toyota,Corolla,GL,25,14.45472992420301
Karachi,2011,Petrol,Automatic,2500000.0,100000,1300.0,Honda,City,,15,14.731801689838349
Islamabad,2006,Petrol,Manual,1939999.9999999998,140000,1300.0,Honda,City,i-DSI,20,14.478199046503295
Karachi,2015,Petrol,Automatic,3800000.0,180000,1300.0,Toyota,Corolla,GLi Automatic 1.3 VVTi,11,15.150511887854474
Lahore,2013,Petrol,Manual,2600000.0,195000,1300.0,Honda,City,1.3 i-VTEC,13,14.77102238760702
Lahore,1994,Petrol,Automatic,700000.0,248352,1300.0,Daihatsu,Charade,,32,13.45883704259595
Karachi,2005,Petrol,Manual,1675000.0,171000,1300.0,Nissan,Sunny,EX Saloon 1.3,21,14.331324320256051
Karachi,2001,Petrol,Manual,1000000.0,221000,1300.0,Honda,City,EXi,25,13.815511557963774
Karachi,2017,Petrol,Manual,4100000.0,44000,1300.0,Toyota,Corolla,XLi VVTi,9,15.226497775576945
Lahore,2025,Petrol,Automatic,5065000.0,15,1300.0,Toyota,Yaris,Sedan GLI CVT 1.3,1,15.437864893098267
Karachi,2018,Petrol,Automatic,3540000.0,91000,1300.0,Honda,City,1.3 i-VTEC Prosmatec,8,15.079637567595793
Islamabad,2006,Hybrid,Automatic,2800000.0,115000,1300.0,Honda,Civic,Reborn MXST (Hybrid),20,14.845130332288226
Karachi,2015,Petrol,Automatic,3300000.0,86500,1300.0,Honda,City,5th (GM2) Generation 1.3 i-VTEC Prosmatec,11,15.009433329466965
Lahore,2007,Petrol,Manual,1800000.0,223000,1300.0,Honda,City,i-DSI,19,14.403297778421795
Islamabad,2010,Petrol,Manual,2320000.0,282000,1300.0,Toyota,Corolla,XLi VVTi Limited Edition,16,14.657078174676883
Lahore,2011,Petrol,Manual,2580000.0,125000,1300.0,Honda,City,5th (GM2) Generation 1.3 i-VTEC,15,14.763300344494624
Karachi,2007,Petrol,Manual,1900000.0,62000,1300.0,Toyota,Corolla,9th (E120) Generation GLi 1.3,19,14.45736497045232
Islamabad,2012,Petrol,Manual,2800000.0,282000,1300.0,Honda,City,5th (GM2) Generation 1.3 i-VTEC,14,14.845130332288226
Islamabad,2012,Petrol,Manual,2850000.0,168000,1300.0,Honda,City,1.3 i-VTEC,14,14.862829903121964
Islamabad,2005,Petrol,Manual,1050000.0,282000,1300.0,Suzuki,Baleno,JXR,21,13.864301674514206
Lahore,1991,Petrol,Manual,350000.0,40000,1300.0,Hyundai,Excel,,35,12.765691290604371
Karachi,2022,Petrol,Manual,3375000.0,49706,1300.0,Changan,Alsvin,1.3L MT Comfort,4,15.03190617858502
Islamabad,1988,Petrol,Manual,2800000.0,274080,1300.0,Toyota,Corolla,DX,38,14.845130332288226
Karachi,2005,Petrol,Manual,1490000.0,260000,1300.0,Honda,City,i-DSI,21,14.214287349062356
Lahore,2021,Petrol,Manual,4200000.0,48000,1300.0,Honda,City,5th (GM2) Generation 1.3 i-VTEC,5,15.250595321348806
Lahore,1997,Petrol,Manual,2200000.0,200000,1300.0,Suzuki,Jimny,GA MT,29,14.603968372873895
Karachi,2007,Petrol,Manual,890000.0,80000,1300.0,Suzuki,Liana,,19,13.698977865303197
Islamabad,2001,Petrol,Manual,1475000.0,185000,1300.0,Toyota,Corolla,XE,25,14.204169225721929
Lahore,1986,Petrol,Manual,350000.0,282000,1300.0,Toyota,Corolla,DX,40,12.765691290604371
Islamabad,1993,CNG,Manual,420000.0,101010,1300.0,Hyundai,Excel,Basegrade,33,12.948012371209098
Islamabad,2017,Petrol,Manual,3565000.0,98000,1300.0,Honda,City,1.3 i-VTEC,9,15.086674892335402
Islamabad,2018,Petrol,Manual,3679999.9999999995,73000,1300.0,Honda,City,1.3 i-VTEC,8,15.118423581884207
Islamabad,2006,Petrol,Manual,2100000.0,124,1300.0,Mitsubishi,Lancer,GLX 1.3,20,14.557448378884015
Karachi,2009,Petrol,Automatic,2380000.0,134000,1300.0,Honda,City,1.3 i-VTEC Prosmatec,17,14.682611465815636
Karachi,1997,Petrol,Manual,1250000.0,126000,1300.0,Toyota,Corolla,8th (E110) Generation GL,29,14.038654909278163
Islamabad,2011,Hybrid,Automatic,2685000.0,126000,1300.0,Honda,Fit,1.3 Hybrid XH Selection,15,14.803191658364511
Lahore,2012,Petrol,Manual,2850000.0,180000,1300.0,Honda,City,5th (GM2) Generation Aspire 1.3 i-VTEC,14,14.862829903121964
Lahore,2003,Petrol,Automatic,1800000.0,150000,1300.0,Honda,City,i-DSI Vario,23,14.403297778421795
Islamabad,2008,Petrol,Manual,2350000.0,100000,1300.0,Honda,City,i-DSI,18,14.669926311652166
Lahore,2018,Petrol,Manual,3600000.0,120000,1300.0,Honda,City,1.3 i-VTEC,8,15.096444681204078
Karachi,2012,Petrol,Automatic,2800000.0,60000,1300.0,Honda,City,1.3 i-VTEC Prosmatec,14,14.845130332288226
Islamabad,2010,Petrol,Manual,2400000.0,200000,1300.0,Toyota,Corolla,XLi VVTi,16,14.690979711984754
Lahore,2021,Petrol,Automatic,4500000.0,47000,1300.0,Toyota,Corolla,,5,15.319588176962746
Karachi,2021,Petrol,Automatic,3145000.0,58192,1300.0,Suzuki,Swift,DLX Automatic 1.3 Navigation,5,14.96132476608165
Lahore,2025,Petrol,Automatic,5150000.0,15000,1300.0,Toyota,Yaris,Sedan GLI CVT 1.3,1,15.454507466814658
Karachi,2016,Petrol,Automatic,3175000.0,70000,1300.0,Honda,City,1.3 i-VTEC Prosmatec,10,14.97081850526951
Islamabad,2013,Petrol,Manual,3200000.0,230000,1300.0,Toyota,Corolla,,13,14.978661680269907
Lahore,2011,Petrol,Manual,2390000.0,123000,1300.0,Honda,City,5th (GM2) Generation i-VTEC,15,14.686804342317648
Lahore,2024,Petrol,Automatic,4875000.0,32000,1300.0,Toyota,Yaris,Sedan ATIV CVT 1.3,2,15.39963086754227
Lahore,2016,Petrol,Manual,3250000.0,101000,1300.0,Honda,City,Aspire 1.3 i-VTEC,10,14.99416586199818
Lahore,2021,Petrol,Automatic,4375000.0,87000,1300.0,Toyota,Yaris,Sedan ATIV CVT 1.3,5,15.291417306345254
Lahore,2016,Petrol,Automatic,4100000.0,77000,1300.0,Toyota,Corolla,GLi Automatic 1.3 VVTi,10,15.226497775576945
Karachi,2022,Petrol,Automatic,4100000.0,61000,1300.0,Toyota,Yaris,Sedan GLI CVT 1.3,4,15.226497775576945
Islamabad,2014,Petrol,Manual,3165000.0,124567,1300.0,Honda,City,5th (GM2) Generation 1.3 i-VTEC,12,14.96766392951613
Islamabad,2005,Petrol,Manual,1900000.0,282000,1300.0,Honda,City,i-DSI,21,14.45736497045232
Lahore,2009,Petrol,Manual,2295000.0,160000,1300.0,Toyota,Corolla,GLi 1.3 VVTi,17,14.646243837206535
Islamabad,2016,Petrol,Manual,4150000.0,86000,1300.0,Toyota,Corolla,GLi 1.3 VVTi,10,15.238619133170708
Karachi,2007,Hybrid,Manual,1100000.0,180000,1300.0,Suzuki,Liana,RXi,19,13.910821646859095
Islamabad,2016,Petrol,Manual,3400000.0,101000,1300.0,Honda,City,Aspire 1.3 i-VTEC,10,15.039286283703994
Islamabad,2007,Petrol,Manual,2500000.0,112000,1300.0,Toyota,Corolla,9th (E120) Generation GLi 1.3,19,14.731801689838349
Lahore,2002,Petrol,Manual,1275000.0,185000,1300.0,Honda,City,EXi,24,14.058457520888082
Karachi,2005,Petrol,Manual,1700000.0,124300,1300.0,Honda,City,i-DSI,21,14.346139397261565
Lahore,2019,Petrol,Automatic,4100000.0,100688,1300.0,Toyota,Corolla,XLi Automatic,7,15.226497775576945
Lahore,2008,Petrol,Manual,1820000.0,12345,1300.0,Honda,City,i-DSI,18,14.414347608503377
Karachi,2018,Petrol,Automatic,4250000.0,60000,1300.0,Toyota,Corolla,GLi Automatic 1.3 VVTi,8,15.26242977619469
Lahore,2015,Petrol,Automatic,2990000.0,241000,1300.0,Honda,City,1.3 i-VTEC Prosmatec,11,14.910784279814974
Islamabad,2014,Petrol,Manual,4000000.0,113000,1300.0,Toyota,Corolla,GLi 1.3 VVTi,12,15.201805169084134
Lahore,2013,Petrol,Manual,2750000.0,217000,1300.0,Toyota,Corolla,XLi VVTi,13,14.827111833279051
Karachi,2003,Petrol,Manual,750000.0,140000,1300.0,Suzuki,Baleno,JXR,23,13.527829818844937
Lahore,1981,Petrol,Manual,325000.0,80000,1300.0,Toyota,Corolla,G,45,12.691583538230217
Karachi,2001,CNG,Manual,325000.0,60000,1323.0,KIA,Classic,LX,25,12.691583538230217
Islamabad,2015,Petrol,Manual,3600000.0,106000,1300.0,Toyota,Corolla,GLi 1.3 VVTi,11,15.096444681204078
Lahore,2013,Petrol,Manual,2950000.0,142,1300.0,Toyota,Corolla,GLi 1.3 VVTi,13,14.897316067298997
Karachi,2013,Petrol,Manual,2650000.0,132000,1300.0,Honda,City,5th (GM2) Generation Aspire 1.3 i-VTEC,13,14.790070575320824
Lahore,2018,Petrol,Manual,3500000.0,108000,1300.0,Honda,City,1.3 i-VTEC,8,15.068273812173887
Karachi,2000,CNG,Manual,1600000.0,100000,1300.0,Toyota,Corolla,,26,14.285514812209815
Karachi,2018,Petrol,Automatic,6000000.0,78000,1300.0,Audi,A3,,8,15.607270193858982
Lahore,2013,Petrol,Manual,2820000.0,135000,1300.0,Honda,City,Aspire 1.3 i-VTEC,13,14.852247797524162
Karachi,2010,Petrol,Manual,2250000.0,25000,1300.0,Toyota,Corolla,GLi 1.3 VVTi,16,14.626441218624949
Karachi,2009,Petrol,Manual,2590000.0,139000,1300.0,Honda,City,5th (GM2) Generation 1.3 i-VTEC,17,14.767168819776032
Lahore,2014,Petrol,Manual,2500000.0,162000,1300.0,Toyota,Corolla,XLi VVTi,12,14.731801689838349
Karachi,2020,Petrol,Automatic,3925000.0,98000,1300.0,Honda,City,5th (GM2) Generation 1.3 i-VTEC Prosmatec,6,15.182877163975684
Lahore,2015,Petrol,Manual,2945000.0,86000,1300.0,Honda,City,1.3 i-VTEC,11,14.89561971462634
Karachi,2016,Petrol,Automatic,2980000.0,160000,1300.0,Honda,City,5th (GM2) Generation 1.3 i-VTEC Prosmatec,10,14.907434194052001
Lahore,2019,Petrol,Manual,4549000.0,118000,1300.0,Toyota,Corolla,GLi 1.3 VVTi,7,15.330418206380651
Lahore,2019,Petrol,Manual,2960000.0,101500,1300.0,Suzuki,Swift,DLX 1.3 Navigation,7,14.900700164138025
Karachi,1999,Petrol,Manual,950000.0,140000,1300.0,Toyota,Corolla,8th (E110) Generation XE,27,13.76421831620775
Karachi,2014,Petrol,Manual,1150000.0,12340,1300.0,Suzuki,Liana,RXi,12,13.955273369904273
Islamabad,2015,Petrol,Manual,3125000.0,252000,1300.0,Honda,City,5th (GM2) Generation 1.3 i-VTEC,11,14.954945161152589
Karachi,2013,Petrol,Manual,2550000.0,85600,1300.0,Toyota,Corolla,XLi VVTi,13,14.751604309291395
Karachi,2025,Petrol,Automatic,5200000.0,5450,1300.0,Toyota,Yaris,Sedan GLI CVT 1.3,1,15.46416937585933
Islamabad,2005,Petrol,Manual,2075000.0,230000,1300.0,Honda,City,i-DSI,21,14.54547219357453
Karachi,2015,Petrol,Manual,3300000.0,120648,1300.0,Toyota,Corolla,XLi VVTi,11,15.009433329466965
Lahore,2008,Petrol,Automatic,2500000.0,100000,1300.0,Toyota,Vitz,RS 1.3,18,14.731801689838349
Karachi,2013,Petrol,Automatic,2064999.9999999998,98600,1300.0,Suzuki,Swift,DLX Automatic 1.3,13,14.540641268638653
Lahore,2005,Petrol,Manual,1600000.0,282000,1300.0,Mitsubishi,Lancer,GLX 1.3,21,14.285514812209815
Islamabad,2018,Petrol,Manual,4200000.0,96000,1300.0,Toyota,Corolla,GLi 1.3 VVTi,8,15.250595321348806
Lahore,2012,Petrol,Manual,2650000.0,250000,1300.0,Toyota,Corolla,GLi 1.3 VVTi,14,14.790070575320824
Lahore,2015,Petrol,Automatic,3450000.0,131000,1300.0,Toyota,Corolla,GLi Automatic 1.3 VVTi,11,15.053885078862573
Lahore,2012,Petrol,Manual,3000000.0,115000,1300.0,Honda,City,5th (GM2) Generation 1.3 i-VTEC,14,14.914123179965662
Islamabad,2021,Petrol,Automatic,3155000.0,54000,1300.0,Suzuki,Swift,DLX Automatic 1.3 Navigation,5,14.964499370914611
Karachi,2025,Petrol,Automatic,4900000.0,1,1300.0,Toyota,Yaris,Sedan GLI CVT 1.3,1,15.404745967162468
Islamabad,2025,Petrol,Manual,4200000.0,2000,1300.0,Changan,Alsvin,1.3L MT Comfort,1,15.250595321348806
Lahore,2015,Petrol,Manual,3800000.0,37000,1300.0,Toyota,Corolla,XLi VVTi,11,15.150511887854474
Karachi,1997,Petrol,Manual,1100000.0,52000,1300.0,Toyota,Corolla,,29,13.910821646859095
Islamabad,2003,Petrol,Manual,1800000.0,88000,1300.0,Toyota,Corolla,GLi 1.3,23,14.403297778421795
Karachi,2021,Petrol,Manual,3000000.0,25000,1300.0,Suzuki,Swift,DLX 1.3 Navigation,5,14.914123179965662
Islamabad,2006,Petrol,Manual,1980000.0,200000,1300.0,Honda,City,i-DSI,20,14.498607907721096
Islamabad,2010,Petrol,Manual,2430000.0,182648,1300.0,Toyota,Corolla,GLi 1.3 VVTi,16,14.70340222683928
Lahore,2011,Petrol,Manual,1875000.0,114000,1300.0,Suzuki,Swift,DX 1.3,15,14.444119750719839
Lahore,2025,Petrol,Automatic,5100000.0,1000,1300.0,Toyota,Yaris,Sedan GLI CVT 1.3,1,15.444751293772967
Karachi,2025,Petrol,Manual,5035000.0,75,1300.0,Toyota,Yaris,Sedan ATIV MT 1.3,1,15.431924282744513
Lahore,2017,Petrol,Manual,3500000.0,61000,1300.0,Honda,City,5th (GM2) Generation 1.3 i-VTEC,9,15.068273812173887
Islamabad,2011,Petrol,Manual,2900000.0,104000,1300.0,Honda,City,1.3 i-VTEC,15,14.88022163978423
Islamabad,2018,Petrol,Manual,4400000.0,97000,1300.0,Toyota,Corolla,,8,15.29711532616119
Islamabad,2007,Petrol,Manual,1300000.0,272000,1300.0,Suzuki,Liana,LXi Sport,19,14.077875591662238
Lahore,2019,Petrol,Manual,3550000.0,83550,1300.0,Honda,City,1.3 i-VTEC,7,15.0824584431417
Karachi,2006,Petrol,Manual,2050000.0,282000,1300.0,Toyota,Corolla,9th (E120) Generation XLi,20,14.53335083891935
Islamabad,2008,Petrol,Manual,1300000.0,10000,1300.0,Suzuki,Liana,RXi,18,14.077875591662238
Islamabad,1998,Petrol,Manual,1025000.0,200000,1300.0,Honda,City,EXi,28,13.840204146163925
Karachi,1994,Petrol,Manual,1650000.0,1,1300.0,Toyota,Corolla,LX Limited 1.3,32,14.316286451937186
Lahore,2015,Petrol,Automatic,3700000.0,170000,1300.0,Toyota,Corolla,GLi Automatic 1.3 VVTi,11,15.123843647884687
Islamabad,2008,Petrol,Manual,2510000.0,240000,1300.0,Toyota,Corolla,9th (E120) Generation GLi 1.3,18,14.735793709514262
Karachi,2020,Petrol,Automatic,4150000.0,62000,1300.0,Toyota,Yaris,Sedan ATIV CVT 1.3,6,15.238619133170708
Lahore,2011,Petrol,Manual,2690000.0,109000,1300.0,Honda,City,5th (GM2) Generation 1.3 i-VTEC,15,14.805052123325165
Karachi,2011,Petrol,Manual,1725000.0,95000,1300.0,Suzuki,Swift,DX 1.3,15,14.360738188157574
Karachi,2018,Petrol,Manual,2575000.0,70000,1300.0,Suzuki,Swift,DLX 1.3 Navigation,8,14.761360480429413
Karachi,2010,Petrol,Manual,2500000.0,180000,1300.0,Toyota,Corolla,GLi 1.3 VVTi,16,14.731801689838349
Islamabad,2011,Petrol,Manual,2650000.0,282000,1300.0,Toyota,Corolla,GLi 1.3 VVTi,15,14.790070575320824
Lahore,2006,Petrol,Manual,1260000.0,107300,1300.0,Suzuki,Liana,RXi,20,14.04662307257814
Lahore,2016,Petrol,Manual,3425000.0,125000,1300.0,Toyota,Corolla,GLi 1.3 VVTi,10,15.046612321649222
Islamabad,1984,Petrol,Manual,2300000.0,1000,1300.0,Suzuki,Jimny,,42,14.648420115681892
Lahore,2015,Petrol,Manual,3050000.0,192000,1300.0,Toyota,Corolla,GLi 1.3 VVTi,11,14.930652476452392
Karachi,2017,Petrol,Automatic,3700000.0,125000,1300.0,Toyota,Corolla,GLi Automatic 1.3 VVTi,9,15.123843647884687
Islamabad,2007,Petrol,Manual,2480000.0,272000,1300.0,Toyota,Corolla,XLi,19,14.72376952136689
Karachi,1990,Petrol,Manual,850000.0,250000,1300.0,Mitsubishi,Lancer,,36,13.652992804936396
Karachi,2005,Petrol,Manual,1600000.0,169000,1300.0,Nissan,Sunny,EX Saloon 1.3,21,14.285514812209815
Karachi,2006,Petrol,Automatic,2400000.0,85000,1300.0,Honda,City,i-DSI Vario,20,14.690979711984754
Lahore,2006,Petrol,Manual,2100000.0,193000,1300.0,Honda,City,i-DSI,20,14.557448378884015
Lahore,2009,Petrol,Manual,2500000.0,156000,1300.0,Toyota,Corolla,GLi 1.3 VVTi,17,14.731801689838349
Karachi,2008,Petrol,Manual,1600000.0,150000,1300.0,Toyota,Corolla,XLi,18,14.285514812209815
Karachi,2015,Petrol,Manual,2075000.0,167000,1300.0,Suzuki,Swift,DLX 1.3,11,14.54547219357453
Lahore,1990,Petrol,Automatic,670000.0,200000,1300.0,Honda,Civic,,36,13.415034483903348
Islamabad,2011,Petrol,Manual,2050000.0,99173,1300.0,Suzuki,Swift,DLX 1.3,15,14.53335083891935
Karachi,2022,Petrol,Manual,3600000.0,11680,1300.0,Changan,Alsvin,1.3L MT Comfort,4,15.096444681204078
Lahore,2003,Petrol,Manual,1530000.0,109000,1300.0,Honda,City,i-DSI,23,14.240778946963175
Lahore,2014,Petrol,Manual,2500000.0,282000,1300.0,Toyota,Corolla,XLi VVTi,12,14.731801689838349
Islamabad,2001,Petrol,Manual,2350000.0,282000,1300.0,Toyota,Corolla,XE-G,25,14.669926311652166
Lahore,2005,Petrol,Manual,1825000.0,170000,1300.0,Honda,City,i-DSI,21,14.417091092943783
Islamabad,2006,Petrol,Manual,2350000.0,158738,1300.0,Honda,City,i-DSI,20,14.669926311652166
Karachi,1995,Petrol,Manual,475000.0,150,1300.0,Suzuki,Margalla,GL,31,13.07107218827772
Lahore,2006,Petrol,Manual,1550000.0,191000,1300.0,Honda,City,i-DSI,20,14.253766134056512
Lahore,2020,Petrol,Manual,4000000.0,47000,1300.0,Honda,City,1.3 i-VTEC,6,15.201805169084134
Lahore,2018,Petrol,Automatic,4215000.0,87000,1300.0,Toyota,Corolla,GLi Automatic 1.3 VVTi,8,15.254160386665989
Karachi,2021,Petrol,Automatic,4200000.0,80200,1300.0,Honda,City,5th (GM2) Generation 1.3 i-VTEC Prosmatec,5,15.250595321348806
Karachi,2016,Petrol,Manual,3500000.0,118000,1300.0,Toyota,Corolla,GLi 1.3 VVTi,10,15.068273812173887
Lahore,2019,Petrol,Automatic,4700000.0,126426,1300.0,Toyota,Corolla,GLi Automatic 1.3 VVTi,7,15.363073279446223
Karachi,2010,Petrol,Manual,2125000.0,165000,1300.0,Toyota,Corolla,XLi VVTi,16,14.56928283092878
Islamabad,1999,Petrol,Automatic,1800000.0,282000,1300.0,Toyota,Vitz,RS 1.3,27,14.403297778421795
Karachi,2018,Petrol,Automatic,2800000.0,82000,1300.0,Suzuki,Swift,DLX Automatic 1.3 Navigation,8,14.845130332288226
Karachi,2007,Petrol,Automatic,1875000.0,233362,1300.0,Toyota,Belta,G 1.3,19,14.444119750719839
Karachi,2010,Petrol,Automatic,2450000.0,196000,1300.0,Honda,City,5th (GM2) Generation 1.3 i-VTEC Prosmatec,16,14.711598990684092
Islamabad,2017,Petrol,Manual,4300000.0,108000,1300.0,Toyota,Corolla,GLi 1.3 VVTi,9,15.274125813221904
Islamabad,2014,Petrol,Manual,3450000.0,128000,1300.0,Toyota,Corolla,XLi VVTi,12,15.053885078862573
Lahore,2022,Petrol,Automatic,3050000.0,25000,1299.0,Proton,Saga,1.3L Ace A/T,4,14.930652476452392
Karachi,1984,Petrol,Manual,660000.0,15,1300.0,Toyota,Starlet,1.3,42,13.399996629152975
Karachi,2005,Petrol,Manual,610000.0,123000,1300.0,Suzuki,Baleno,JXR,21,13.321215875492413
Islamabad,2012,Petrol,Manual,2850000.0,100000,1300.0,Toyota,Corolla,GLi 1.3 VVTi,14,14.862829903121964
Lahore,2014,Petrol,Manual,2700000.0,169487,1300.0,Toyota,Corolla,XLi VVTi,12,14.80876270134486
Karachi,2003,Petrol,Manual,860000.0,140000,1300.0,Suzuki,Baleno,JXR,23,13.664688831019712
Islamabad,2007,Petrol,Manual,3090000.0,94000,1300.0,Toyota,Corolla,GLi 1.3,19,14.94368197249847
Lahore,2006,Petrol,Manual,1889999.9999999998,250000,1300.0,Honda,City,i-DSI,20,14.452087916136215
Karachi,2015,Petrol,Automatic,2225000.0,80000,1300.0,Suzuki,Swift,DLX Automatic 1.3,11,14.615267923020578
Lahore,2011,Petrol,Manual,2550000.0,130000,1300.0,Honda,City,5th (GM2) Generation 1.3 i-VTEC,15,14.751604309291395
Karachi,2021,Petrol,Manual,4500000.0,36500,1300.0,Honda,City,5th (GM2) Generation 1.3 i-VTEC,5,15.319588176962746
Karachi,2004,Petrol,Manual,1700000.0,150000,1300.0,Toyota,Corolla,9th (E120) Generation XLi,22,14.346139397261565
Lahore,2005,Petrol,Manual,1575000.0,185000,1300.0,Honda,City,i-DSI,21,14.269766465162304
Karachi,2004,Petrol,Manual,1550000.0,10000,1300.0,Honda,City,i-DSI,22,14.253766134056512
Islamabad,2007,Petrol,Automatic,2700000.0,202500,1300.0,Toyota,Vitz,F 1.3,19,14.80876270134486
Islamabad,1994,Petrol,Manual,655000.0,3993,1300.0,Suzuki,Margalla,GL,32,13.39239204133378
Karachi,1990,Petrol,Manual,400000.0,100000,1300.0,Nissan,Sunny,,36,12.899222326086994
Lahore,2016,Petrol,Manual,3350000.0,144000,1300.0,Toyota,Corolla,XLi VVTi,10,15.024471202308668
Karachi,2004,Petrol,Manual,1620000.0,108000,1300.0,Honda,City,i-DSI,22,14.297937324492327
Islamabad,2013,Petrol,Manual,3000000.0,180000,1300.0,Toyota,Corolla,GLi 1.3 VVTi,13,14.914123179965662
Karachi,2010,Petrol,Manual,1680000.0,105500,1300.0,Suzuki,Swift,DLX 1.3,16,14.33430494661736
Karachi,2019,Petrol,Manual,3350000.0,62000,1300.0,Honda,City,5th (GM2) Generation 1.3 i-VTEC,7,15.024471202308668
Karachi,2021,Petrol,Automatic,4300000.0,80000,1300.0,Toyota,Yaris,Sedan GLI CVT 1.3,5,15.274125813221904
Karachi,2016,Petrol,Automatic,3410000.0,95000,1300.0,Toyota,Corolla,GLi Automatic 1.3 VVTi,10,15.04222314251479
Karachi,2010,Petrol,Automatic,2430000.0,130000,1300.0,Honda,City,1.3 i-VTEC Prosmatec,16,14.70340222683928
Karachi,2005,Petrol,Manual,1650000.0,187830,1300.0,Honda,City,i-DSI,21,14.316286451937186
Lahore,2013,Petrol,Manual,2350000.0,175000,1300.0,Toyota,Corolla,XLi VVTi,13,14.669926311652166
Islamabad,2004,Petrol,Automatic,1680000.0,282000,1300.0,Honda,City,i-DSI Vario,22,14.33430494661736
Lahore,2015,Petrol,Manual,2400000.0,164000,1300.0,Suzuki,Swift,DLX 1.3,11,14.690979711984754
Karachi,2018,Petrol,Automatic,3500000.0,100000,1300.0,Honda,City,5th (GM2) Generation 1.3 i-VTEC Prosmatec,8,15.068273812173887
Islamabad,1993,Petrol,Manual,1250000.0,150000,1300.0,Toyota,Corolla,,33,14.038654909278163
Lahore,2003,Petrol,Manual,1150000.0,130581,1300.0,Suzuki,Baleno,JXR,23,13.955273369904273
Lahore,2011,Petrol,Manual,2200000.0,233000,1300.0,Toyota,Corolla,GLi 1.3 VVTi,15,14.603968372873895
Lahore,2022,Petrol,Automatic,4550000.0,82000,1300.0,Toyota,Yaris,Sedan ATIV CVT 1.3,4,15.330638010707329
Karachi,1995,Petrol,Manual,525000.0,50000,1300.0,Suzuki,Margalla,GL,31,13.171155446333852
Karachi,2006,Petrol,Manual,1900000.0,100000,1300.0,Toyota,Corolla,9th (E120) Generation GLi 1.3,20,14.45736497045232
Karachi,2015,Petrol,Automatic,2360000.0,54000,1300.0,Suzuki,Swift,DLX Automatic 1.3,11,14.674172600730516
Karachi,2017,Petrol,Manual,2300000.0,85000,1300.0,Suzuki,Swift,DLX 1.3 Navigation,9,14.648420115681892
Islamabad,2021,Petrol,Automatic,2900000.0,33000,1300.0,Proton,Saga,1.3L R3 A/T,5,14.88022163978423
Islamabad,2014,Petrol,Manual,2980000.0,207000,1300.0,Honda,City,5th (GM2) Generation 1.3 i-VTEC,12,14.907434194052001
Karachi,2025,Petrol,Automatic,5070000.0,1703,1300.0,Toyota,Yaris,Sedan GLI CVT 1.3,1,15.438851572806005
Karachi,2006,Petrol,Manual,1600000.0,125000,1300.0,Honda,City,i-DSI,20,14.285514812209815
Karachi,2021,Petrol,Automatic,4200000.0,60000,1300.0,Toyota,Yaris,Sedan GLI CVT 1.3,5,15.250595321348806
Lahore,2010,Petrol,Manual,2095000.0,124345,1300.0,Toyota,Corolla,XLi VVTi,16,14.55506458866523
Islamabad,2006,Petrol,Manual,2050000.0,260000,1300.0,Toyota,Corolla,9th (E120) Generation XLi,20,14.53335083891935
Lahore,2014,Petrol,Manual,1900000.0,110000,1300.0,Suzuki,Liana,RXi,12,14.45736497045232
Lahore,2005,Petrol,Manual,1770000.0,282000,1300.0,Honda,City,i-DSI,21,14.386490669521603
Karachi,2021,Petrol,Automatic,4350000.0,30000,1300.0,Toyota,Yaris,Sedan GLI CVT 1.3,5,15.285686632949897
Islamabad,2010,Petrol,Manual,2750000.0,185000,1300.0,Toyota,Corolla,GLi 1.3 VVTi,16,14.827111833279051
Lahore,1992,Petrol,Manual,484999.99999999994,11000,1300.0,Mitsubishi,Lancer,,34,13.091906231773164
Lahore,2014,Petrol,Manual,2990000.0,135000,1300.0,Honda,City,5th (GM2) Generation 1.3 i-VTEC,12,14.910784279814974
Lahore,2004,Petrol,Manual,1450000.0,282000,1300.0,Toyota,Corolla,GLi 1.3,22,14.187074804051692
Lahore,2017,Petrol,Manual,3575000.0,85000,1300.0,Honda,City,1.3 i-VTEC,9,15.089476013830486
Islamabad,2006,Petrol,Manual,2200000.0,100000,1300.0,Toyota,Corolla,9th (E120) Generation GLi 1.3,20,14.603968372873895
Islamabad,2005,Petrol,Manual,1449000.0,282000,1300.0,Mitsubishi,Lancer,GL,21,14.186384911433706
Karachi,2007,Petrol,Automatic,1240000.0,145000,1300.0,Nissan,AD,Van,19,14.030622744032508
Karachi,1995,Petrol,Manual,850000.0,180000,1300.0,Honda,Civic,5th Generation EL,31,13.652992804936396
Karachi,2021,Petrol,Automatic,4000000.0,90000,1300.0,Toyota,Yaris,Sedan ATIV CVT 1.3,5,15.201805169084134
Islamabad,2009,Petrol,Manual,2400000.0,173000,1300.0,Toyota,Corolla,XLi VVTi,17,14.690979711984754
Lahore,2006,Petrol,Automatic,1770000.0,120000,1300.0,Nissan,Sunny,EX Saloon Automatic 1.3,20,14.386490669521603
Islamabad,2011,Petrol,Manual,2390000.0,125000,1300.0,Honda,City,1.3 i-VTEC,15,14.686804342317648
Karachi,2018,Petrol,Manual,3850000.0,98000,1300.0,Toyota,Corolla,GLi 1.3 VVTi,8,15.163583966004193
Karachi,2019,Petrol,Automatic,3950000.0,85000,1300.0,Toyota,Corolla,GLi Automatic 1.3 VVTi,7,15.18922639004183
Islamabad,2016,Petrol,Manual,2990000.0,130000,1300.0,Honda,City,5th (GM2) Generation 1.3 i-VTEC,10,14.910784279814974
Lahore,2012,Petrol,Manual,2560000.0,138000,1300.0,Toyota,Corolla,XLi VVTi,14,14.75551820708067
Islamabad,2013,Petrol,Manual,3225000.0,97000,1300.0,Honda,City,5th (GM2) Generation 1.3 i-VTEC,13,14.986443818289482
Islamabad,2016,Petrol,Manual,3550000.0,55000,1300.0,Toyota,Corolla,XLi VVTi,10,15.0824584431417
Karachi,2007,Petrol,Automatic,2150000.0,91000,1300.0,Nissan,AD,Van,19,14.580978865220017
Lahore,1990,Petrol,Manual,860000.0,194200,1300.0,Mitsubishi,Lancer,,36,13.664688831019712
Lahore,2015,Petrol,Manual,2900000.0,117000,1300.0,Toyota,Corolla,XLi VVTi,11,14.88022163978423
Lahore,2012,Petrol,Manual,2550000.0,130780,1300.0,Toyota,Corolla,XLi VVTi Limited Edition,14,14.751604309291395
Islamabad,2007,Petrol,Manual,1250000.0,230000,1300.0,Suzuki,Liana,RXi,19,14.038654909278163
Karachi,2021,Petrol,Manual,4100000.0,19000,1300.0,Toyota,Yaris,Sedan ATIV MT 1.3,5,15.226497775576945
Islamabad,2018,Petrol,Manual,3629999.9999999995,93900,1300.0,Honda,City,5th (GM2) Generation 1.3 i-VTEC,8,15.104743481723089
Lahore,2006,Petrol,Manual,1175000.0,282000,1300.0,Suzuki,Liana,RXi,20,13.976779556623864
Karachi,2019,Petrol,Automatic,3775000.0,120000,1300.0,Honda,City,5th (GM2) Generation 1.3 i-VTEC Prosmatec,7,15.143911205565889
Islamabad,2022,Petrol,Automatic,4700000.0,28000,1300.0,Toyota,Yaris,Sedan GLI CVT 1.3,4,15.363073279446223
Islamabad,2018,Petrol,Automatic,3150000.0,79000,1300.0,Suzuki,Swift,DLX Automatic 1.3 Navigation,8,14.962913328262083
Karachi,2017,Petrol,Manual,2475000.0,89000,1300.0,Suzuki,Swift,DLX 1.3 Navigation,9,14.72175135802525
Islamabad,2006,Petrol,Manual,1780000.0,100000,1300.0,Toyota,Corolla,9th (E120) Generation XLi,20,14.392124484065864
Lahore,2021,Petrol,Automatic,4350000.0,80000,1300.0,Toyota,Yaris,Sedan ATIV CVT 1.3,5,15.285686632949897
Lahore,2011,Petrol,Manual,2270000.0,123400,1300.0,Toyota,Corolla,XLi VVTi,15,14.635290829986122
Islamabad,2016,Petrol,Automatic,4060000.0,120000,1300.0,Toyota,Corolla,GLi Automatic 1.3 VVTi,10,15.216693777883304
Lahore,2022,Petrol,Automatic,3100000.0,27500,1300.0,Proton,Saga,1.3L Ace A/T,4,14.946912992035967
Lahore,2013,Petrol,Manual,2795000.0,165000,1300.0,Honda,City,5th (GM2) Generation 1.3 i-VTEC,13,14.843343022353025
Islamabad,2015,Petrol,Automatic,3450000.0,134000,1300.0,Honda,City,5th (GM2) Generation 1.3 i-VTEC Prosmatec,11,15.053885078862573
Lahore,1997,Petrol,Manual,780000.0,200000,1300.0,Honda,City,EXi,29,13.567050480716235
Karachi,2013,Petrol,Automatic,3500000.0,88262,1300.0,Honda,Civic,,13,15.068273812173887
Islamabad,2018,Petrol,Manual,3679999.9999999995,73003,1300.0,Honda,City,5th (GM2) Generation 1.3 i-VTEC,8,15.118423581884207
Lahore,2016,Petrol,Manual,3100000.0,204000,1300.0,Toyota,Corolla,GLi 1.3 VVTi,10,14.946912992035967
Karachi,1993,Petrol,Manual,1300000.0,200000,1300.0,Toyota,Corolla,LX Limited 1.3,33,14.077875591662238
Islamabad,2005,Petrol,Manual,2300000.0,282000,1300.0,Honda,City,i-DSI,21,14.648420115681892
Islamabad,2010,Petrol,Manual,2100000.0,142500,1300.0,Suzuki,Swift,DLX 1.3,16,14.557448378884015
Karachi,2018,Petrol,Manual,3800000.0,97000,1300.0,Toyota,Corolla,GLi 1.3 VVTi,8,15.150511887854474
Lahore,2016,Petrol,Manual,3030000.0,162000,1300.0,Honda,City,5th (GM2) Generation 1.3 i-VTEC,10,14.9240735075185
Lahore,2017,Petrol,Manual,3250000.0,137000,1300.0,Honda,City,1.3 i-VTEC,9,14.99416586199818
Karachi,2010,Hybrid,Automatic,2349000.0,131200,1300.0,Honda,Insight,G,16,14.66950068935403
Lahore,2016,Petrol,Manual,3500000.0,75000,1300.0,Honda,City,5th (GM2) Generation Aspire 1.3 i-VTEC,10,15.068273812173887
Lahore,2021,Petrol,Automatic,4235000.0,39000,1300.0,Toyota,Yaris,Sedan ATIV CVT 1.3,5,15.258894122195773
Lahore,2018,Petrol,Manual,2800000.0,101183,1300.0,Suzuki,Swift,DLX 1.3 Navigation,8,14.845130332288226
Karachi,2011,Petrol,Manual,1680000.0,68000,1300.0,Suzuki,Swift,DX 1.3,15,14.33430494661736
Karachi,1993,Petrol,Manual,350000.0,100000,1300.0,Suzuki,Margalla,GL,33,12.765691290604371
Karachi,2011,Petrol,Manual,2850000.0,98000,1300.0,Toyota,Corolla,XLi VVTi,15,14.862829903121964
Lahore,2005,Petrol,Manual,1800000.0,200000,1300.0,Honda,City,i-DSI,21,14.403297778421795
Islamabad,2008,Petrol,Manual,2450000.0,222500,1300.0,Toyota,Corolla,XLi,18,14.711598990684092
Islamabad,2022,Petrol,Automatic,4525000.0,75000,1300.0,Toyota,Yaris,Sedan ATIV CVT 1.3,4,15.325128356110614
Islamabad,2012,Petrol,Manual,2095000.0,140000,1300.0,Suzuki,Swift,DLX 1.3,14,14.55506458866523
Islamabad,2010,Petrol,Manual,2450000.0,282000,1300.0,Toyota,Corolla,XLi VVTi,16,14.711598990684092
Lahore,1998,Petrol,Manual,950000.0,170000,1300.0,Toyota,Corolla,8th (E110) Generation GL,28,13.76421831620775
Lahore,1989,Petrol,Manual,450000.0,12345,1300.0,Toyota,Corolla,DX,37,13.017005083966255
Karachi,2009,Petrol,Manual,2100000.0,170000,1300.0,Toyota,Corolla,XLi VVTi,17,14.557448378884015
Islamabad,1994,Petrol,Manual,655000.0,3994,1300.0,Suzuki,Margalla,GL,32,13.39239204133378
Karachi,2013,Petrol,Manual,2100000.0,111869,1300.0,Suzuki,Swift,DLX 1.3,13,14.557448378884015
Islamabad,2009,Petrol,Manual,2450000.0,165000,1300.0,Toyota,Corolla,XLi VVTi,17,14.711598990684092
Lahore,1986,Petrol,Manual,1000000.0,136600,1300.0,Nissan,Sunny,,40,13.815511557963774
Lahore,2011,Petrol,Manual,1850000.0,136000,1300.0,Suzuki,Swift,DX 1.3,15,14.430696737594902
Islamabad,2012,Petrol,Automatic,3200000.0,86000,1300.0,Honda,City,Aspire Prosmatec 1.3 i-VTEC,14,14.978661680269907
Islamabad,2015,Petrol,Automatic,3435000.0,165000,1300.0,Honda,City,1.3 i-VTEC Prosmatec,11,15.04952777475936
Lahore,2018,Petrol,Manual,3650000.0,125000,1300.0,Honda,City,1.3 i-VTEC,8,15.11023799953124
Karachi,2017,Petrol,Manual,3450000.0,130000,1300.0,Toyota,Corolla,GLi 1.3 VVTi,9,15.053885078862573
Karachi,2015,Petrol,Automatic,3495000.0000000005,80000,1300.0,Toyota,Corolla,GLi Automatic 1.3 VVTi,11,15.06684421977304
Karachi,2015,Petrol,Automatic,3275000.0,93000,1300.0,Honda,City,Aspire Prosmatec 1.3 i-VTEC,11,15.001828732394953
Lahore,2006,Petrol,Manual,1050000.0,192000,1300.0,Suzuki,Liana,RXi,20,13.864301674514206
Lahore,2006,Petrol,Manual,1050000.0,192000,1300.0,Suzuki,Liana,,20,13.864301674514206
Karachi,2023,Petrol,Automatic,4480000.0,34000,1300.0,Toyota,Yaris,Sedan GLI CVT 1.3,3,15.315133827605429
Lahore,2010,Petrol,Manual,2250000.0,144000,1300.0,Toyota,Corolla,XLi VVTi,16,14.626441218624949
Karachi,2007,Petrol,Automatic,1350000.0,187000,1300.0,Nissan,AD,Van,19,14.115615891155079
Lahore,2015,Petrol,Manual,3130000.0,86000,1300.0,Honda,City,5th (GM2) Generation 1.3 i-VTEC,11,14.956543882005104
Karachi,2016,Petrol,Automatic,2400000.0,72000,1300.0,Suzuki,Swift,DLX Automatic 1.3,10,14.690979711984754
Karachi,2016,Petrol,Manual,3000000.0,41000,1300.0,Honda,City,Aspire 1.3 i-VTEC,10,14.914123179965662
Karachi,2018,Petrol,Manual,3350000.0,65000,1300.0,Honda,City,1.3 i-VTEC,8,15.024471202308668
Islamabad,2004,Petrol,Manual,1889999.9999999998,72000,1300.0,Toyota,Corolla,XLi,22,14.452087916136215
Lahore,2018,Petrol,Manual,3790000.0,79950,1300.0,Honda,City,5th (GM2) Generation 1.3 i-VTEC,8,15.147876840910817
Karachi,2016,Petrol,Automatic,3990000.0,58914,1300.0,Toyota,Corolla,GLi Automatic 1.3 VVTi,10,15.199302039492581
Karachi,2025,Petrol,Automatic,5015000.0,4700,1300.0,Toyota,Yaris,Sedan GLI CVT 1.3,1,15.427944178779947
Lahore,2007,Petrol,Manual,1175000.0,80000,1300.0,Suzuki,Liana,,19,13.976779556623864
Islamabad,2010,Petrol,Manual,2550000.0,1,1300.0,Toyota,Corolla,GLi 1.3 VVTi,16,14.751604309291395
Islamabad,2017,Petrol,Manual,4450000.0,52000,1300.0,Toyota,Corolla,GLi 1.3 VVTi,9,15.308414878861498
Lahore,2018,Petrol,Manual,4700000.0,68000,1300.0,Toyota,Corolla,GLi 1.3 VVTi,8,15.363073279446223
Islamabad,2012,Petrol,Manual,3190000.0,118510,1300.0,Toyota,Corolla,XLi VVTi,14,14.975531788240602
Lahore,2004,Petrol,Automatic,700000.0,50000,1300.0,KIA,Classic,,22,13.45883704259595
Lahore,1989,Petrol,Manual,1300000.0,280000,1300.0,Toyota,Corolla,,37,14.077875591662238
Karachi,2019,Petrol,Manual,2600000.0,15000,1300.0,Suzuki,Swift,DLX 1.3 Navigation,7,14.77102238760702
Islamabad,2015,Petrol,Manual,2150000.0,90685,1300.0,Suzuki,Swift,DX 1.3,11,14.580978865220017
Karachi,2008,Petrol,Manual,1150000.0,150000,1300.0,Suzuki,Liana,RXi,18,13.955273369904273
Islamabad,2014,Petrol,Manual,3100000.0,153000,1300.0,Toyota,Corolla,XLi VVTi,12,14.946912992035967
Islamabad,2014,Petrol,Manual,3000000.0,150000,1300.0,Toyota,Corolla,GLi 1.3 VVTi,12,14.914123179965662
Karachi,2005,Petrol,Automatic,1600000.0,80000,1300.0,Mitsubishi,Lancer,GLX Automatic 1.3,21,14.285514812209815
Karachi,2005,Petrol,Manual,875000.0,180000,1300.0,Suzuki,Baleno,JXR,21,13.681980308196241
Islamabad,2014,Petrol,Automatic,3500000.0,120000,1300.0,Honda,City,1.3 i-VTEC Prosmatec,12,15.068273812173887
Islamabad,2012,Petrol,Manual,2290000.0,111261,1300.0,Suzuki,Swift,DLX 1.3,14,14.64406281221155
Lahore,2015,Petrol,Manual,3279999.9999999995,198000,1300.0,Toyota,Corolla,XLi VVTi,11,15.003354285238329
Lahore,2006,Petrol,Manual,1225000.0,55000,1300.0,Suzuki,Liana,RXi,20,14.018452218287162
Lahore,2005,Petrol,Manual,1375000.0,145000,1300.0,Mitsubishi,Lancer,GL,21,14.13396501635527
Karachi,2015,Petrol,Manual,3190000.0,85000,1300.0,Toyota,Corolla,GLi 1.3 VVTi,11,14.975531788240602
Lahore,2016,Petrol,Manual,2550000.0,90000,1300.0,Suzuki,Swift,DLX 1.3,10,14.751604309291395
Lahore,1974,Petrol,Manual,350000.0,75000,1300.0,Toyota,Corolla,,52,12.765691290604371
Lahore,2014,Petrol,Automatic,3150000.0,125000,1300.0,Honda,City,5th (GM2) Generation 1.3 i-VTEC Prosmatec,12,14.962913328262083
Karachi,2021,Petrol,Automatic,3750000.0,100000,1300.0,Toyota,Vitz,,5,15.137266664613225
Karachi,2016,Petrol,Automatic,3550000.0,85000,1300.0,Toyota,Corolla,GLi Automatic 1.3 VVTi,10,15.0824584431417
Karachi,2019,Petrol,Manual,3900000.0,80000,1300.0,Honda,City,5th (GM2) Generation 1.3 i-VTEC,7,15.176487367510099
Lahore,2019,Petrol,Automatic,4050000.0,99000,1300.0,Honda,City,5th (GM2) Generation 1.3 i-VTEC Prosmatec,7,15.214227685996272
Lahore,2006,Petrol,Manual,2050000.0,240000,1300.0,Honda,City,i-DSI,20,14.53335083891935
Karachi,2006,Petrol,Automatic,2250000.0,88000,1300.0,Toyota,Vitz,F 1.3,20,14.626441218624949
Lahore,2017,Petrol,Manual,3429000.0,141000,1300.0,Honda,City,5th (GM2) Generation 1.3 i-VTEC,9,15.047779523075228
Islamabad,2018,Petrol,Manual,3250000.0,87000,1300.0,Honda,City,1.3 i-VTEC,8,14.99416586199818
Karachi,2016,Petrol,Manual,3350000.0,62000,1300.0,Honda,City,1.3 i-VTEC,10,15.024471202308668
Lahore,2011,Petrol,Manual,2500000.0,282000,1300.0,Toyota,Corolla,GLi 1.3 VVTi,15,14.731801689838349
Islamabad,2001,Petrol,Manual,1220000.0,12300,1300.0,Honda,City,EXi,25,14.014362236381235
Karachi,2018,Petrol,Automatic,4029999.9999999995,75500,1300.0,Toyota,Corolla,GLi Automatic 1.3 VVTi,8,15.209277182061793
Islamabad,2012,Petrol,Manual,1850000.0,187000,1300.0,Suzuki,Swift,DLX 1.3,14,14.430696737594902
Islamabad,2001,Petrol,Manual,950000.0,160000,1300.0,Suzuki,Baleno,GLi P,25,13.76421831620775
Lahore,2024,Petrol,Automatic,4895000.0,33000,1300.0,Toyota,Yaris,Sedan GLI CVT 1.3,2,15.40372503823682
Karachi,2003,Petrol,Manual,900000.0,3000,1300.0,Honda,City,EXi,23,13.710151153416941
Lahore,2015,Petrol,Manual,3250000.0,268036,1300.0,Toyota,Corolla,XLi VVTi,11,14.99416586199818
Karachi,2010,Petrol,Automatic,2450000.0,137000,1300.0,Honda,City,5th (GM2) Generation i-VTEC,16,14.711598990684092
Islamabad,2006,Petrol,Manual,1850000.0,120000,1300.0,Toyota,Corolla,9th (E120) Generation XLi,20,14.430696737594902
Lahore,2005,Petrol,Manual,1590000.0,282000,1300.0,Honda,City,i-DSI,21,14.279245203127035
Islamabad,2014,Petrol,Manual,3890000.0,72000,1300.0,Toyota,Corolla,XLi VVTi,12,15.173919972664004
Karachi,2016,Petrol,Automatic,3290000.0,97000,1300.0,Honda,City,1.3 i-VTEC Prosmatec,10,15.006398426692876
Lahore,2019,Petrol,Manual,1495000.0,160000,1300.0,FAW,V2,VCT-i,7,14.217637433703022
Lahore,2010,Hybrid,Automatic,2650000.0,230000,1300.0,Honda,Civic,Reborn MXB (Hybrid),16,14.790070575320824
Karachi,1998,Petrol,Manual,710000.0,282000,1300.0,Honda,City,EXi,28,13.47302165746721
Karachi,2011,Petrol,Manual,1700000.0,109000,1300.0,Suzuki,Swift,DX 1.3,15,14.346139397261565
Karachi,2005,Petrol,Automatic,1950000.0,160000,1300.0,Honda,City,i-DSI Vario,21,14.48334044336031
Islamabad,2011,Petrol,Manual,2625000.0,250000,1300.0,Toyota,Corolla,XLi VVTi,15,14.78059183496017
Karachi,1991,Petrol,Manual,400000.0,90000,1300.0,Suzuki,Margalla,,35,12.899222326086994
Lahore,2013,Petrol,Manual,2500000.0,225000,1300.0,Honda,City,1.3 i-VTEC,13,14.731801689838349
Karachi,1997,Petrol,Manual,630000.0,100000,1300.0,Honda,City,EXi,29,13.353476685668044
Islamabad,2015,Petrol,Manual,2485000.0,171000,1300.0,Suzuki,Swift,DLX 1.3,11,14.725783619927272
Lahore,2007,Petrol,Manual,1875000.0,250000,1300.0,Honda,City,i-DSI,19,14.444119750719839
Lahore,2016,Petrol,Manual,3350000.0,92000,1300.0,Honda,City,1.3 i-VTEC,10,15.024471202308668
Lahore,2020,Petrol,Manual,4200000.0,129000,1300.0,Honda,City,5th (GM2) Generation 1.3 i-VTEC,6,15.250595321348806
Islamabad,2016,Petrol,Manual,3525000.0,144000,1300.0,Toyota,Corolla,XLi VVTi,10,15.07539127791641
Lahore,2020,Petrol,Manual,3900000.0,85000,1300.0,Honda,City,1.3 i-VTEC,6,15.176487367510099
Karachi,2014,Petrol,Manual,2900000.0,146000,1300.0,Toyota,Corolla,GLi 1.3 VVTi,12,14.88022163978423
Islamabad,2010,Petrol,Manual,2600000.0,180000,1300.0,Honda,City,5th (GM2) Generation i-VTEC,16,14.77102238760702
Lahore,2017,Petrol,Automatic,3600000.0,136000,1300.0,Honda,City,5th (GM2) Generation 1.3 i-VTEC Prosmatec,9,15.096444681204078
Lahore,2006,Petrol,Manual,1789999.9999999998,20000,1300.0,Honda,City,i-DSI,20,14.397726736475999
Islamabad,2015,Petrol,Manual,3125000.0,117000,1300.0,Honda,City,1.3 i-VTEC,11,14.954945161152589
Lahore,2018,Petrol,Manual,3200000.0,135000,1300.0,Honda,City,5th (GM2) Generation 1.3 i-VTEC,8,14.978661680269907
Lahore,2021,Petrol,Automatic,4250000.0,70000,1300.0,Honda,City,5th (GM2) Generation 1.3 i-VTEC Prosmatec,5,15.26242977619469
Islamabad,2009,Petrol,Manual,2400000.0,200000,1300.0,Honda,City,i-VTEC,17,14.690979711984754
Islamabad,2011,Petrol,Manual,2350000.0,209732,1300.0,Toyota,Corolla,GLi 1.3 VVTi,15,14.669926311652166
Islamabad,2010,Petrol,Automatic,2750000.0,140000,1300.0,Honda,City,1.3 i-VTEC Prosmatec,16,14.827111833279051
Karachi,2000,Petrol,Manual,645000.0,260000,1300.0,Honda,City,EXi,26,13.377007146164305
Islamabad,2005,Petrol,Automatic,1775000.0,282000,1300.0,Mitsubishi,Lancer,GLX Automatic 1.3,21,14.389311544271775
Karachi,2015,Petrol,Manual,3500000.0,70000,1300.0,Toyota,Corolla,GLi 1.3 VVTi,11,15.068273812173887
Lahore,2000,Petrol,Manual,1150000.0,121212,1300.0,Honda,City,EXi,26,13.955273369904273
Lahore,2020,Petrol,Manual,3725000.0,99000,1300.0,Honda,City,5th (GM2) Generation 1.3 i-VTEC,6,15.130577678252136
Islamabad,2015,Petrol,Manual,3220000.0000000005,140000,1300.0,Honda,City,5th (GM2) Generation 1.3 i-VTEC,11,14.984892228079548
Karachi,2021,Petrol,Manual,1750000.0,100000,1300.0,FAW,V2,VCT-i,5,14.375126917328105
Karachi,2016,Petrol,Manual,4800000.0,65000,1300.0,Toyota,Corolla,,10,15.38412668421143
Lahore,2017,Petrol,Manual,3250000.0,96000,1300.0,Toyota,Corolla,XLi VVTi,9,14.99416586199818
Islamabad,2012,Petrol,Manual,2930000.0,193000,1300.0,Toyota,Corolla,GLi 1.3 VVTi,14,14.89051332229012
Lahore,1994,Petrol,Automatic,760000.0,8000,1300.0,Honda,Civic,5th Generation,32,13.541075028051122
Karachi,2011,Petrol,Manual,2650000.0,75500,1300.0,Toyota,Corolla,XLi VVTi,15,14.790070575320824
Islamabad,2019,Petrol,Manual,4350000.0,73000,1300.0,Toyota,Corolla,XLi VVTi,7,15.285686632949897
Islamabad,2010,Hybrid,Automatic,2650000.0,282000,1300.0,Honda,Insight,G,16,14.790070575320824
Islamabad,2008,Petrol,Manual,2500000.0,171000,1300.0,Honda,City,i-DSI,18,14.731801689838349
Karachi,2009,Petrol,Manual,2100000.0,160000,1300.0,Toyota,Corolla,GLi 1.3 VVTi,17,14.557448378884015
Lahore,2003,Petrol,Manual,1150000.0,1234,1300.0,Suzuki,Baleno,JXR,23,13.955273369904273
Islamabad,2011,Petrol,Manual,2750000.0,141000,1300.0,Honda,City,1.3 i-VTEC,15,14.827111833279051
Islamabad,2007,Petrol,Automatic,2000000.0,228000,1300.0,Toyota,Corolla,9th (E120) Generation XLi,19,14.508658238524095
Karachi,2018,Petrol,Automatic,4400000.0,31000,1300.0,Toyota,Corolla,GLi Automatic 1.3 VVTi,8,15.29711532616119
Islamabad,2008,Petrol,Manual,2250000.0,60,1300.0,Honda,City,i-DSI,18,14.626441218624949
Islamabad,2014,Petrol,Manual,3450000.0,157000,1300.0,Toyota,Corolla,GLi Limited Edition 1.3 VVTi,12,15.053885078862573
Lahore,2015,Petrol,Manual,2775000.0,100000,1300.0,Honda,City,5th (GM2) Generation 1.3 i-VTEC,11,14.836161665522967
Lahore,2014,Petrol,Manual,2625000.0,160000,1300.0,Toyota,Corolla,XLi VVTi,12,14.78059183496017
Lahore,2015,Petrol,Manual,2300000.0,130000,1300.0,Suzuki,Swift,DLX 1.3,11,14.648420115681892
Islamabad,2020,Petrol,Manual,3650000.0,81450,1300.0,Honda,City,1.3 i-VTEC,6,15.11023799953124
Lahore,2008,Petrol,Manual,2350000.0,250000,1300.0,Honda,City,i-DSI,18,14.669926311652166
Karachi,1989,Petrol,Manual,409999.99999999994,282000,1300.0,Honda,Civic,,37,12.923914877701906
Karachi,2009,Petrol,Automatic,2430000.0,127800,1300.0,Honda,City,5th (GM2) Generation 1.3 i-VTEC,17,14.70340222683928
Lahore,1993,Petrol,Manual,470000.0,96528,1300.0,Daewoo,Cielo,,33,13.060490101343552
Lahore,2019,Petrol,Automatic,4140000.0,67500,1300.0,Honda,City,1.3 i-VTEC Prosmatec,7,15.236206587347361
Lahore,1982,Petrol,Manual,960000.0,158,1300.0,Toyota,Corolla,GL Saloon,44,13.774689605110144
Karachi,1998,Petrol,Manual,690000.0,200000,1300.0,Suzuki,Margalla,GL Plus,28,13.444448325847754
Lahore,2006,Hybrid,Automatic,2700000.0,207000,1300.0,Honda,Civic,Reborn MXB (Hybrid),20,14.80876270134486
Lahore,2014,Petrol,Manual,2650000.0,149000,1300.0,Toyota,Corolla,XLi VVTi Limited Edition,12,14.790070575320824
Islamabad,2012,Hybrid,Automatic,3495000.0000000005,175000,1300.0,Honda,Insight,,14,15.06684421977304
Lahore,2017,Petrol,Manual,3350000.0,83000,1300.0,Honda,City,1.3 i-VTEC,9,15.024471202308668
Lahore,2009,Petrol,Manual,2350000.0,125000,1300.0,Toyota,Corolla,GLi 1.3 VVTi,17,14.669926311652166
Karachi,2008,Petrol,Automatic,2500000.0,115000,1300.0,Honda,City,i-DSI Vario,18,14.731801689838349
Karachi,2005,Petrol,Manual,1620000.0,105000,1300.0,Honda,City,i-DSI,21,14.297937324492327
Islamabad,2013,Petrol,Manual,2300000.0,107000,1300.0,Suzuki,Swift,DLX 1.3,13,14.648420115681892
Karachi,2016,Petrol,Manual,2230000.0,79000,1300.0,Suzuki,Swift,DLX 1.3,10,14.617512591866694
Lahore,2014,Petrol,Manual,3250000.0,54000,1300.0,Toyota,Corolla,GLi 1.3 VVTi,12,14.99416586199818
Karachi,2008,Petrol,Manual,1925000.0,190000,1300.0,Toyota,Corolla,9th (E120) Generation XLi,18,14.470437045184406
Islamabad,2008,Petrol,Manual,2350000.0,150000,1300.0,Toyota,Corolla,XLi,18,14.669926311652166
Karachi,2019,Petrol,Automatic,3900000.0,80000,1300.0,Honda,City,5th (GM2) Generation 1.3 i-VTEC Prosmatec,7,15.176487367510099
Karachi,2005,Petrol,Manual,860000.0,110000,1300.0,Suzuki,Baleno,JXR,21,13.664688831019712
Karachi,2014,Petrol,Manual,2650000.0,178000,1300.0,Toyota,Corolla,XLi VVTi,12,14.790070575320824
Karachi,2019,Petrol,Manual,3050000.0,36500,1300.0,Suzuki,Swift,DLX 1.3 Navigation,7,14.930652476452392
Karachi,2011,Petrol,Manual,2550000.0,111000,1300.0,Toyota,Corolla,XLi VVTi,15,14.751604309291395
Karachi,2006,Petrol,Automatic,1600000.0,93600,1300.0,Toyota,Vitz,,20,14.285514812209815
Karachi,2016,Petrol,Automatic,3450000.0,148000,1300.0,Toyota,Corolla,GLi Automatic 1.3 VVTi,10,15.053885078862573
Lahore,2003,Petrol,Manual,1470000.0,200000,1300.0,Honda,City,i-DSI,23,14.200773639026796
Karachi,2015,Petrol,Manual,2125000.0,73000,1300.0,Suzuki,Swift,DLX 1.3,11,14.56928283092878
Lahore,1986,Petrol,Manual,500000.0,100000,1300.0,Toyota,86,,40,13.122365377402328
Karachi,2017,Petrol,Automatic,2500000.0,87000,1300.0,Suzuki,Swift,DLX Automatic 1.3 Navigation,9,14.731801689838349
Karachi,1987,Petrol,Manual,550000.0,150000,1300.0,Toyota,Corolla,,39,13.217675375388819
Karachi,2003,Petrol,Manual,2050000.0,80000,1300.0,Suzuki,Jimny,JLDX,23,14.53335083891935
Karachi,2007,Petrol,Manual,1085000.0,85000,1300.0,Suzuki,Liana,RXi,19,13.897091466615258
Karachi,2003,Petrol,Automatic,1150000.0,80000,1300.0,Toyota,Duet,S,23,13.955273369904273
Lahore,2021,Petrol,Automatic,4250000.0,16000,1300.0,Honda,City,1.3 i-VTEC Prosmatec,5,15.26242977619469
Karachi,1987,Petrol,Manual,229999.99999999997,222200,1300.0,Honda,Civic,,39,12.345838935721968
Karachi,2015,Petrol,Automatic,3550000.0,59100,1300.0,Toyota,Corolla,GLi Automatic 1.3 VVTi,11,15.0824584431417
Karachi,1995,Petrol,Manual,580000.0,282000,1300.0,Suzuki,Margalla,GL,31,13.270785106659046
Islamabad,2013,Petrol,Manual,3250000.0,145000,1300.0,Toyota,Corolla,XLi VVTi,13,14.99416586199818
Karachi,2015,Petrol,Automatic,3300000.0,105000,1300.0,Toyota,Corolla,GLi Automatic 1.3 VVTi,11,15.009433329466965
Islamabad,2006,Petrol,Manual,1700000.0,235000,1300.0,Toyota,Corolla,,20,14.346139397261565
Karachi,2009,Petrol,Manual,2180000.0,282000,1300.0,Toyota,Corolla,GLi 1.3 VVTi,17,14.594835893480763
Islamabad,2013,Petrol,Manual,2780000.0,149000,1300.0,Honda,City,1.3 i-VTEC,13,14.837961845378985
Karachi,2019,Petrol,Automatic,4400000.0,51000,1300.0,Toyota,Corolla,GLi Automatic 1.3 VVTi,7,15.29711532616119
Lahore,1993,Petrol,Manual,495000.0,152000,1300.0,Daewoo,Cielo,,33,13.112315061750808
Islamabad,2020,Petrol,Manual,4300000.0,24000,1300.0,Honda,City,5th (GM2) Generation Aspire 1.3 i-VTEC,6,15.274125813221904
Lahore,2006,Petrol,Manual,1950000.0,200000,1300.0,Toyota,Corolla,XLi,20,14.48334044336031
Islamabad,1995,Petrol,Manual,1450000.0,282000,1300.0,Toyota,Corolla,8th (E110) Generation GL,31,14.187074804051692
Lahore,2005,Petrol,Manual,1650000.0,177000,1300.0,Honda,City,i-DSI,21,14.316286451937186
Islamabad,2014,Petrol,Manual,3270000.0000000005,170000,1300.0,Toyota,Corolla,GLi 1.3 VVTi,12,15.000300848683787
Karachi,2000,Petrol,Manual,850000.0,10000,1300.0,Honda,City,EXi,26,13.652992804936396
Lahore,2007,Petrol,Manual,1950000.0,15000,1300.0,Honda,City,i-DSI,19,14.48334044336031
Karachi,2008,Petrol,Manual,1850000.0,282000,1300.0,Honda,City,i-DSI,18,14.430696737594902
Islamabad,2013,Petrol,Manual,3000000.0,149000,1300.0,Honda,City,Aspire 1.3 i-VTEC,13,14.914123179965662
Islamabad,2012,Petrol,Manual,2580000.0,208000,1300.0,Toyota,Corolla,XLi VVTi,14,14.763300344494624
Lahore,2016,Petrol,Automatic,3750000.0,123000,1300.0,Honda,City,Aspire Prosmatec 1.3 i-VTEC,10,15.137266664613225
Lahore,2000,Petrol,Manual,1100000.0,282000,1300.0,Suzuki,Baleno,GL,26,13.910821646859095
Islamabad,2002,Petrol,Manual,1150000.0,200000,1300.0,Suzuki,Baleno,GLi P,24,13.955273369904273
Karachi,2003,Petrol,Manual,1395000.0,150000,1300.0,Honda,City,EXi,23,14.148405690083225
Islamabad,2007,Petrol,Manual,2000000.0,100000,1300.0,Toyota,Corolla,9th (E120) Generation XLi,19,14.508658238524095
Lahore,2017,Petrol,Manual,2530000.0,49000,1300.0,Suzuki,Swift,DLX 1.3 Navigation,9,14.743730255960541
Islamabad,2009,Petrol,Manual,2275000.0,220000,1300.0,Toyota,Corolla,GLi 1.3 VVTi,17,14.637491049927531
Islamabad,2014,Petrol,Manual,3600000.0,100000,1300.0,Toyota,Corolla,GLi 1.3 VVTi,12,15.096444681204078
Lahore,2023,Petrol,Automatic,5175000.0,36000,1300.0,Toyota,Yaris,Sedan ATIV CVT 1.3,3,15.459350090352403
Islamabad,2000,CNG,Manual,850000.0,1500,1300.0,KIA,Classic,LX,26,13.652992804936396
Karachi,2013,Petrol,Manual,1975000.0,83000,1300.0,Suzuki,Swift,DLX 1.3,13,14.496079462646344
Islamabad,2013,Petrol,Manual,3100000.0,1000,1300.0,Honda,City,5th (GM2) Generation 1.3 i-VTEC,13,14.946912992035967
Karachi,1997,Petrol,Manual,570000.0,35000,1300.0,Suzuki,Margalla,,29,13.25339339419516
Karachi,2020,Petrol,Automatic,3000000.0,80000,1300.0,Suzuki,Swift,DLX Automatic 1.3 Navigation,6,14.914123179965662
Islamabad,2006,Petrol,Manual,1050000.0,150000,1300.0,Mitsubishi,Lancer,GLX 1.3,20,13.864301674514206
Lahore,2012,Petrol,Manual,1950000.0,273000,1300.0,Suzuki,Swift,DLX 1.3,14,14.48334044336031
Karachi,1998,Petrol,Manual,1475000.0,80000,1300.0,Mitsubishi,Lancer,,28,14.204169225721929
Islamabad,2018,Petrol,Manual,1425000.0,95000,1300.0,FAW,V2,VCT-i,8,14.169683073439028
Islamabad,2001,Petrol,Manual,1220000.0,15,1300.0,Honda,City,EXi,25,14.014362236381235
Islamabad,2012,Petrol,Manual,2950000.0,183000,1300.0,Toyota,Corolla,GLi 1.3 VVTi,14,14.897316067298997
Karachi,2004,Petrol,Manual,1600000.0,100000,1300.0,Honda,City,i-DSI,22,14.285514812209815
Karachi,2025,Petrol,Automatic,5050000.0,40,1300.0,Toyota,Yaris,Sedan GLI CVT 1.3,1,15.434898999271326
Karachi,1991,Petrol,Manual,425000.0,100000,1300.0,Honda,Civic,,35,12.959846800844963
Islamabad,2011,Petrol,Manual,2650000.0,234374,1300.0,Toyota,Corolla,GLi 1.3 VVTi,15,14.790070575320824
Karachi,2016,Petrol,Manual,3100000.0,84500,1300.0,Toyota,Corolla,GLi 1.3 VVTi,10,14.946912992035967
Lahore,2018,Petrol,Manual,3600000.0,81000,1300.0,Honda,City,5th (GM2) Generation 1.3 i-VTEC,8,15.096444681204078
Karachi,2019,Petrol,Automatic,4200000.0,113000,1300.0,Toyota,Corolla,GLi Automatic 1.3 VVTi,7,15.250595321348806
Lahore,2021,Petrol,Automatic,4250000.0,57000,1300.0,Honda,City,5th (GM2) Generation 1.3 i-VTEC Prosmatec,5,15.26242977619469
Lahore,2005,Petrol,Manual,1575000.0,220000,1300.0,Nissan,Sunny,EX Saloon 1.3,21,14.269766465162304
Lahore,2018,Petrol,Manual,3570000.0000000005,101000,1300.0,Honda,City,5th (GM2) Generation 1.3 i-VTEC,8,15.088076433867828
Karachi,2020,Petrol,Automatic,4250000.0,55000,1300.0,Toyota,Corolla,XLi Automatic,6,15.26242977619469
Lahore,2022,Petrol,Automatic,4300000.0,59000,1300.0,Toyota,Yaris,Sedan ATIV CVT 1.3,4,15.274125813221904
Lahore,2010,Petrol,Manual,2650000.0,190000,1300.0,Toyota,Corolla,GLi 1.3 VVTi,16,14.790070575320824
Karachi,2010,Petrol,Manual,1680000.0,163000,1300.0,Suzuki,Swift,DLX 1.3,16,14.33430494661736
Islamabad,2024,Petrol,Automatic,5250000.0,550,1300.0,Toyota,Yaris,Sedan ATIV CVT 1.3,2,15.473738825043979
Karachi,2005,Petrol,Manual,925000.0,100000,1300.0,Suzuki,Baleno,JXR,21,13.73755009757506
Karachi,2006,Petrol,Automatic,1789999.9999999998,199000,1300.0,Toyota,Belta,G 1.3,20,14.397726736475999
Lahore,2017,Petrol,Automatic,3850000.0,79300,1300.0,Honda,City,5th (GM2) Generation Aspire Prosmatec 1.3 i-VTEC,9,15.163583966004193
Islamabad,2009,Petrol,Manual,2500000.0,162000,1300.0,Toyota,Corolla,XLi VVTi,17,14.731801689838349
Lahore,2005,Petrol,Automatic,1770000.0,70000,1300.0,Honda,City,i-DSI Vario,21,14.386490669521603
Karachi,1990,Petrol,Manual,480000.0,10000,1300.0,Suzuki,Margalla,,36,13.081543466215237
Islamabad,2004,Petrol,Manual,2000000.0,215000,1300.0,Toyota,Corolla,9th (E120) Generation XLi,22,14.508658238524095
Lahore,2016,Petrol,Manual,2515000.0,129000,1300.0,Suzuki,Swift,DLX 1.3,10,14.737783759130211
Lahore,2005,Petrol,Manual,2200000.0,282000,1300.0,Honda,City,i-DSI,21,14.603968372873895
Lahore,2017,Petrol,Manual,4000000.0,112000,1300.0,Toyota,Corolla,GLi 1.3 VVTi,9,15.201805169084134
Lahore,2020,Petrol,Manual,4470000.0,117000,1300.0,Toyota,Corolla,GLi 1.3 VVTi Special Edition,6,15.312899190303373
Islamabad,1998,Petrol,Manual,2300000.0,10000,1300.0,Toyota,Corolla,8th (E110) Generation XE,28,14.648420115681892
Islamabad,2007,Petrol,Automatic,2150000.0,282000,1300.0,Toyota,Vitz,,19,14.580978865220017
Karachi,2012,Petrol,Manual,2000000.0,121850,1300.0,Suzuki,Swift,DLX 1.3,14,14.508658238524095
Karachi,2016,Petrol,Manual,3000000.0,123000,1300.0,Honda,City,1.3 i-VTEC,10,14.914123179965662
Islamabad,2009,Petrol,Manual,2300000.0,214600,1300.0,Honda,City,1.3 i-VTEC,17,14.648420115681892
Islamabad,2009,Petrol,Manual,3300000.0,137000,1300.0,Toyota,Corolla,GLi 1.3 VVTi,17,15.009433329466965
Karachi,2010,Petrol,Manual,1550000.0,100000,1300.0,Suzuki,Swift,DLX 1.3,16,14.253766134056512
Lahore,2011,Petrol,Manual,2200000.0,165000,1300.0,Suzuki,Swift,DLX 1.3,15,14.603968372873895
Karachi,1995,Petrol,Manual,425000.0,150000,1300.0,Suzuki,Margalla,GL,31,12.959846800844963
Islamabad,2011,Petrol,Manual,2850000.0,70000,1300.0,Honda,City,5th (GM2) Generation 1.3 i-VTEC,15,14.862829903121964
Karachi,2020,Petrol,Manual,3850000.0,28000,1300.0,Honda,City,1.3 i-VTEC,6,15.163583966004193
Karachi,2005,Petrol,Manual,1250000.0,160000,1300.0,Suzuki,Baleno,JXR,21,14.038654909278163
Lahore,2014,Petrol,Manual,3200000.0,81000,1300.0,Honda,City,1.3 i-VTEC,12,14.978661680269907
Lahore,2016,Petrol,Manual,3400000.0,88000,1300.0,Honda,City,5th (GM2) Generation 1.3 i-VTEC,10,15.039286283703994
Islamabad,2008,Petrol,Manual,2600000.0,195000,1300.0,Toyota,Corolla,,18,14.77102238760702
Islamabad,2001,Petrol,Manual,1050000.0,196000,1300.0,Suzuki,Baleno,,25,13.864301674514206
Karachi,2006,Petrol,Automatic,2050000.0,10000,1300.0,Honda,City,i-DSI,20,14.53335083891935
Islamabad,2014,Petrol,Manual,3150000.0,100000,1300.0,Honda,City,5th (GM2) Generation 1.3 i-VTEC,12,14.962913328262083
Islamabad,2005,Petrol,Manual,1150000.0,282000,1300.0,Suzuki,Baleno,JXL,21,13.955273369904273
Karachi,2013,Petrol,Manual,2400000.0,124000,1300.0,Toyota,Corolla,XLi VVTi,13,14.690979711984754
Lahore,2011,Petrol,Manual,2800000.0,120000,1300.0,Honda,City,5th (GM2) Generation 1.3 i-VTEC,15,14.845130332288226
Karachi,2021,Petrol,Manual,3900000.0,80000,1300.0,Toyota,Yaris,Sedan ATIV MT 1.3,5,15.176487367510099
Karachi,1988,Petrol,Manual,1200000.0,80000,1300.0,Honda,City,,38,13.997832948091215
Islamabad,2011,Petrol,Manual,3250000.0,105000,1300.0,Toyota,Corolla,GLi 1.3 VVTi,15,14.99416586199818
Islamabad,2006,Petrol,Manual,1800000.0,155000,1300.0,Honda,City,i-DSI,20,14.403297778421795
Lahore,2019,Petrol,Automatic,3975000.0,70000,1300.0,Honda,City,1.3 i-VTEC Prosmatec,7,15.195535557642865
Lahore,2006,Petrol,Automatic,1630000.0,100000,1300.0,Nissan,AD,Van,20,14.30409118627969
Karachi,2007,Petrol,Manual,1700000.0,100000,1300.0,Toyota,Corolla,9th (E120) Generation XLi,19,14.346139397261565
Islamabad,2016,Petrol,Automatic,2400000.0,158000,1300.0,Suzuki,Swift,DLX Automatic 1.3,10,14.690979711984754
Islamabad,2011,Petrol,Manual,2450000.0,150000,1300.0,Honda,City,1.3 i-VTEC,15,14.711598990684092
Islamabad,2018,Petrol,Manual,3250000.0,39000,1300.0,Suzuki,Swift,DLX 1.3 Navigation,8,14.99416586199818
Islamabad,2004,Petrol,Automatic,2400000.0,200000,1300.0,Toyota,Vitz,RS 1.3,22,14.690979711984754
Lahore,2005,Petrol,Automatic,1800000.0,145000,1300.0,Honda,City,i-DSI Vario,21,14.403297778421795
Islamabad,2014,Petrol,Manual,2300000.0,200000,1300.0,Suzuki,Swift,DLX 1.3,12,14.648420115681892
Lahore,2010,Petrol,Manual,2550000.0,190000,1300.0,Toyota,Corolla,XLi VVTi,16,14.751604309291395
Lahore,2010,Petrol,Manual,2475000.0,87565,1300.0,Toyota,Corolla,GLi 1.3 VVTi,16,14.72175135802525
Lahore,1994,Petrol,Automatic,760000.0,9000,1300.0,Honda,Civic,EL,32,13.541075028051122
Lahore,2021,Petrol,Automatic,4150000.0,67000,1300.0,Honda,City,5th (GM2) Generation 1.3 i-VTEC Prosmatec,5,15.238619133170708
Karachi,2007,Petrol,Manual,2050000.0,80425,1300.0,Honda,City,i-DSI,19,14.53335083891935
Lahore,1998,Petrol,Manual,599000.0,282000,1300.0,Honda,City,EXi,28,13.303018546545275
Karachi,2022,Petrol,Automatic,4650000.0,57000,1300.0,Toyota,Yaris,Sedan ATIV CVT 1.3,4,15.35237799261728
Lahore,2011,Petrol,Manual,2550000.0,212000,1300.0,Honda,City,5th (GM2) Generation 1.3 i-VTEC,15,14.751604309291395
Lahore,2007,Petrol,Automatic,2150000.0,200000,1300.0,Honda,City,i-DSI Vario,19,14.580978865220017
Lahore,2001,Petrol,Manual,1100000.0,100000,1300.0,Honda,City,EXi,25,13.910821646859095
Islamabad,2015,Petrol,Manual,2950000.0,33450,1300.0,Toyota,Corolla,XLi VVTi,11,14.897316067298997
Islamabad,2012,Petrol,Manual,3550000.0,136000,1300.0,Toyota,Corolla,GLi 1.3 VVTi,14,15.0824584431417
Lahore,2017,Petrol,Manual,3090000.0,150000,1300.0,Toyota,Corolla,XLi VVTi,9,14.94368197249847
Lahore,2007,Petrol,Manual,1725000.0,160000,1300.0,Honda,City,i-DSI,19,14.360738188157574
Islamabad,2019,Petrol,Automatic,4250000.0,51000,1300.0,Honda,City,5th (GM2) Generation 1.3 i-VTEC Prosmatec,7,15.26242977619469
Lahore,2014,Petrol,Manual,2850000.0,124000,1300.0,Honda,City,1.3 i-VTEC,12,14.862829903121964
Islamabad,2012,Petrol,Manual,2580000.0,175000,1300.0,Toyota,Corolla,XLi VVTi,14,14.763300344494624
Karachi,1998,Petrol,Manual,750000.0,280000,1300.0,Honda,City,EXi,28,13.527829818844937
Lahore,2014,Petrol,Manual,2975000.0,92000,1300.0,Honda,City,5th (GM2) Generation 1.3 i-VTEC,12,14.905754933096265
Karachi,1997,Petrol,Manual,1050000.0,11000,1300.0,Toyota,Corolla,8th (E110) Generation GL,29,13.864301674514206
Islamabad,2008,Petrol,Manual,2250000.0,195000,1300.0,Toyota,Corolla,9th (E120) Generation XLi,18,14.626441218624949
Karachi,2011,Petrol,Manual,2410000.0,150000,1300.0,Toyota,Corolla,GLi 1.3 VVTi,15,14.69513772040451
Lahore,2014,Petrol,Manual,2980000.0,122000,1300.0,Honda,City,1.3 i-VTEC,12,14.907434194052001
Lahore,2025,Petrol,Automatic,4932000.0,90,1300.0,Toyota,Yaris,Sedan GLI CVT 1.3,1,15.411255346023854
Islamabad,2008,Petrol,Manual,2200000.0,282000,1300.0,Toyota,Corolla,9th (E120) Generation XLi,18,14.603968372873895
Karachi,2006,Petrol,Automatic,2200000.0,85000,1300.0,Honda,City,i-DSI Vario,20,14.603968372873895
Islamabad,2007,Petrol,Manual,2195000.0,282000,1300.0,Honda,City,i-DSI,19,14.60169306007217
Karachi,2000,Petrol,Automatic,1550000.0,282000,1300.0,Toyota,Platz,F 1.3,26,14.253766134056512
Islamabad,2020,Petrol,Automatic,4250000.0,56000,1300.0,Honda,City,1.3 i-VTEC Prosmatec,6,15.26242977619469
Lahore,2003,Petrol,Manual,1410000.0,98000,1300.0,Honda,City,i-DSI,23,14.159100971573958
Lahore,2013,Petrol,Manual,2850000.0,140000,1300.0,Toyota,Corolla,GLi 1.3 VVTi,13,14.862829903121964
Lahore,2011,Petrol,Manual,2750000.0,280000,1300.0,Toyota,Corolla,GLi 1.3 VVTi,15,14.827111833279051
Karachi,2021,Petrol,Manual,3700000.0,26000,1300.0,Honda,City,5th (GM2) Generation 1.3 i-VTEC,5,15.123843647884687
Karachi,2018,Petrol,Automatic,4300000.0,113000,1300.0,Toyota,Corolla,GLi Automatic 1.3 VVTi,8,15.274125813221904
Islamabad,2015,Petrol,Manual,2490000.0,74000,1300.0,Suzuki,Swift,DLX 1.3,11,14.727793670047236
Lahore,2016,Petrol,Manual,2450000.0,90000,1300.0,Suzuki,Swift,DLX 1.3,10,14.711598990684092
Lahore,2004,Petrol,Manual,2050000.0,92000,1300.0,Mitsubishi,Lancer,GLX 1.3,22,14.53335083891935
Karachi,1998,Petrol,Manual,1370000.0,282000,1300.0,Toyota,Corolla,8th (E110) Generation XE,28,14.130322027731049
Islamabad,2019,Petrol,Manual,2750000.0,118000,1300.0,Suzuki,Swift,DLX 1.3,7,14.827111833279051
Karachi,2019,Petrol,Automatic,3850000.0,69000,1300.0,Honda,City,5th (GM2) Generation 1.3 i-VTEC Prosmatec,7,15.163583966004193
Lahore,2016,Petrol,Manual,3500000.0,125792,1300.0,Honda,City,5th (GM2) Generation 1.3 i-VTEC,10,15.068273812173887
Karachi,2010,Petrol,Manual,1950000.0,100000,1300.0,Toyota,Corolla,XLi VVTi,16,14.48334044336031
Karachi,2025,Petrol,Automatic,5500000.0,2500,1300.0,Toyota,Yaris,Sedan GLI CVT 1.3,1,15.520258832020865
Lahore,2007,Petrol,Manual,1745000.0,205005,1300.0,Honda,City,i-DSI,19,14.372265686684402
Lahore,2019,Petrol,Manual,3600000.0,155000,1300.0,Honda,City,5th (GM2) Generation 1.3 i-VTEC,7,15.096444681204078
Lahore,2001,Petrol,Manual,1800000.0,135000,1300.0,Honda,City,EXi,25,14.403297778421795
Karachi,2012,Petrol,Manual,2460000.0,188582,1300.0,Honda,City,1.3 i-VTEC,14,14.715672314412528
Karachi,2014,Petrol,Manual,2630000.0,105000,1300.0,Toyota,Corolla,GLi 1.3 VVTi,12,14.782494784382012
Islamabad,2016,Petrol,Manual,3650000.0,170000,1300.0,Toyota,Corolla,GLi 1.3 VVTi,10,15.11023799953124
Karachi,2005,Petrol,Manual,800000.0,10000,1300.0,Suzuki,Baleno,JXR,21,13.592368256649284
Lahore,2016,Petrol,Manual,3350000.0,84500,1300.0,Honda,City,5th (GM2) Generation Aspire 1.3 i-VTEC,10,15.024471202308668
Lahore,1985,Petrol,Manual,700000.0,100000,1300.0,Toyota,Corolla,DX,41,13.45883704259595
Lahore,2018,Petrol,Manual,3250000.0,272000,1300.0,Honda,City,5th (GM2) Generation 1.3 i-VTEC,8,14.99416586199818
Lahore,2018,Petrol,Manual,2600000.0,241000,1300.0,Suzuki,Swift,DLX 1.3 Navigation,8,14.77102238760702
Karachi,2016,Petrol,Manual,3800000.0,58000,1300.0,Toyota,Corolla,XLi VVTi,10,15.150511887854474
Karachi,2017,Petrol,Manual,3300000.0,94247,1300.0,Honda,City,5th (GM2) Generation 1.3 i-VTEC,9,15.009433329466965
Islamabad,1986,Diesel,Manual,675000.0,10000,1300.0,Toyota,Corolla,DX,40,13.42246945133505
Lahore,2010,Petrol,Manual,2340000.0,261000,1300.0,Honda,City,5th (GM2) Generation i-VTEC,16,14.66566191468422
Karachi,2010,Petrol,Manual,2500000.0,91000,1300.0,Toyota,Corolla,XLi VVTi,16,14.731801689838349
Karachi,2005,Petrol,Automatic,1370000.0,100000,1300.0,Nissan,Sunny,,21,14.130322027731049
Lahore,2010,Petrol,Manual,2580000.0,150000,1300.0,Honda,City,5th (GM2) Generation 1.3 i-VTEC,16,14.763300344494624
Lahore,2013,Petrol,Manual,2795000.0,165000,1300.0,Honda,City,5th (GM2) Generation 1.3 i-VTEC,13,14.843343022353025
Islamabad,2006,Petrol,Manual,2000000.0,200000,1300.0,Honda,City,i-DSI,20,14.508658238524095
Karachi,2019,Petrol,Automatic,4400000.0,130000,1300.0,Toyota,Corolla,GLi Automatic 1.3 VVTi,7,15.29711532616119
Lahore,2006,Petrol,Automatic,2100000.0,15000,1300.0,Honda,City,i-DSI Vario,20,14.557448378884015
Karachi,2010,Petrol,Manual,2500000.0,130000,1300.0,Toyota,Corolla,GLi 1.3 VVTi,16,14.731801689838349
Karachi,2017,Petrol,Manual,3450000.0,120000,1300.0,Toyota,Corolla,GLi 1.3 VVTi,9,15.053885078862573
Islamabad,1996,Petrol,Automatic,1998999.9999999998,100000,1300.0,Toyota,Corolla,8th (E110) Generation XE Limited,30,14.508158113732536
Islamabad,2005,Petrol,Manual,2180000.0,282000,1300.0,Toyota,Corolla,XLi,21,14.594835893480763
Karachi,2021,Petrol,Automatic,4179999.9999999995,48000,1300.0,Honda,City,1.3 i-VTEC Prosmatec,5,15.24582204373536
Lahore,2004,Petrol,Manual,1050000.0,100000,1300.0,Suzuki,Baleno,JXR,22,13.864301674514206
Lahore,1987,Petrol,Manual,1250000.0,123886,1300.0,Nissan,Sunny,,39,14.038654909278163
Islamabad,2017,Petrol,Manual,4375000.0,108000,1300.0,Toyota,Corolla,GLi 1.3 VVTi,9,15.291417306345254
Lahore,2018,Petrol,Manual,1750000.0,61500,1300.0,FAW,V2,VCT-i,8,14.375126917328105
Karachi,2017,Petrol,Manual,4175000.0,78000,1300.0,Toyota,Corolla,GLi 1.3 VVTi,9,15.244625155788022
Lahore,2003,Petrol,Manual,950000.0,180000,1300.0,Suzuki,Baleno,JXR,23,13.76421831620775
Karachi,2013,Petrol,Manual,2625000.0,133000,1300.0,Honda,City,,13,14.78059183496017
Islamabad,2013,Petrol,Manual,2860000.0,117500,1300.0,Honda,City,1.3 i-VTEC,13,14.866332532446323
Islamabad,2009,Hybrid,Automatic,2600000.0,194000,1300.0,Honda,Civic,Reborn MXST (Hybrid),17,14.77102238760702
Karachi,2003,Petrol,Automatic,1100000.0,100000,1300.0,Honda,City,i-DSI Vario,23,13.910821646859095
Islamabad,2020,Petrol,Manual,3800000.0,69000,1300.0,Toyota,Yaris,Sedan ATIV MT 1.3,6,15.150511887854474
Lahore,2017,Petrol,Automatic,4075000.0,132383,1300.0,Toyota,Corolla,GLi Automatic 1.3 VVTi,9,15.220381550055842
Lahore,2018,Petrol,Manual,3300000.0,142000,1300.0,Toyota,Corolla,XLi VVTi,8,15.009433329466965
Lahore,2011,Petrol,Manual,2600000.0,204000,1300.0,Toyota,Corolla,GLi 1.3 VVTi,15,14.77102238760702
Karachi,2015,Petrol,Automatic,2825000.0,99500,1300.0,Toyota,Corolla,GLi Automatic 1.3 VVTi,11,14.854019276544916
Karachi,2011,Petrol,Manual,2450000.0,138,1300.0,Toyota,Corolla,XLi VVTi,15,14.711598990684092
Lahore,2020,Petrol,Manual,4650000.0,150000,1300.0,Toyota,Corolla,GLi 1.3 VVTi,6,15.35237799261728
Lahore,2004,Petrol,Manual,1750000.0,250000,1300.0,Toyota,Corolla,GLi 1.3,22,14.375126917328105
Lahore,2018,Petrol,Manual,2600000.0,86000,1300.0,Suzuki,Swift,DLX 1.3 Navigation,8,14.77102238760702
Karachi,1997,Petrol,Manual,695000.0,100000,1300.0,Honda,City,EXi,29,13.451668563394815
Islamabad,2006,Petrol,Manual,2050000.0,282000,1300.0,Honda,City,i-DSI,20,14.53335083891935
Lahore,1995,Petrol,Automatic,700000.0,30000,1300.0,Hyundai,Excel,,31,13.45883704259595
Lahore,2015,Petrol,Manual,1700000.0,254426,1300.0,FAW,V2,VCT-i,11,14.346139397261565
Islamabad,2008,Petrol,Manual,1700000.0,282000,1300.0,Toyota,Corolla,XLi VVTi,18,14.346139397261565
Karachi,2017,Petrol,Manual,3500000.0,112000,1300.0,Toyota,Corolla,GLi 1.3 VVTi,9,15.068273812173887
Islamabad,1994,Petrol,Manual,1900000.0,235000,1300.0,Toyota,Corolla,8th (E110) Generation XE Limited,32,14.45736497045232
Lahore,2017,Petrol,Manual,2525000.0,90000,1300.0,Suzuki,Swift,DLX 1.3 Navigation,9,14.741752016731123
Lahore,2011,Petrol,Manual,2450000.0,150000,1300.0,Toyota,Corolla,XLi VVTi,15,14.711598990684092
Lahore,2018,Petrol,Automatic,2685000.0,80100,1300.0,Suzuki,Swift,DLX Automatic 1.3 Navigation,8,14.803191658364511
Lahore,1990,Petrol,Automatic,600000.0,15000,1300.0,Mitsubishi,Lancer,,36,13.304686600863562
Lahore,1997,Petrol,Manual,585000.0,100000,1300.0,Suzuki,Margalla,GL,29,13.279368835614243
Lahore,2014,Petrol,Manual,2350000.0,165000,1300.0,Toyota,Corolla,XLi VVTi,12,14.669926311652166
Karachi,2014,Petrol,Automatic,3150000.0,160000,1300.0,Honda,City,5th (GM2) Generation 1.3 i-VTEC Prosmatec,12,14.962913328262083
Lahore,2006,Petrol,Automatic,2150000.0,93500,1300.0,Honda,City,i-DSI Vario,20,14.580978865220017
Karachi,2019,Petrol,Manual,3679999.9999999995,75000,1300.0,Toyota,Corolla,XLi VVTi,7,15.118423581884207
Karachi,2018,Petrol,Manual,3400000.0,147000,1300.0,Honda,City,1.3 i-VTEC,8,15.039286283703994
Lahore,2022,Petrol,Automatic,4450000.0,79000,1300.0,Toyota,Yaris,Sedan ATIV CVT 1.3,4,15.308414878861498
Karachi,2014,Petrol,Manual,2650000.0,120000,1300.0,Honda,City,5th (GM2) Generation 1.3 i-VTEC,12,14.790070575320824
Karachi,1996,Petrol,Manual,465000.00000000006,100000,1300.0,Suzuki,Margalla,GL,30,13.049794835104816
Lahore,2002,Petrol,Manual,1050000.0,214785,1300.0,Honda,City,EXi,24,13.864301674514206
Karachi,2014,Petrol,Manual,1930000.0,70000,1300.0,Suzuki,Swift,DLX 1.3,12,14.47303107901565
Lahore,2017,Petrol,Manual,1480000.0,85000,1300.0,FAW,V2,VCT-i,9,14.207553321415745
Lahore,2020,Petrol,Automatic,4100000.0,68000,1300.0,Honda,City,5th (GM2) Generation 1.3 i-VTEC Prosmatec,6,15.226497775576945
Islamabad,2001,Petrol,Manual,1380000.0,100000,1300.0,Honda,City,EXi,25,14.137594781770806
Karachi,2008,Petrol,Manual,750000.0,13935,1300.0,Lifan,520,,18,13.527829818844937
Lahore,2017,Petrol,Manual,3485000.0,127000,1300.0,Honda,City,1.3 i-VTEC,9,15.063978889120767
Karachi,2010,Hybrid,Automatic,2897000.0,96589,1300.0,Honda,Civic,Reborn MXB (Hybrid),16,14.879186621936102
Islamabad,2014,Petrol,Manual,3150000.0,190000,1300.0,Toyota,Corolla,GLi 1.3 VVTi,12,14.962913328262083
Karachi,2008,Petrol,Manual,1735000.0000000002,200000,1300.0,Honda,City,i-DSI,18,14.366518547731808
Islamabad,2013,Petrol,Manual,2930000.0,180000,1300.0,Toyota,Corolla,XLi VVTi Limited Edition,13,14.89051332229012
Lahore,2005,Petrol,Manual,1550000.0,155,1300.0,Mitsubishi,Lancer,GLX 1.3,21,14.253766134056512
Lahore,2014,Petrol,Manual,2599000.0,110000,1300.0,Toyota,Corolla,XLi VVTi,12,14.770637698386924
Lahore,2007,Petrol,Manual,875000.0,58204,1300.0,Suzuki,Cultus,,19,13.681980308196241
Karachi,2017,Petrol,Manual,3300000.0,93000,1300.0,Toyota,Corolla,XLi VVTi,9,15.009433329466965
Islamabad,2015,Petrol,Manual,3279999.9999999995,95300,1300.0,Honda,City,1.3 i-VTEC,11,15.003354285238329
Lahore,2007,Petrol,Manual,1180000.0,158654,1300.0,Suzuki,Liana,RXi,19,13.981025843899115
Karachi,2014,Hybrid,Automatic,3350000.0,76151,1300.0,Honda,Fit,1.3 Hybrid Base Grade,12,15.024471202308668
Karachi,1999,Petrol,Manual,700000.0,100000,1300.0,Honda,City,EXi,27,13.45883704259595
Lahore,2013,Petrol,Manual,2780000.0,161000,1300.0,Honda,City,5th (GM2) Generation 1.3 i-VTEC,13,14.837961845378985
Lahore,2005,Petrol,Manual,915000.0,100000,1300.0,Suzuki,Baleno,JXL,21,13.726680437153236
Karachi,2008,Petrol,Manual,1700000.0,5000,1300.0,Toyota,Corolla,XLi,18,14.346139397261565
Lahore,2018,Petrol,Manual,4900000.0,85000,1300.0,Toyota,Corolla,GLi 1.3 VVTi Special Edition,8,15.404745967162468
Islamabad,1998,Petrol,Manual,1200000.0,282000,1300.0,Honda,City,EXi,28,13.997832948091215
Lahore,2006,Petrol,Manual,1725000.0,183000,1300.0,Honda,City,i-DSI,20,14.360738188157574
Karachi,2017,Petrol,Manual,3350000.0,113000,1300.0,Honda,City,1.3 i-VTEC,9,15.024471202308668
Karachi,2011,Petrol,Manual,2250000.0,160000,1300.0,Toyota,Corolla,XLi VVTi,15,14.626441218624949
Islamabad,2018,Petrol,Automatic,3900000.0,91442,1300.0,Honda,City,1.3 i-VTEC Prosmatec,8,15.176487367510099
Karachi,2019,Petrol,Manual,1600000.0,80000,1300.0,FAW,V2,VCT-i,7,14.285514812209815
Lahore,2016,Petrol,Manual,3100000.0,120000,1300.0,Honda,City,5th (GM2) Generation 1.3 i-VTEC,10,14.946912992035967
Islamabad,2015,Petrol,Automatic,3650000.0,114620,1300.0,Toyota,Corolla,GLi Automatic 1.3 VVTi,11,15.11023799953124
Lahore,2014,Petrol,Manual,3250000.0,102000,1300.0,Toyota,Corolla,XLi VVTi,12,14.99416586199818
Islamabad,2011,Petrol,Manual,2400000.0,150000,1300.0,Toyota,Corolla,XLi VVTi,15,14.690979711984754
Islamabad,2017,Petrol,Automatic,4000000.0,130000,1300.0,Toyota,Corolla,GLi Automatic 1.3 VVTi,9,15.201805169084134
Lahore,2004,Petrol,Automatic,1680000.0,282000,1300.0,Honda,City,i-DSI Vario,22,14.33430494661736
Karachi,2019,Petrol,Manual,3450000.0,89000,1300.0,Honda,City,5th (GM2) Generation 1.3 i-VTEC,7,15.053885078862573
Lahore,1997,Petrol,Automatic,950000.0,150000,1300.0,Mitsubishi,Lancer,,29,13.76421831620775
Lahore,2009,Petrol,Manual,2075000.0,114714,1300.0,Toyota,Corolla,XLi VVTi,17,14.54547219357453
Lahore,2008,Petrol,Manual,2350000.0,141000,1300.0,Honda,City,i-DSI,18,14.669926311652166
Lahore,2014,Petrol,Manual,3100000.0,68000,1300.0,Honda,City,5th (GM2) Generation 1.3 i-VTEC,12,14.946912992035967
Islamabad,1980,Petrol,Manual,280000.0,19999,1300.0,Toyota,Corolla,,46,12.54254845357358
Lahore,2016,Petrol,Manual,2525000.0,88000,1300.0,Suzuki,Swift,DLX 1.3,10,14.741752016731123
Islamabad,2011,Petrol,Manual,1875000.0,100000,1300.0,Suzuki,Swift,DLX 1.3,15,14.444119750719839
Karachi,2018,Petrol,Manual,1330000.0,28700,1300.0,FAW,V2,VCT-i,8,14.100690252077353
Lahore,2017,Petrol,Automatic,3200000.0,108000,1300.0,Honda,City,1.3 i-VTEC Prosmatec,9,14.978661680269907
Lahore,2010,Petrol,Automatic,2735000.0,130000,1300.0,Honda,City,1.3 i-VTEC Prosmatec,16,14.821642359468864
Lahore,2022,Petrol,Manual,4250000.0,26000,1300.0,Toyota,Yaris,Sedan GLI MT 1.3,4,15.26242977619469
Lahore,2009,Petrol,Manual,2200000.0,215000,1300.0,Toyota,Corolla,XLi VVTi,17,14.603968372873895
Karachi,2004,Petrol,Manual,890000.0,196000,1300.0,Suzuki,Baleno,JXR,22,13.698977865303197
Karachi,2005,Petrol,Manual,1400000.0,275000,1300.0,Mitsubishi,Lancer,GLX 1.3,21,14.151983508870947
Lahore,2015,Petrol,Manual,3150000.0,282000,1300.0,Toyota,Corolla,XLi VVTi,11,14.962913328262083
Islamabad,1998,Petrol,Manual,1200000.0,180000,1300.0,Honda,City,EXi,28,13.997832948091215
Karachi,1994,Petrol,Manual,430000.0,10000,1300.0,Suzuki,Margalla,GL,32,12.971542813248437
Lahore,2007,Petrol,Manual,1960000.0000000002,160521,1300.0,Honda,City,i-DSI,19,14.488455541410652
Lahore,1994,Petrol,Manual,500000.0,14000,1300.0,Suzuki,Margalla,GL,32,13.122365377402328
Lahore,2001,Petrol,Manual,1050000.0,282000,1300.0,Honda,City,EXi,25,13.864301674514206
Lahore,2012,Petrol,Manual,1950000.0,140000,1300.0,Suzuki,Swift,DLX 1.3,14,14.48334044336031
Lahore,2018,Petrol,Automatic,3985000.0,69000,1300.0,Toyota,Vitz,F Safety Edition III,8,15.19804812114745
Karachi,2017,Petrol,Manual,2330000.0,99000,1300.0,Suzuki,Swift,DLX 1.3 Navigation,9,14.66137925472634
Karachi,2007,Petrol,Manual,1150000.0,93641,1300.0,Suzuki,Liana,RXi,19,13.955273369904273
Karachi,2001,Petrol,Automatic,1150000.0,145000,1300.0,Honda,City,,25,13.955273369904273
Islamabad,2013,Petrol,Manual,3050000.0,282000,1300.0,Toyota,Corolla,GLi 1.3 VVTi,13,14.930652476452392
Karachi,2007,Petrol,Manual,1830000.0,97658,1300.0,Toyota,Corolla,9th (E120) Generation XLi,19,14.419827071265543
Islamabad,2009,Petrol,Manual,2300000.0,195000,1300.0,Toyota,Corolla,XLi VVTi Limited Edition,17,14.648420115681892
Islamabad,2011,Petrol,Manual,3000000.0,277000,1300.0,Honda,City,5th (GM2) Generation 1.3 i-VTEC,15,14.914123179965662
Lahore,2018,Petrol,Automatic,4185000.0,75000,1300.0,Toyota,Corolla,XLi Automatic,8,15.24701750085431
Lahore,2014,Petrol,Manual,3090000.0,73000,1300.0,Toyota,Corolla,XLi VVTi,12,14.94368197249847
Lahore,2021,Petrol,Automatic,2850000.0,60000,1299.0,Proton,Saga,1.3L Standard A/T,5,14.862829903121964
Lahore,2010,Petrol,Automatic,2800000.0,119000,1300.0,Honda,City,1.3 i-VTEC Prosmatec,16,14.845130332288226
Lahore,1995,Petrol,Manual,720000.0,282000,1300.0,Hyundai,Excel,Basegrade,31,13.487007879880162
Karachi,2006,Petrol,Automatic,2200000.0,67000,1300.0,Honda,City,i-DSI Vario,20,14.603968372873895
Islamabad,2014,Petrol,Manual,2685000.0,188000,1300.0,Toyota,Corolla,XLi VVTi,12,14.803191658364511
Islamabad,2011,Petrol,Automatic,2300000.0,200102,1300.0,Toyota,Passo,+ Hana 1.3,15,14.648420115681892
Karachi,2012,Petrol,Automatic,2675000.0,100000,1300.0,Toyota,Passo,+ Hana 1.3,14,14.79946031214395
Karachi,1992,Petrol,Manual,320000.0,100000,1300.0,Suzuki,Margalla,GL,34,12.676079399771027
Islamabad,2006,Petrol,Manual,1889999.9999999998,200000,1300.0,Honda,City,i-DSI,20,14.452087916136215
Lahore,2012,Petrol,Manual,2825000.0,130000,1300.0,Honda,City,5th (GM2) Generation 1.3 i-VTEC,14,14.854019276544916
Karachi,1998,Petrol,Manual,795000.0,123000,1300.0,Honda,City,EXi,28,13.586098651497313
Karachi,1999,Petrol,Automatic,800000.0,100000,1300.0,Honda,City,EXi,27,13.592368256649284
Lahore,2008,Petrol,Manual,1900000.0,189000,1300.0,Honda,City,i-DSI,18,14.45736497045232
Lahore,2015,Petrol,Manual,2950000.0,113050,1300.0,Toyota,Corolla,GLi 1.3 VVTi,11,14.897316067298997
Lahore,2006,Petrol,Automatic,2270000.0,236400,1300.0,Honda,City,i-DSI Vario,20,14.635290829986122
Islamabad,2012,Petrol,Manual,2080000.0,136000,1300.0,Suzuki,Swift,DLX 1.3,14,14.547878932446617
Lahore,2006,Petrol,Manual,1780000.0,225000,1300.0,Honda,City,i-DSI,20,14.392124484065864
Islamabad,2009,Petrol,Manual,2550000.0,205000,1300.0,Toyota,Corolla,GLi 1.3 VVTi,17,14.751604309291395
Lahore,2017,Petrol,Manual,2950000.0,119100,1300.0,Honda,City,1.3 i-VTEC,9,14.897316067298997
Lahore,2010,Petrol,Manual,2500000.0,60,1300.0,Toyota,Corolla,GLi 1.3 VVTi,16,14.731801689838349
Islamabad,2010,Hybrid,Automatic,3200000.0,127000,1300.0,Honda,Civic,MXST (Hybrid),16,14.978661680269907
Karachi,1999,Petrol,Manual,1130000.0,130000,1300.0,Toyota,Corolla,XE,27,13.937729075643883
Karachi,1990,Petrol,Manual,650000.0,200000,1300.0,Honda,Civic,,36,13.384729180332174
Islamabad,2010,Petrol,Manual,2375000.0,200000,1300.0,Toyota,Corolla,XLi VVTi,16,14.680508416503422
Lahore,2018,Petrol,Automatic,5145000.0,282000,1300.0,Toyota,Corolla,GLi Automatic 1.3 VVTi,8,15.453536121613729
Lahore,2010,Petrol,Manual,2575000.0,167000,1300.0,Toyota,Corolla,GLi 1.3 VVTi,16,14.761360480429413
Lahore,2007,Petrol,Manual,1800000.0,81000,1300.0,Honda,City,i-DSI,19,14.403297778421795
Lahore,2002,Petrol,Manual,1180000.0,123456,1300.0,Honda,City,EXi,24,13.981025843899115
Karachi,2018,Petrol,Manual,2350000.0,93000,1300.0,Suzuki,Swift,DLX 1.3 Navigation,8,14.669926311652166
Islamabad,2013,Petrol,Manual,3000000.0,94000,1300.0,Honda,City,1.3 i-VTEC,13,14.914123179965662
Karachi,2005,Petrol,Manual,1700000.0,139000,1300.0,Honda,City,i-DSI,21,14.346139397261565
Islamabad,2011,Petrol,Manual,1989999.9999999998,97000,1300.0,Suzuki,Swift,DX 1.3,15,14.503645699213111
Lahore,2008,Petrol,Manual,1650000.0,282000,1300.0,Toyota,Corolla,XLi VVTi,18,14.316286451937186
Karachi,1992,CNG,Manual,490000.00000000006,10000,1300.0,Mitsubishi,Lancer,,34,13.102162710901053
Karachi,2018,Petrol,Manual,4650000.0,16600,1300.0,Toyota,Corolla,GLi 1.3 VVTi,8,15.35237799261728
Lahore,2005,Petrol,Automatic,1839999.9999999998,190000,1300.0,Honda,City,i-DSI Vario,21,14.425276673063282
Islamabad,2008,Petrol,Manual,2350000.0,282000,1300.0,Toyota,Corolla,GLi 1.3 VVTi,18,14.669926311652166
Karachi,1992,Petrol,Manual,780000.0,10000,1300.0,Suzuki,Margalla,GL,34,13.567050480716235
Lahore,2006,Petrol,Automatic,2130000.0,60000,1300.0,Toyota,Belta,X 1.3,20,14.571633007169066
Karachi,2007,Petrol,Automatic,2850000.0,112000,1300.0,Honda,Civic,,19,14.862829903121964
Lahore,1998,Petrol,Manual,800000.0,130000,1300.0,Honda,City,EXi,28,13.592368256649284
Lahore,1985,Petrol,Manual,500000.0,200000,1300.0,Nissan,Sunny,EX Saloon 1.3,41,13.122365377402328
Islamabad,2009,Petrol,Manual,2850000.0,152000,1300.0,Toyota,Corolla,GLi 1.3 VVTi,17,14.862829903121964
Lahore,2010,Petrol,Manual,2250000.0,280000,1300.0,Toyota,Corolla,,16,14.626441218624949
Karachi,2013,Petrol,Manual,1900000.0,166000,1300.0,Suzuki,Swift,,13,14.45736497045232
Islamabad,2013,Petrol,Manual,2750000.0,236000,1300.0,Honda,City,5th (GM2) Generation 1.3 i-VTEC,13,14.827111833279051
Lahore,2011,Petrol,Manual,2000000.0,120000,1300.0,Suzuki,Swift,DLX 1.3,15,14.508658238524095
Islamabad,2000,Petrol,Manual,1200000.0,150000,1300.0,Honda,City,EXi,26,13.997832948091215
Islamabad,2013,Petrol,Automatic,3250000.0,130000,1300.0,Honda,City,5th (GM2) Generation 1.3 i-VTEC Prosmatec,13,14.99416586199818
Lahore,2005,Petrol,Manual,1575000.0,160000,1300.0,Mitsubishi,Lancer,GL,21,14.269766465162304
Lahore,2016,Petrol,Manual,3500000.0,180000,1300.0,Toyota,Corolla,GLi 1.3 VVTi,10,15.068273812173887
Karachi,2012,Petrol,Manual,1800000.0,197900,1300.0,Suzuki,Swift,DLX 1.3,14,14.403297778421795
Lahore,2014,Petrol,Manual,2185000.0,132000,1300.0,Suzuki,Swift,DLX 1.3,12,14.597126844177627
Karachi,1995,Petrol,Manual,530000.0,1000,1300.0,Suzuki,Margalla,GL,31,13.180634172318978
Karachi,2005,Petrol,Manual,1350000.0,155000,1300.0,Mitsubishi,Lancer,GL,21,14.115615891155079
Lahore,2005,Petrol,Manual,1689999.9999999998,226000,1300.0,Honda,City,i-DSI,21,14.340239678615058
Islamabad,2022,Petrol,Automatic,4850000.0,25000,1300.0,Toyota,Yaris,Sedan ATIV CVT 1.3,4,15.394489469099211
Islamabad,2012,Petrol,Manual,2850000.0,235000,1300.0,Toyota,Corolla,XLi VVTi,14,14.862829903121964
Islamabad,2022,Petrol,Automatic,3225000.0,48200,1300.0,Proton,Saga,1.3L Ace A/T,4,14.986443818289482
Islamabad,2006,Petrol,Manual,2300000.0,280000,1300.0,Toyota,Corolla,9th (E120) Generation XLi,20,14.648420115681892
Islamabad,2013,Petrol,Manual,2445000.0,175000,1300.0,Toyota,Corolla,XLi VVTi Limited Edition,13,14.70955608988898
Islamabad,2003,Petrol,Manual,1300000.0,215000,1300.0,Suzuki,Baleno,JXR,23,14.077875591662238
Lahore,1993,Diesel,Manual,484999.99999999994,100000,1300.0,Nissan,Sunny,,33,13.091906231773164
Lahore,2008,Petrol,Manual,2250000.0,122000,1300.0,Honda,City,i-DSI,18,14.626441218624949
Karachi,2004,Petrol,Manual,1525000.0,174000,1300.0,Honda,City,i-DSI,22,14.23750562376114
Lahore,2012,Petrol,Manual,2525000.0,200000,1300.0,Toyota,Corolla,GLi Limited Edition 1.3 VVTi,14,14.741752016731123
Lahore,2021,Petrol,Manual,4300000.0,45000,1300.0,Toyota,Yaris,Sedan GLI MT 1.3,5,15.274125813221904
Lahore,2014,Petrol,Manual,2950000.0,90000,1300.0,Honda,City,5th (GM2) Generation 1.3 i-VTEC,12,14.897316067298997
Karachi,2021,Petrol,Manual,3550000.0,55000,1300.0,Honda,City,5th (GM2) Generation 1.3 i-VTEC,5,15.0824584431417
Islamabad,2006,Petrol,Manual,2260000.0,98000,1300.0,Toyota,Corolla,XLi,20,14.630875813726247
Karachi,2008,Petrol,Manual,1200000.0,2000,1300.0,Suzuki,Liana,LXi Sport,18,13.997832948091215
Karachi,2018,Petrol,Automatic,2520000.0,107000,1300.0,Suzuki,Swift,DLX Automatic 1.3 Navigation,8,14.739769856312924
Karachi,2012,Petrol,Manual,2490000.0,125000,1300.0,Toyota,Corolla,GLi 1.3 VVTi,14,14.727793670047236
Karachi,2010,Petrol,Manual,2650000.0,95000,1300.0,Toyota,Corolla,GLi 1.3 VVTi,16,14.790070575320824
Islamabad,1996,Petrol,Manual,620000.0,200000,1300.0,Hyundai,Excel,,30,13.3374763699232
Lahore,2007,Petrol,Manual,2150000.0,158000,1300.0,Honda,City,i-DSI,19,14.580978865220017
Lahore,2016,Petrol,Manual,3350000.0,120000,1300.0,Honda,City,5th (GM2) Generation 1.3 i-VTEC,10,15.024471202308668
Karachi,2021,Petrol,Automatic,4280000.0,37000,1300.0,Toyota,Yaris,Sedan ATIV CVT 1.3,5,15.269463801202813
Karachi,2024,Petrol,Automatic,4600000.0,17000,1300.0,Toyota,Yaris,Sedan GLI CVT 1.3,2,15.341567078850604
Karachi,2015,Petrol,Manual,3150000.0,90000,1300.0,Honda,City,Aspire 1.3 i-VTEC,11,14.962913328262083
Karachi,2017,Petrol,Automatic,3350000.0,88500,1300.0,Honda,City,5th (GM2) Generation 1.3 i-VTEC Prosmatec,9,15.024471202308668
Islamabad,2006,Petrol,Manual,2240000.0,150000,1300.0,Toyota,Corolla,GLi 1.3,20,14.621986870259695
Lahore,2014,Petrol,Manual,3350000.0,190000,1300.0,Toyota,Corolla,GLi 1.3 VVTi,12,15.024471202308668
Lahore,2014,Petrol,Manual,2725000.0,98000,1300.0,Honda,City,5th (GM2) Generation 1.3 i-VTEC,12,14.817979353051891
Lahore,2011,Petrol,Manual,1670000.0,96321,1300.0,Suzuki,Swift,DLX 1.3,15,14.328334783195153
Islamabad,2010,Petrol,Manual,2850000.0,155000,1300.0,Toyota,Corolla,GLi 1.3 VVTi,16,14.862829903121964
Islamabad,2014,Petrol,Manual,3350000.0,170000,1300.0,Toyota,Corolla,GLi 1.3 VVTi,12,15.024471202308668
Islamabad,2009,Petrol,Manual,2350000.0,150000,1300.0,Toyota,Corolla,XLi VVTi,17,14.669926311652166
Lahore,2008,Petrol,Automatic,2650000.0,135000,1300.0,Toyota,Vitz,F 1.3,18,14.790070575320824
Lahore,2014,Petrol,Manual,3180000.0,115000,1300.0,Toyota,Corolla,Hatchback,12,14.97239206922172
Karachi,2008,Petrol,Manual,1850000.0,150000,1300.0,Toyota,Corolla,9th (E120) Generation GLi 1.3,18,14.430696737594902
Islamabad,1995,Petrol,Manual,700000.0,150000,1300.0,Suzuki,Margalla,GL,31,13.45883704259595
Lahore,2021,Petrol,Manual,3850000.0,95000,1300.0,Honda,City,1.3 i-VTEC,5,15.163583966004193
Karachi,2015,Petrol,Manual,2125000.0,76000,1300.0,Suzuki,Swift,DLX 1.3,11,14.56928283092878
Lahore,2015,Petrol,Manual,3100000.0,65000,1300.0,Honda,City,1.3 i-VTEC,11,14.946912992035967
Islamabad,2018,Petrol,Manual,3610000.0,88000,1300.0,Honda,City,5th (GM2) Generation 1.3 i-VTEC,8,15.099218607317335
Islamabad,2014,Petrol,Manual,3450000.0,117000,1300.0,Toyota,Corolla,GLi 1.3 VVTi,12,15.053885078862573
Lahore,2010,Petrol,Manual,2300000.0,15,1300.0,Toyota,Corolla,GLi 1.3 VVTi,16,14.648420115681892
Lahore,2025,Petrol,Automatic,5250000.0,6,1300.0,Toyota,Corolla,,1,15.473738825043979
Karachi,2007,Petrol,Manual,2020000.0,150000,1300.0,Toyota,Corolla,9th (E120) Generation XLi,19,14.51860856442677
Islamabad,2015,Petrol,Manual,3070000.0,131500,1300.0,Honda,City,Aspire 1.3 i-VTEC,11,14.937188445296226
Islamabad,1990,CNG,Manual,550000.0,282000,1300.0,Mitsubishi,Lancer,GL,36,13.217675375388819
Islamabad,2000,Petrol,Manual,1295000.0,200000,1300.0,Honda,City,EXi,26,14.07402202531625
Islamabad,2022,Petrol,Manual,4090000.0,40500,1300.0,Toyota,Yaris,Sedan GLI MT 1.3,4,15.224055772517731
Lahore,2021,Petrol,Automatic,4300000.0,61000,1300.0,Toyota,Yaris,Sedan ATIV CVT 1.3,5,15.274125813221904
Karachi,2020,Petrol,Automatic,3100000.0,54935,1300.0,Suzuki,Swift,DLX Automatic 1.3 Navigation,6,14.946912992035967
Islamabad,1986,Petrol,Manual,280000.0,100000,1300.0,Toyota,86,,40,12.54254845357358
Islamabad,2016,Petrol,Automatic,3629999.9999999995,95000,1300.0,Honda,City,1.3 i-VTEC Prosmatec,10,15.104743481723089
Karachi,2022,Petrol,Automatic,3190000.0,19850,1300.0,Proton,Saga,1.3L Ace A/T,4,14.975531788240602
Karachi,2024,Petrol,Manual,3895000.0000000005,9100,1300.0,Changan,Alsvin,1.3L MT Comfort,2,15.175204494026362
Karachi,2005,Petrol,Manual,1380000.0,190000,1300.0,Suzuki,Baleno,JXR,21,14.137594781770806
Karachi,2005,Petrol,Manual,1075000.0,100000,1300.0,Suzuki,Baleno,JXL,21,13.887832149776026
Lahore,2005,Petrol,Manual,1560000.0,282000,1300.0,Honda,City,i-DSI,21,14.260197020251155
Islamabad,2011,Petrol,Manual,2720000.0,115000,1300.0,Toyota,Corolla,GLi 1.3 VVTi,15,14.81614280591917
Lahore,2007,Petrol,Manual,1630000.0,90000,1300.0,Honda,City,i-DSI,19,14.30409118627969
Lahore,2020,Petrol,Automatic,3000000.0,58000,1300.0,Suzuki,Swift,DLX Automatic 1.3 Navigation,6,14.914123179965662
Lahore,2020,Petrol,Automatic,4200000.0,47000,1300.0,Toyota,Yaris,Sedan ATIV CVT 1.3,6,15.250595321348806
Lahore,2010,Petrol,Manual,1725000.0,103800,1300.0,Suzuki,Swift,DLX 1.3,16,14.360738188157574
Lahore,2010,Petrol,Manual,1875000.0,236000,1300.0,Suzuki,Swift,DLX 1.3,16,14.444119750719839
Lahore,2017,Petrol,Automatic,4400000.0,189194,1300.0,Toyota,Corolla,GLi Automatic 1.3 VVTi,9,15.29711532616119
Islamabad,2007,Petrol,Automatic,2650000.0,80000,1300.0,Toyota,Vitz,F 1.3,19,14.790070575320824
Lahore,2005,Petrol,Manual,1070000.0,120000,1300.0,Suzuki,Baleno,JXR,21,13.883170141017091
Islamabad,2020,Petrol,Automatic,4079999.9999999995,81200,1300.0,Honda,City,1.3 i-VTEC Prosmatec,6,15.221607791478354
Karachi,2009,Petrol,Manual,2265000.0,109000,1300.0,Toyota,Corolla,GLi 1.3 VVTi,17,14.633085758400277
Karachi,2017,Petrol,Manual,3550000.0,153000,1300.0,Toyota,Corolla,GLi 1.3 VVTi,9,15.0824584431417
Islamabad,2002,Petrol,Manual,1120000.0,266119,1300.0,Suzuki,Baleno,JXR,24,13.928840136128022
Islamabad,2014,Petrol,Manual,2390000.0,159000,1300.0,Suzuki,Swift,DLX 1.3,12,14.686804342317648
Karachi,2002,Petrol,Automatic,1500000.0,236889,1300.0,Toyota,Platz,F 1.3,24,14.220976332738882
Karachi,2016,Petrol,Automatic,3800000.0,115000,1300.0,Toyota,Corolla,GLi Automatic 1.3 VVTi,10,15.150511887854474
Islamabad,2015,Petrol,Automatic,3390000.0,70000,1300.0,Honda,City,5th (GM2) Generation 1.3 i-VTEC Prosmatec,11,15.03634077434184
Karachi,2011,Petrol,Manual,2650000.0,120000,1300.0,Toyota,Corolla,GLi 1.3 VVTi,15,14.790070575320824
Islamabad,2011,Petrol,Manual,2500000.0,160000,1300.0,Toyota,Corolla,GLi 1.3 VVTi,15,14.731801689838349
Islamabad,2016,Petrol,Manual,3700000.0,100000,1300.0,Toyota,Corolla,GLi 1.3 VVTi,10,15.123843647884687
Islamabad,2013,Petrol,Manual,3090000.0,85000,1300.0,Honda,City,1.3 i-VTEC,13,14.94368197249847
Karachi,2008,Petrol,Manual,1885000.0000000002,149000,1300.0,Honda,City,i-DSI,18,14.449438909368086
Karachi,2009,Petrol,Manual,2200000.0,100000,1300.0,Honda,City,5th (GM2) Generation 1.3 i-VTEC,17,14.603968372873895
Islamabad,2012,Petrol,Manual,2650000.0,110000,1300.0,Honda,City,1.3 i-VTEC,14,14.790070575320824
Karachi,2019,Petrol,Automatic,2980000.0,59000,1300.0,Suzuki,Swift,DLX Automatic 1.3 Navigation,7,14.907434194052001
Karachi,2006,Petrol,Manual,1210000.0,100000,1300.0,Suzuki,Liana,RXi,20,14.006131744018864
Islamabad,2017,Petrol,Manual,2490000.0,75000,1300.0,Suzuki,Swift,DLX 1.3 Navigation,9,14.727793670047236
Islamabad,2007,Petrol,Automatic,2300000.0,125300,1300.0,Toyota,Belta,G 1.3,19,14.648420115681892
Karachi,2005,Petrol,Manual,550000.0,107800,1300.0,KIA,Classic,,21,13.217675375388819
Lahore,1998,Petrol,Automatic,1050000.0,145000,1300.0,Mitsubishi,Lancer,Evolution X,28,13.864301674514206
Lahore,2022,Petrol,Automatic,3490000.0,49000,1299.0,Proton,Saga,1.3L Ace A/T,4,15.06541258071152
Karachi,2000,Petrol,Manual,940000.0,150000,1300.0,Honda,City,EXi,26,13.753636218075409
Karachi,2013,Petrol,Manual,2600000.0,111000,1300.0,Honda,City,5th (GM2) Generation 1.3 i-VTEC,13,14.77102238760702
Lahore,2017,Petrol,Automatic,3400000.0,93000,1300.0,Honda,City,,9,15.039286283703994
Islamabad,2000,Petrol,Manual,1050000.0,100000,1300.0,Suzuki,Baleno,GXi,26,13.864301674514206
Lahore,2012,Petrol,Manual,2500000.0,250000,1300.0,Toyota,Corolla,GLi 1.3 VVTi,14,14.731801689838349
Lahore,2021,Petrol,Manual,3960000.0,77000,1300.0,Honda,City,5th (GM2) Generation 1.3 i-VTEC,5,15.191754835755884
Lahore,2018,Petrol,Manual,4000000.0,253000,1300.0,Toyota,Corolla,GLi 1.3 VVTi,8,15.201805169084134
Islamabad,2006,Petrol,Manual,1700000.0,99000,1300.0,Mitsubishi,Lancer,GLX 1.3,20,14.346139397261565
Lahore,2006,Petrol,Manual,1200000.0,200000,1300.0,Suzuki,Liana,RXi,20,13.997832948091215
Lahore,2011,Petrol,Manual,2500000.0,235000,1300.0,Honda,City,5th (GM2) Generation 1.3 i-VTEC,15,14.731801689838349
Karachi,2009,Petrol,Manual,3600000.0,70000,1300.0,Toyota,Corolla,XLi VVTi,17,15.096444681204078
Karachi,2008,Petrol,Manual,1700000.0,98000,1300.0,Toyota,Corolla,XLi VVTi,18,14.346139397261565
Islamabad,2012,Hybrid,Automatic,2950000.0,210000,1300.0,Honda,Fit,1.3 Hybrid Base Grade,14,14.897316067298997
Lahore,2004,Petrol,Automatic,1700000.0,282000,1300.0,Honda,City,i-DSI Vario,22,14.346139397261565
Islamabad,2005,Petrol,Manual,1850000.0,100000,1300.0,Honda,City,i-DSI,21,14.430696737594902
Karachi,2018,Petrol,Manual,2150000.0,79000,1300.0,Suzuki,Swift,DLX 1.3,8,14.580978865220017
Islamabad,2017,Petrol,Manual,4400000.0,56000,1300.0,Toyota,Corolla,GLi 1.3 VVTi,9,15.29711532616119
Lahore,2010,Petrol,Manual,2300000.0,282000,1300.0,Honda,City,5th (GM2) Generation i-VTEC,16,14.648420115681892
Karachi,2005,Petrol,Manual,990000.0,170000,1300.0,Suzuki,Bolan,,21,13.805461232211272
Karachi,2017,Petrol,Manual,2290000.0,68000,1300.0,Suzuki,Swift,DLX 1.3 Navigation,9,14.64406281221155
Lahore,2004,Petrol,Automatic,1700000.0,10,1300.0,Honda,City,,22,14.346139397261565
Islamabad,2020,Petrol,Manual,4000000.0,125000,1300.0,Toyota,Corolla,XLi VVTi,6,15.201805169084134
Karachi,2000,Petrol,Manual,940000.0,150000,1300.0,Honda,City,EXi,26,13.753636218075409
Lahore,2018,Petrol,Manual,2500000.0,146199,1300.0,Suzuki,Swift,DLX 1.3 Navigation,8,14.731801689838349
Karachi,2022,Petrol,Automatic,2900000.0,51000,1300.0,Proton,Saga,1.3L Ace A/T,4,14.88022163978423
Islamabad,2008,Petrol,Manual,1475000.0,123000,1300.0,Suzuki,Liana,RXi,18,14.204169225721929
Lahore,2014,Petrol,Manual,3080000.0,87000,1300.0,Honda,City,1.3 i-VTEC,12,14.940440479625028
Islamabad,2013,Petrol,Manual,3175000.0,108100,1300.0,Toyota,Corolla,GLi 1.3 VVTi,13,14.97081850526951
Karachi,2011,Petrol,Manual,2400000.0,95000,1300.0,Honda,City,i-VTEC,15,14.690979711984754
Islamabad,2011,Hybrid,Automatic,2900000.0,174000,1300.0,Honda,Fit,,15,14.88022163978423
Lahore,2009,Petrol,Manual,2550000.0,115000,1300.0,Toyota,Corolla,XLi VVTi,17,14.751604309291395
Karachi,2012,Petrol,Manual,3500000.0,40000,1300.0,Toyota,Corolla,XLi VVTi Ecotec,14,15.068273812173887
Karachi,2025,Petrol,Automatic,5100000.0,11000,1300.0,Toyota,Yaris,Sedan GLI CVT 1.3,1,15.444751293772967
Lahore,1990,Petrol,Manual,450000.0,100000,1300.0,Honda,Civic,,36,13.017005083966255
Islamabad,2001,Petrol,Manual,1550000.0,260000,1300.0,Toyota,Corolla,8th (E110) Generation XE Limited,25,14.253766134056512
Lahore,2025,Petrol,Automatic,5200000.0,9000,1300.0,Toyota,Yaris,Sedan GLI CVT 1.3,1,15.46416937585933
Lahore,2019,Petrol,Automatic,4850000.0,60000,1300.0,Toyota,Corolla,XLi Automatic,7,15.394489469099211
Karachi,2020,Petrol,Automatic,2950000.0,61000,1300.0,Suzuki,Swift,DLX Automatic 1.3 Navigation,6,14.897316067298997
Islamabad,2017,Petrol,Automatic,4200000.0,77000,1300.0,Honda,City,1.3 i-VTEC Prosmatec,9,15.250595321348806
Karachi,2015,Petrol,Automatic,2425000.0,54000,1300.0,Suzuki,Swift,DLX Automatic 1.3,11,14.70134249472477
Islamabad,2008,Petrol,Manual,2300000.0,200000,1300.0,Toyota,Corolla,9th (E120) Generation GLi 1.3,18,14.648420115681892
Karachi,1995,Petrol,Automatic,1225000.0,100000,1300.0,Suzuki,Baleno,,31,14.018452218287162
Karachi,2013,Petrol,Manual,2650000.0,111000,1300.0,Honda,City,1.3 i-VTEC,13,14.790070575320824
Karachi,2019,Petrol,Manual,3379999.9999999995,90000,1300.0,Honda,City,5th (GM2) Generation 1.3 i-VTEC,7,15.033386563317146
Lahore,2013,Petrol,Manual,2150000.0,141000,1300.0,Suzuki,Swift,DX 1.3,13,14.580978865220017
Islamabad,2016,Petrol,Manual,2750000.0,160000,1300.0,Toyota,Corolla,XLi VVTi,10,14.827111833279051
Islamabad,2006,Petrol,Manual,1040000.0,127000,1300.0,Suzuki,Liana,RXi,20,13.854732232655556
Karachi,2012,Petrol,Manual,3500000.0,40000,1300.0,Toyota,Corolla,XLi VVTi,14,15.068273812173887
Islamabad,2019,Petrol,Automatic,4100000.0,65000,1300.0,Honda,City,5th (GM2) Generation 1.3 i-VTEC Prosmatec,7,15.226497775576945
Karachi,2011,CNG,Manual,2500000.0,180000,1300.0,Toyota,Corolla,GLi 1.3 VVTi Ecotec,15,14.731801689838349
Lahore,2019,Petrol,Manual,4060000.0,123,1300.0,Toyota,Corolla,GLi 1.3 VVTi,7,15.216693777883304
Lahore,2016,Petrol,Manual,4250000.0,82000,1300.0,Toyota,Corolla,GLi 1.3 VVTi,10,15.26242977619469
Karachi,2012,Petrol,Manual,2750000.0,140,1300.0,Toyota,Corolla,GLi 1.3 VVTi,14,14.827111833279051
Karachi,2022,Petrol,Automatic,2780000.0,50121,1299.0,Proton,Saga,1.3L Ace A/T,4,14.837961845378985
Lahore,2005,Petrol,Automatic,2120000.0,124958,1300.0,Honda,City,i-DSI Vario,21,14.566927118346197
Islamabad,2025,Petrol,Automatic,5200000.0,10,1300.0,Toyota,Yaris,Sedan GLI CVT 1.3,1,15.46416937585933
Lahore,2019,Petrol,Manual,3320000.0000000005,109000,1300.0,Honda,City,1.3 i-VTEC,7,15.015475642097446
Karachi,2016,Petrol,Automatic,3200000.0,92000,1300.0,Honda,City,1.3 i-VTEC Prosmatec,10,14.978661680269907
Islamabad,2018,Petrol,Manual,1789999.9999999998,96000,1300.0,FAW,V2,VCT-i,8,14.397726736475999
Karachi,2018,Petrol,Automatic,4250000.0,125000,1300.0,Toyota,Corolla,GLi Automatic 1.3 VVTi,8,15.26242977619469
Islamabad,2007,Petrol,Automatic,2100000.0,149000,1300.0,Toyota,Passo,G 1.3,19,14.557448378884015
Lahore,2015,Petrol,Automatic,4150000.0,145000,1300.0,Toyota,Corolla,GLi Automatic 1.3 VVTi,11,15.238619133170708
Karachi,2016,Petrol,Manual,1950000.0,119000,1300.0,Suzuki,Swift,DLX 1.3,10,14.48334044336031
Lahore,2012,Petrol,Manual,2680000.0,182000,1300.0,Toyota,Corolla,GLi 1.3 VVTi,14,14.801327725621299
Islamabad,2001,Petrol,Manual,1250000.0,277000,1300.0,Honda,City,EXi,25,14.038654909278163
Karachi,2018,Petrol,Automatic,2700000.0,100000,1300.0,Suzuki,Swift,DLX Automatic 1.3 Navigation,8,14.80876270134486
Karachi,2024,Petrol,Manual,4750000.0,26000,1300.0,Toyota,Yaris,Sedan ATIV MT 1.3,2,15.373655386537118
Islamabad,2006,Petrol,Manual,1830000.0,321,1300.0,Mitsubishi,Lancer,GLX 1.3,20,14.419827071265543
Lahore,2006,Petrol,Manual,2000000.0,135000,1300.0,Honda,City,i-DSI,20,14.508658238524095
Lahore,2005,Petrol,Manual,1450000.0,82000,1300.0,Suzuki,Baleno,JXR,21,14.187074804051692
Karachi,1982,Petrol,Manual,420000.0,100000,1300.0,Toyota,Corolla,,44,12.948012371209098
Islamabad,2007,Hybrid,Automatic,2550000.0,249000,1300.0,Honda,Civic,Reborn MXST (Hybrid),19,14.751604309291395
Karachi,2020,Petrol,Automatic,4300000.0,44000,1300.0,Honda,City,1.3 i-VTEC Prosmatec,6,15.274125813221904
Karachi,2008,Petrol,Manual,1200000.0,185000,1300.0,Suzuki,Liana,,18,13.997832948091215
Lahore,2015,Petrol,Automatic,3500000.0,96000,1300.0,Toyota,Corolla,GLi Automatic 1.3 VVTi,11,15.068273812173887
Karachi,2024,Petrol,Automatic,5250000.0,14500,1300.0,Toyota,Yaris,Sedan ATIV CVT 1.3,2,15.473738825043979
Lahore,2015,Petrol,Manual,3350000.0,95389,1300.0,Honda,City,5th (GM2) Generation 1.3 i-VTEC,11,15.024471202308668
Lahore,2004,CNG,Manual,555000.0,150000,1323.0,KIA,Classic,LX,22,13.22672519452875
Karachi,1998,Petrol,Manual,680000.0,100000,1300.0,Honda,City,EXi,28,13.429849547739444
Lahore,2018,Petrol,Manual,4050000.0,140000,1300.0,Toyota,Corolla,XLi VVTi,8,15.214227685996272
Lahore,2018,Petrol,Manual,3400000.0,71559,1300.0,Honda,City,5th (GM2) Generation 1.3 i-VTEC,8,15.039286283703994
Islamabad,2010,Petrol,Manual,2585000.0,208500,1300.0,Toyota,Corolla,GLi 1.3 VVTi,16,14.765236452771788
Karachi,2008,Petrol,Automatic,2400000.0,68000,1300.0,Honda,City,i-DSI Vario,18,14.690979711984754
Lahore,2004,Petrol,Manual,4250000.0,54000,1300.0,Mazda,RX8,Type S,22,15.26242977619469
Karachi,2003,CNG,Manual,450000.0,150000,1300.0,KIA,Classic,LX,23,13.017005083966255
Lahore,2006,Petrol,Manual,1500000.0,198000,1300.0,Suzuki,Liana,RXi,20,14.220976332738882
Karachi,1998,Petrol,Automatic,860000.0,100000,1300.0,Nissan,Sunny,,28,13.664688831019712
Lahore,2016,Petrol,Manual,3000000.0,90000,1300.0,Toyota,Corolla,XLi VVTi,10,14.914123179965662
Karachi,2012,Petrol,Manual,2485000.0,145000,1300.0,Toyota,Corolla,GLi 1.3 VVTi,14,14.725783619927272
Lahore,1985,Petrol,Manual,650000.0,200000,1300.0,Toyota,Corolla,DX Saloon,41,13.384729180332174
Karachi,2021,Petrol,Automatic,4225000.0,38000,1300.0,Toyota,Yaris,Sedan ATIV CVT 1.3,5,15.256530055459773
Lahore,2004,Petrol,Automatic,1650000.0,98000,1300.0,Honda,City,i-DSI Vario,22,14.316286451937186
Islamabad,2014,Petrol,Manual,3250000.0,228000,1300.0,Toyota,Corolla,GLi 1.3 VVTi,12,14.99416586199818
Lahore,2010,Petrol,Manual,2280000.0,282000,1300.0,Toyota,Corolla,GLi 1.3 VVTi,16,14.639686439527019
Islamabad,2006,Petrol,Manual,2835000.0,71800,1300.0,Toyota,Corolla,XLi,20,14.857552847877614
Karachi,1994,Petrol,Manual,590000.0,120000,1300.0,Suzuki,Margalla,GL,32,13.28787951079572
Islamabad,2005,Petrol,Manual,1000000.0,98000,1300.0,Suzuki,Baleno,JXR,21,13.815511557963774
Lahore,2017,Petrol,Automatic,3700000.0,129000,1300.0,Honda,City,5th (GM2) Generation 1.3 i-VTEC Prosmatec,9,15.123843647884687
Islamabad,1992,Petrol,Automatic,1150000.0,80000,1300.0,Nissan,Sunny,,34,13.955273369904273
Islamabad,2012,Petrol,Manual,2550000.0,192000,1300.0,Suzuki,Swift,DLX 1.3,14,14.751604309291395
Lahore,2016,Petrol,Manual,3600000.0,130396,1300.0,Toyota,Corolla,GLi 1.3 VVTi,10,15.096444681204078
Lahore,2014,Petrol,Manual,2385000.0,10000,1300.0,Toyota,Corolla,XLi VVTi,12,14.684710101591703
Lahore,2015,Petrol,Manual,3135000.0,125000,1300.0,Toyota,Corolla,XLi VVTi,11,14.958140051028373
Islamabad,2022,Petrol,Automatic,3050000.0,76000,1299.0,Proton,Saga,1.3L Ace A/T,4,14.930652476452392
Karachi,2006,Petrol,Manual,2000000.0,200000,1300.0,Honda,City,i-DSI,20,14.508658238524095
Islamabad,2013,Petrol,Manual,3300000.0,95000,1300.0,Toyota,Corolla,GLi 1.3 VVTi,13,15.009433329466965
Lahore,2025,Petrol,Automatic,4960000.0,100,1300.0,Toyota,Yaris,Sedan GLI CVT 1.3,1,15.416916500313993
Islamabad,2013,Petrol,Manual,2925000.0,99000,1300.0,Honda,City,1.3 i-VTEC,13,14.888805380528378
Lahore,2007,Petrol,Manual,1340000.0,282000,1300.0,Suzuki,Liana,RXi,19,14.108180918195472
Lahore,1998,Petrol,Manual,850000.0,150000,1300.0,Suzuki,Margalla,GL,28,13.652992804936396
Islamabad,2016,Petrol,Manual,3250000.0,140000,1300.0,Toyota,Corolla,GLi 1.3 VVTi,10,14.99416586199818
Islamabad,1988,Petrol,Manual,1550000.0,1700,1300.0,Toyota,Corolla,DX,38,14.253766134056512
Karachi,1983,Petrol,Automatic,450000.0,150000,1300.0,Honda,Accord,,43,13.017005083966255
Lahore,2011,Petrol,Manual,2600000.0,282000,1300.0,Toyota,Corolla,GLi 1.3 VVTi,15,14.77102238760702
Lahore,2022,Petrol,Automatic,2730000.0,52000,1299.0,Proton,Saga,1.3L Standard A/T,4,14.819812533461441
Karachi,2017,Petrol,Automatic,3450000.0,81000,1300.0,Honda,City,1.3 i-VTEC Prosmatec,9,15.053885078862573
Islamabad,2007,Petrol,Manual,2280000.0,179000,1300.0,Toyota,Corolla,9th (E120) Generation GLi 1.3,19,14.639686439527019
Karachi,2018,Petrol,Automatic,4550000.0,35800,1300.0,Toyota,Corolla,GLi Automatic 1.3 VVTi,8,15.330638010707329
Lahore,2001,Petrol,Manual,750000.0,130000,1300.0,KIA,Classic,LX,25,13.527829818844937
Islamabad,1996,Petrol,Manual,1480000.0,64816,1300.0,Toyota,Corolla,8th (E110) Generation XE,30,14.207553321415745
Karachi,1980,Petrol,Manual,475000.0,80000,1300.0,Toyota,Corolla,,46,13.07107218827772
Lahore,2022,Petrol,Automatic,5500000.0,3000,1300.0,Toyota,Yaris,Sedan ATIV CVT 1.3,4,15.520258832020865
Lahore,2010,Petrol,Manual,1750000.0,282000,1300.0,Suzuki,Swift,DX 1.3,16,14.375126917328105
Karachi,2015,Petrol,Manual,1875000.0,185000,1300.0,Suzuki,Swift,DLX 1.3,11,14.444119750719839
Lahore,2007,Petrol,Manual,1950000.0,225000,1300.0,Honda,City,i-DSI,19,14.48334044336031
Islamabad,2006,Petrol,Automatic,1850000.0,178000,1300.0,Honda,City,i-DSI Vario,20,14.430696737594902
Islamabad,2007,Petrol,Manual,2850000.0,180000,1300.0,Toyota,Corolla,9th (E120) Generation XLi,19,14.862829903121964
Karachi,2015,Petrol,Automatic,3750000.0,59000,1300.0,Toyota,Corolla,,11,15.137266664613225
Islamabad,2019,Petrol,Automatic,5000000.0,81000,1300.0,Toyota,Corolla,GLi Automatic 1.3 VVTi,7,15.424948670398354
Lahore,2002,CNG,Manual,440000.00000000006,170000,1323.0,KIA,Classic,LX,24,12.994532278619134
Karachi,2016,Petrol,Automatic,3510000.0,104019,1300.0,Toyota,Corolla,GLi Automatic 1.3 VVTi,10,15.071126880342293
Islamabad,1993,Petrol,Manual,1750000.0,108000,1300.0,Toyota,Corolla,,33,14.375126917328105
Lahore,2007,Petrol,Manual,1595000.0,15000,1300.0,Suzuki,Liana,LXi Sport,19,14.282384921160133
Lahore,2004,Petrol,Manual,1190000.0,123000,1300.0,Suzuki,Baleno,JXR,22,13.989464705423494
Karachi,2021,Petrol,Automatic,3300000.0,28000,1300.0,Suzuki,Swift,DLX Automatic 1.3 Navigation,5,15.009433329466965
Karachi,2021,Petrol,Manual,2800000.0,133791,1300.0,Suzuki,Swift,DLX 1.3 Navigation,5,14.845130332288226
Lahore,2008,Petrol,Manual,2400000.0,150000,1300.0,Honda,City,i-DSI,18,14.690979711984754
Lahore,2007,Petrol,Manual,1350000.0,240000,1300.0,Suzuki,Liana,LXi Sport,19,14.115615891155079
Karachi,2017,Petrol,Automatic,2700000.0,49000,1300.0,Suzuki,Swift,,9,14.80876270134486
Karachi,2003,Petrol,Automatic,1280000.0,138000,1300.0,Honda,City,,23,14.062371417145494
Lahore,2004,Petrol,Manual,1825000.0,116140,1300.0,Honda,City,i-DSI,22,14.417091092943783
Karachi,2017,Petrol,Automatic,3850000.0,50000,1300.0,Toyota,Corolla,GLi Automatic 1.3 VVTi,9,15.163583966004193
Karachi,2021,Petrol,Automatic,4450000.0,11000,1300.0,Toyota,Yaris,Sedan ATIV CVT 1.3,5,15.308414878861498
Lahore,2012,Petrol,Manual,2500000.0,110000,1300.0,Toyota,Corolla,,14,14.731801689838349
Karachi,2002,Petrol,Automatic,1080000.0,150000,1300.0,Honda,City,EXi S Automatic,24,13.8924725250259
Karachi,2015,Petrol,Automatic,3450000.0,130000,1300.0,Toyota,Corolla,GLi Automatic 1.3 VVTi,11,15.053885078862573
Karachi,2014,Petrol,Manual,2845000.0,65000,1300.0,Toyota,Corolla,XLi VVTi Limited Edition,12,14.861073977036355
Lahore,2021,Petrol,Manual,3950000.0,140000,1300.0,Honda,City,5th (GM2) Generation 1.3 i-VTEC,5,15.18922639004183
Lahore,2018,Petrol,Automatic,2850000.0,107000,1300.0,Suzuki,Swift,,8,14.862829903121964
Lahore,1991,Petrol,Manual,565000.0,180000,1300.0,Mitsubishi,Lancer,GLX 1.3,35,13.244582780038517
Karachi,2014,Petrol,Manual,2000000.0,107939,1300.0,Suzuki,Swift,DLX 1.3,12,14.508658238524095
Islamabad,2007,Petrol,Automatic,2220000.0,200000,1300.0,Toyota,Vitz,F 1.3,19,14.613018204298811
Lahore,2006,Petrol,Manual,1480000.0,175000,1300.0,Suzuki,Liana,RXi,20,14.207553321415745
Lahore,2005,Petrol,Automatic,1685000.0000000002,260000,1300.0,Honda,City,i-DSI Vario,21,14.337276715240233
Lahore,2016,Petrol,Manual,3200000.0,206617,1300.0,Honda,City,1.3 i-VTEC,10,14.978661680269907
Lahore,2018,Petrol,Manual,3700000.0,65984,1300.0,Honda,City,5th (GM2) Generation 1.3 i-VTEC,8,15.123843647884687
Karachi,2017,Petrol,Manual,2230000.0,74000,1300.0,Suzuki,Swift,DLX 1.3,9,14.617512591866694
Islamabad,2006,Petrol,Automatic,2199000.0,70000,1300.0,Honda,City,i-DSI Vario,20,14.603513724288955
Islamabad,2012,Petrol,Manual,3300000.0,90000,1300.0,Toyota,Corolla,XLi VVTi,14,15.009433329466965
Karachi,2010,Petrol,Automatic,2200000.0,150000,1300.0,Honda,City,1.3 i-VTEC Prosmatec,16,14.603968372873895
Karachi,1990,Petrol,Manual,700000.0,25000,1300.0,Honda,Civic,,36,13.45883704259595
Lahore,2007,Petrol,Manual,1250000.0,119300,1300.0,Suzuki,Liana,RXi,19,14.038654909278163
Lahore,2001,LPG,Manual,760000.0,122222,1300.0,Suzuki,Baleno,,25,13.541075028051122
Islamabad,2013,Petrol,Manual,2150000.0,160000,1300.0,Suzuki,Liana,RXi (CNG),13,14.580978865220017
Lahore,2022,Petrol,Automatic,4690000.0,55000,1300.0,Toyota,Yaris,Sedan ATIV CVT 1.3,4,15.360943353642055
Karachi,2018,Petrol,Automatic,3550000.0,125000,1300.0,Honda,City,5th (GM2) Generation 1.3 i-VTEC Prosmatec,8,15.0824584431417
Islamabad,2020,Petrol,Manual,4200000.0,59500,1300.0,Toyota,Yaris,Sedan GLI MT 1.3,6,15.250595321348806
Karachi,2008,Petrol,Manual,2275000.0,270000,1300.0,Toyota,Corolla,GLi 1.3,18,14.637491049927531
Lahore,2014,Petrol,Manual,3000000.0,278000,1300.0,Honda,City,1.3 i-VTEC,12,14.914123179965662
Karachi,2006,Petrol,Manual,2150000.0,107500,1300.0,Toyota,Corolla,GLi 1.3,20,14.580978865220017
Karachi,2007,Petrol,Manual,2100000.0,95496,1300.0,Toyota,Corolla,9th (E120) Generation GLi 1.3,19,14.557448378884015
Lahore,2011,Petrol,Manual,3600000.0,99000,1300.0,Toyota,Corolla,GLi 1.3 VVTi,15,15.096444681204078
Lahore,2016,Petrol,Manual,4500000.0,27000,1300.0,Toyota,Corolla,GLi 1.3 VVTi,10,15.319588176962746
Karachi,2011,Petrol,Manual,2450000.0,138000,1300.0,Toyota,Corolla,XLi VVTi,15,14.711598990684092
Lahore,2013,Petrol,Manual,2950000.0,135200,1300.0,Honda,City,1.3 i-VTEC,13,14.897316067298997
Karachi,2018,Petrol,Automatic,3600000.0,53600,1300.0,Honda,City,5th (GM2) Generation 1.3 i-VTEC Prosmatec,8,15.096444681204078
Karachi,2004,Petrol,Manual,1210000.0,190000,1300.0,Suzuki,Baleno,JXR,22,14.006131744018864
Lahore,2013,Petrol,Manual,2700000.0,190000,1300.0,Toyota,Corolla,XLi VVTi,13,14.80876270134486
Karachi,2007,Petrol,Automatic,1998999.9999999998,200000,1300.0,Toyota,Vitz,U 1.3,19,14.508158113732536
Karachi,2012,Hybrid,Automatic,2700000.0,150000,1300.0,Honda,Fit,Shuttle Hybrid 1.3,14,14.80876270134486
Karachi,2016,Petrol,Manual,3400000.0,150000,1300.0,Toyota,Corolla,GLi 1.3 VVTi,10,15.039286283703994
Karachi,1986,Petrol,Manual,475000.0,85000,1300.0,Toyota,Corolla,,40,13.07107218827772
Karachi,2013,Petrol,Manual,2500000.0,73000,1300.0,Toyota,Corolla,XLi VVTi,13,14.731801689838349
Karachi,2013,Petrol,Manual,2350000.0,88000,1300.0,Toyota,Corolla,XLi VVTi,13,14.669926311652166
Karachi,2012,Petrol,Automatic,2480000.0,117000,1300.0,Honda,City,5th (GM2) Generation,14,14.72376952136689
Karachi,2019,Petrol,Automatic,4100000.0,80000,1300.0,Toyota,Corolla,XLi Automatic,7,15.226497775576945
Lahore,2010,Petrol,Manual,1825000.0,136331,1300.0,Suzuki,Swift,DLX 1.3,16,14.417091092943783
Lahore,2004,Petrol,Manual,1700000.0,118000,1300.0,Honda,City,i-DSI,22,14.346139397261565
Islamabad,2012,Petrol,Manual,2750000.0,185000,1300.0,Toyota,Corolla,GLi 1.3 VVTi,14,14.827111833279051
Islamabad,2017,Petrol,Manual,3650000.0,70000,1300.0,Honda,City,5th (GM2) Generation 1.3 i-VTEC,9,15.11023799953124
Lahore,1994,Petrol,Manual,495000.0,180000,1300.0,Mitsubishi,Lancer,,32,13.112315061750808
Islamabad,2006,Petrol,Manual,1700000.0,200000,1300.0,Honda,City,i-DSI,20,14.346139397261565
Lahore,2017,Petrol,Manual,3315000.0,218000,1300.0,Honda,City,5th (GM2) Generation 1.3 i-VTEC,9,15.013968483261179
Islamabad,2015,Petrol,Manual,3325000.0,152086,1300.0,Toyota,Corolla,GLi 1.3 VVTi,11,15.016980532823926
Karachi,2021,Petrol,Automatic,3850000.0,282000,1300.0,Honda,City,5th (GM2) Generation,5,15.163583966004193
Lahore,2010,Petrol,Automatic,2650000.0,168000,1300.0,Honda,City,5th (GM2) Generation 1.3 i-VTEC Prosmatec,16,14.790070575320824
Lahore,2018,Petrol,Automatic,2925000.0,107000,1300.0,Suzuki,Swift,,8,14.888805380528378
Lahore,2017,Petrol,Manual,4200000.0,160000,1300.0,Toyota,Corolla,GLi 1.3 VVTi,9,15.250595321348806
Lahore,2005,Petrol,Manual,1700000.0,200000,1300.0,Honda,City,i-DSI,21,14.346139397261565
Karachi,2015,Petrol,Manual,2270000.0,135600,1300.0,Suzuki,Swift,,11,14.635290829986122
Karachi,2015,Petrol,Automatic,3550000.0,132000,1300.0,Toyota,Corolla,GLi Automatic 1.3 VVTi,11,15.0824584431417
Karachi,2018,Petrol,Automatic,3550000.0,88000,1300.0,Honda,City,1.3 i-VTEC Prosmatec,8,15.0824584431417
Lahore,2006,Petrol,Manual,1600000.0,282000,1300.0,Toyota,Corolla,9th (E120) Generation XLi,20,14.285514812209815
Karachi,1999,Petrol,Manual,819999.9999999999,239000,1300.0,Honda,City,EXi,27,13.617060838751888
Karachi,2018,Petrol,Manual,3420000.0000000005,26000,1300.0,Honda,City,1.3 i-VTEC,8,15.045151401436407
Lahore,2016,Petrol,Manual,2950000.0,178000,1300.0,Honda,City,1.3 i-VTEC,10,14.897316067298997
Lahore,2012,Petrol,Manual,2075000.0,185800,1300.0,Suzuki,Swift,,14,14.54547219357453
Islamabad,2017,Petrol,Automatic,3850000.0,105000,1300.0,Toyota,Corolla,GLi Automatic 1.3 VVTi,9,15.163583966004193
Islamabad,2017,Petrol,Manual,3300000.0,150000,1300.0,Honda,City,1.3 i-VTEC Prosmatec,9,15.009433329466965
Karachi,2018,Petrol,Manual,2250000.0,66000,1300.0,Suzuki,Swift,DLX 1.3 Navigation,8,14.626441218624949
Lahore,2017,Petrol,Manual,3450000.0,76000,1300.0,Honda,City,5th (GM2) Generation 1.3 i-VTEC,9,15.053885078862573
Lahore,2016,Petrol,Manual,3090000.0,105000,1300.0,Honda,City,5th (GM2) Generation Aspire 1.3 i-VTEC,10,14.94368197249847
Lahore,2007,Petrol,Manual,4200000.0,104000,1300.0,Mazda,RX8,Type S,19,15.250595321348806
Islamabad,2020,Petrol,Manual,4250000.0,60000,1300.0,Toyota,Yaris,Sedan GLI MT 1.3,6,15.26242977619469
Karachi,2006,Petrol,Manual,1870000.0,150000,1300.0,Toyota,Corolla,9th (E120) Generation GLi 1.3,20,14.441449523589984
Lahore,2007,Petrol,Manual,860000.0,104000,1300.0,Suzuki,Liana,RXi,19,13.664688831019712
Karachi,2019,Petrol,Automatic,3850000.0,100650,1300.0,Toyota,Corolla,XLi Automatic,7,15.163583966004193
Islamabad,2017,Petrol,Automatic,4270000.0,110000,1300.0,Toyota,Corolla,GLi Automatic 1.3 VVTi,9,15.267124619396817
Islamabad,1987,Petrol,Manual,600000.0,100000,1300.0,Nissan,Sunny,,39,13.304686600863562
Lahore,2009,Petrol,Manual,2200000.0,182000,1300.0,Toyota,Corolla,GLi 1.3 VVTi,17,14.603968372873895
Karachi,2019,Petrol,Manual,3175000.0,80000,1300.0,Honda,City,5th (GM2) Generation 1.3 i-VTEC,7,14.97081850526951
Islamabad,2007,Petrol,Manual,1220000.0,10000,1300.0,Suzuki,Liana,RXi,19,14.014362236381235
Karachi,2013,Petrol,Manual,1780000.0,70000,1300.0,Suzuki,Swift,DLX 1.3,13,14.392124484065864
Karachi,2019,Petrol,Automatic,4600000.0,75000,1300.0,Toyota,Corolla,,7,15.341567078850604
Islamabad,2015,Petrol,Manual,3130000.0,154736,1300.0,Honda,City,5th (GM2) Generation 1.3 i-VTEC,11,14.956543882005104
Karachi,2010,Petrol,Manual,2150000.0,164000,1300.0,Honda,City,1.3 i-VTEC,16,14.580978865220017
Lahore,2010,Petrol,Manual,2350000.0,186060,1300.0,Toyota,Corolla,XLi VVTi,16,14.669926311652166
Islamabad,2014,Petrol,Manual,3550000.0,124000,1300.0,Toyota,Corolla,XLi VVTi,12,15.0824584431417
Lahore,2006,Petrol,Manual,1825000.0,180000,1300.0,Honda,City,i-DSI,20,14.417091092943783
Islamabad,2020,Petrol,Automatic,5200000.0,82000,1300.0,Toyota,Corolla,GLi Automatic 1.3 VVTi,6,15.46416937585933
Islamabad,2011,Petrol,Manual,2670000.0,140000,1300.0,Toyota,Corolla,XLi VVTi,15,14.797589404908198
Islamabad,2009,Petrol,Manual,2250000.0,265796,1300.0,Honda,City,,17,14.626441218624949
Islamabad,2007,Petrol,Manual,1350000.0,60000,1300.0,Suzuki,Liana,,19,14.115615891155079
Lahore,2018,Petrol,Automatic,3840000.0,159552,1300.0,Honda,City,5th (GM2) Generation 1.3 i-VTEC Prosmatec,8,15.160983184980543
Karachi,2006,Petrol,Manual,1850000.0,167000,1300.0,Honda,City,i-DSI,20,14.430696737594902
Lahore,2017,Petrol,Automatic,3600000.0,144000,1300.0,Toyota,Corolla,XLi Automatic,9,15.096444681204078
Lahore,2016,Petrol,Manual,2300000.0,260000,1300.0,Suzuki,Swift,DLX 1.3,10,14.648420115681892
Karachi,2008,Petrol,Manual,1200000.0,180000,1300.0,Suzuki,Liana,,18,13.997832948091215
Lahore,2012,Petrol,Manual,2950000.0,194000,1300.0,Toyota,Corolla,GLi 1.3 VVTi,14,14.897316067298997
Karachi,2020,Petrol,Manual,3585000.0,80000,1300.0,Honda,City,5th (GM2) Generation 1.3 i-VTEC,6,15.092269310955846
Karachi,2007,Petrol,Manual,1150000.0,165000,1300.0,Suzuki,Liana,RXi,19,13.955273369904273
Karachi,2025,Petrol,Automatic,5025000.0,1,1300.0,Toyota,Yaris,Sedan GLI CVT 1.3,1,15.429936210914368
Karachi,1986,Petrol,Manual,350000.0,100000,1300.0,Honda,Civic,,40,12.765691290604371
Karachi,2015,Petrol,Manual,3025000.0,96000,1300.0,Honda,City,Aspire 1.3 i-VTEC,11,14.922421980025536
Islamabad,1988,Petrol,Manual,815000.0,186534,1300.0,Nissan,Sunny,,38,13.610944619216111
Karachi,2017,Petrol,Automatic,3900000.0,77000,1300.0,Toyota,Corolla,GLi Automatic 1.3 VVTi,9,15.176487367510099
Lahore,1984,Petrol,Manual,450000.0,20000,1300.0,Daihatsu,Charmant,,42,13.017005083966255
Islamabad,2018,Petrol,Manual,3750000.0,46000,1300.0,Honda,City,5th (GM2) Generation 1.3 i-VTEC,8,15.137266664613225
Karachi,2005,Petrol,Manual,1150000.0,259000,1300.0,Suzuki,Baleno,JXR,21,13.955273369904273
Lahore,2005,Petrol,Manual,1825000.0,282000,1300.0,Honda,City,,21,14.417091092943783
Lahore,2003,LPG,Manual,950000.0,120000,1300.0,Suzuki,Baleno,JXL,23,13.76421831620775
Islamabad,2004,Petrol,Automatic,2150000.0,145000,1300.0,Honda,City,i-DSI Vario,22,14.580978865220017
Karachi,2013,Petrol,Manual,2520000.0,129000,1300.0,Honda,City,5th (GM2) Generation 1.3 i-VTEC,13,14.739769856312924
Karachi,1990,Petrol,Manual,700000.0,50000,1300.0,Toyota,Corolla,DX,36,13.45883704259595
Karachi,1990,Petrol,Manual,700000.0,50000,1300.0,Toyota,Corolla,DX,36,13.45883704259595
Lahore,2016,Petrol,Manual,3400000.0,170000,1300.0,Honda,City,5th (GM2) Generation 1.3 i-VTEC,10,15.039286283703994
Karachi,2019,Petrol,Automatic,4750000.0,40000,1300.0,Toyota,Corolla,GLi Automatic 1.3 VVTi,7,15.373655386537118
Karachi,2006,Petrol,Manual,1700000.0,25889,1300.0,Toyota,Corolla,9th (E120) Generation XLi,20,14.346139397261565
Karachi,2015,Petrol,Automatic,3525000.0,88000,1300.0,Toyota,Corolla,GLi Automatic 1.3 VVTi,11,15.07539127791641
Lahore,2002,Petrol,Manual,940000.0,185000,1300.0,Honda,City,,24,13.753636218075409
Lahore,2012,Petrol,Manual,2150000.0,119000,1300.0,Suzuki,Swift,DLX 1.3,14,14.580978865220017
Lahore,2017,Petrol,Manual,3350000.0,115000,1300.0,Honda,City,5th (GM2) Generation 1.3 i-VTEC,9,15.024471202308668
Islamabad,2013,Petrol,Manual,3150000.0,170000,1300.0,Toyota,Corolla,GLi 1.3 VVTi,13,14.962913328262083
Lahore,1997,Petrol,Manual,650000.0,97000,1300.0,Honda,City,EXi,29,13.384729180332174
Karachi,2017,Petrol,Manual,3900000.0,1220,1300.0,Toyota,Corolla,GLi 1.3 VVTi,9,15.176487367510099
Lahore,2014,Petrol,Manual,2250000.0,95000,1300.0,Suzuki,Swift,DX 1.3,12,14.626441218624949
Lahore,2001,Petrol,Manual,1375000.0,200000,1300.0,Honda,City,EXi,25,14.13396501635527
Karachi,2014,Petrol,Automatic,3300000.0,124500,1300.0,Toyota,Corolla,GLi Automatic 1.3 VVTi,12,15.009433329466965
Karachi,2010,Petrol,Manual,2400000.0,166000,1300.0,Toyota,Corolla,GLi 1.3 VVTi,16,14.690979711984754
Karachi,2022,Petrol,Automatic,3100000.0,23000,1299.0,Proton,Saga,1.3L Ace A/T,4,14.946912992035967
Islamabad,2010,Petrol,Manual,2650000.0,233196,1300.0,Toyota,Corolla,GLi 1.3 VVTi,16,14.790070575320824
Islamabad,2010,Petrol,Manual,2200000.0,176000,1300.0,Toyota,Corolla,XLi VVTi,16,14.603968372873895
Islamabad,2007,Petrol,Manual,1385000.0,282000,1300.0,Mitsubishi,Lancer,GLX 1.3,19,14.141211419624977
Lahore,2016,Petrol,Manual,2950000.0,178000,1300.0,Honda,City,5th (GM2) Generation 1.3 i-VTEC,10,14.897316067298997
Islamabad,2022,Petrol,Automatic,3100000.0,25000,1299.0,Proton,Saga,1.3L Ace A/T,4,14.946912992035967
Lahore,2017,Petrol,Manual,3375000.0,129526,1300.0,Toyota,Corolla,GLi 1.3 VVTi,9,15.03190617858502
Karachi,2012,Petrol,Manual,2350000.0,110000,1300.0,Toyota,Corolla,XLi VVTi,14,14.669926311652166
Karachi,2013,Petrol,Manual,1750000.0,90000,1300.0,Suzuki,Swift,DLX 1.3,13,14.375126917328105
Karachi,2016,Petrol,Automatic,2450000.0,125000,1300.0,Suzuki,Swift,DLX Automatic 1.3,10,14.711598990684092
Lahore,2018,Petrol,Automatic,3690000.0,128331,1300.0,Honda,City,5th (GM2) Generation 1.3 i-VTEC Prosmatec,8,15.121137287019383
Lahore,2016,Petrol,Manual,3329999.9999999995,175000,1300.0,Honda,City,5th (GM2) Generation 1.3 i-VTEC,10,15.018483162256882
Karachi,2009,Petrol,Manual,2600000.0,99700,1300.0,Toyota,Corolla,GLi 1.3 VVTi,17,14.77102238760702
Lahore,1997,Petrol,Manual,1100000.0,25000,1300.0,Honda,City,EXi,29,13.910821646859095
Karachi,1990,LPG,Manual,360000.0,25000,1300.0,Mitsubishi,Lancer,,36,12.793862088206213
Karachi,2016,Petrol,Manual,3000000.0,41000,1300.0,Honda,City,Aspire 1.3 i-VTEC,10,14.914123179965662
Islamabad,2005,Petrol,Manual,1050000.0,282000,1300.0,Suzuki,Baleno,JXR,21,13.864301674514206
Lahore,2014,Petrol,Manual,3900000.0,66000,1300.0,Toyota,Corolla,XLi VVTi,12,15.176487367510099
Karachi,2018,Petrol,Automatic,3525000.0,81000,1300.0,Honda,City,1.3 i-VTEC Prosmatec,8,15.07539127791641
Lahore,2020,Petrol,Manual,4700000.0,145000,1300.0,Toyota,Corolla,GLi 1.3 VVTi,6,15.363073279446223
Karachi,2010,Petrol,Manual,1210000.0,88000,1300.0,Suzuki,Liana,RXi,16,14.006131744018864
Lahore,2006,Petrol,Manual,2300000.0,129000,1300.0,Honda,City,i-DSI,20,14.648420115681892
Karachi,2007,Petrol,Manual,2100000.0,200000,1300.0,Toyota,Corolla,GLi 1.3,19,14.557448378884015
Lahore,2007,Petrol,Manual,2000000.0,1,1300.0,Toyota,Corolla,9th (E120) Generation GLi 1.3,19,14.508658238524095
Islamabad,2022,Petrol,Automatic,4150000.0,50000,1300.0,Toyota,Yaris,Sedan GLI CVT 1.3,4,15.238619133170708
Islamabad,1998,Petrol,Manual,1000000.0,282000,1300.0,Toyota,Corolla,XE,28,13.815511557963774
Lahore,2014,Petrol,Manual,2300000.0,161000,1300.0,Suzuki,Swift,DLX 1.3,12,14.648420115681892
Lahore,2020,Petrol,Automatic,4690000.0,80000,1300.0,Toyota,Corolla,GLi Automatic 1.3 VVTi,6,15.360943353642055
Karachi,2019,Petrol,Manual,3995000.0000000005,75000,1300.0,Toyota,Corolla,GLi 1.3 VVTi,7,15.200554387495371
Lahore,2013,Petrol,Manual,2050000.0,80000,1300.0,Suzuki,Swift,,13,14.53335083891935
Islamabad,2018,Petrol,Manual,3550000.0,125000,1300.0,Honda,City,Aspire 1.3 i-VTEC,8,15.0824584431417
Lahore,2024,Petrol,Automatic,5150000.0,2300,1300.0,Toyota,Yaris,Sedan GLI CVT 1.3,2,15.454507466814658
Islamabad,2019,Petrol,Automatic,3850000.0,56000,1300.0,Honda,City,5th (GM2) Generation 1.3 i-VTEC Prosmatec,7,15.163583966004193
Karachi,2018,Petrol,Automatic,2700000.0,66700,1300.0,Suzuki,Swift,,8,14.80876270134486
Karachi,2009,Petrol,Manual,2175000.0,135000,1300.0,Toyota,Corolla,,17,14.59253968227493
Karachi,2018,Petrol,Automatic,3450000.0,102000,1300.0,Honda,City,5th (GM2) Generation 1.3 i-VTEC Prosmatec,8,15.053885078862573
Islamabad,2006,Petrol,Manual,2270000.0,133490,1300.0,Toyota,Corolla,XLi,20,14.635290829986122
Karachi,2021,Petrol,Automatic,4150000.0,105000,1300.0,Toyota,Yaris,Sedan ATIV CVT 1.3,5,15.238619133170708
Lahore,2007,Hybrid,Automatic,2550000.0,130000,1300.0,Honda,Civic,MX (Hybrid),19,14.751604309291395
Karachi,2007,Petrol,Manual,1044999.9999999999,120000,1300.0,Suzuki,Liana,RXi,19,13.85952840031839
Islamabad,2005,Petrol,Automatic,1200000.0,140000,1300.0,Suzuki,Baleno,,21,13.997832948091215
Karachi,2021,Petrol,Manual,3300000.0,52000,1300.0,Changan,Alsvin,1.3L MT Comfort,5,15.009433329466965
Lahore,2017,Petrol,Automatic,3000000.0,215000,1300.0,Honda,City,5th (GM2) Generation 1.3 i-VTEC Prosmatec,9,14.914123179965662
Lahore,1991,Petrol,Manual,860000.0,125463,1300.0,Nissan,Sunny,,35,13.664688831019712
Karachi,1989,Petrol,Automatic,670000.0,1,1300.0,Toyota,Corolla,,37,13.415034483903348
Karachi,2005,Petrol,Manual,875000.0,185670,1300.0,Suzuki,Baleno,JXR,21,13.681980308196241
Karachi,2010,Petrol,Manual,2800000.0,100000,1300.0,Toyota,Corolla,GLi 1.3 VVTi,16,14.845130332288226
Lahore,2015,Petrol,Manual,3279999.9999999995,189000,1300.0,Toyota,Corolla,GLi 1.3 VVTi,11,15.003354285238329
Lahore,1995,Petrol,Manual,585000.0,110000,1300.0,Suzuki,Margalla,GL,31,13.279368835614243
Lahore,2019,Petrol,Automatic,2950000.0,108000,1300.0,Suzuki,Swift,DLX Automatic 1.3 Navigation,7,14.897316067298997
Lahore,2009,Petrol,Automatic,2600000.0,115000,1300.0,Honda,City,1.3 i-VTEC Prosmatec,17,14.77102238760702
Lahore,2009,Petrol,Manual,2150000.0,198000,1300.0,Honda,City,5th (GM2) Generation 1.3 i-VTEC,17,14.580978865220017
Islamabad,2017,Petrol,Automatic,4400000.0,161000,1300.0,Toyota,Corolla,GLi Automatic 1.3 VVTi,9,15.29711532616119
Karachi,2018,Petrol,Automatic,2800000.0,95000,1300.0,Suzuki,Swift,,8,14.845130332288226
Lahore,2022,Petrol,Automatic,4750000.0,35000,1300.0,Toyota,Yaris,Sedan ATIV CVT 1.3,4,15.373655386537118
Lahore,2017,Petrol,Automatic,4275000.0,79000,1300.0,Toyota,Corolla,GLi Automatic 1.3 VVTi,9,15.268294894271099
Islamabad,2006,Petrol,Manual,1250000.0,125000,1300.0,Suzuki,Liana,,20,14.038654909278163
Lahore,2004,Petrol,Manual,900000.0,215000,1300.0,Suzuki,Baleno,JXR,22,13.710151153416941
Islamabad,2021,Petrol,Manual,4400000.0,52290,1300.0,Toyota,Yaris,Sedan GLI MT 1.3,5,15.29711532616119
Karachi,2003,Petrol,Manual,819999.9999999999,98642,1300.0,Suzuki,Baleno,JXR,23,13.617060838751888
Lahore,2019,Petrol,Manual,4200000.0,145500,1300.0,Toyota,Corolla,GLi 1.3 VVTi,7,15.250595321348806
Karachi,2015,Petrol,Automatic,2750000.0,112000,1300.0,Toyota,Vitz,Jewela 1.3,11,14.827111833279051
Islamabad,2010,Petrol,Manual,2430000.0,204000,1300.0,Toyota,Corolla,GLi 1.3 VVTi,16,14.70340222683928
Lahore,2017,Petrol,Manual,3200000.0,130000,1300.0,Honda,City,5th (GM2) Generation 1.3 i-VTEC,9,14.978661680269907
Karachi,2013,Petrol,Automatic,2800000.0,110000,1300.0,Honda,Fit,13G,13,14.845130332288226
Lahore,2015,Petrol,Automatic,3800000.0,105000,1300.0,Toyota,Corolla,GLi Automatic 1.3 VVTi,11,15.150511887854474
Lahore,2009,Petrol,Manual,2380000.0,229000,1300.0,Toyota,Corolla,GLi 1.3 VVTi,17,14.682611465815636
Lahore,2019,Petrol,Automatic,4600000.0,71000,1300.0,Toyota,Corolla,GLi Automatic 1.3 VVTi,7,15.341567078850604
Lahore,2000,Petrol,Manual,960000.0,236000,1300.0,Honda,City,EXi,26,13.774689605110144
Lahore,2016,Petrol,Manual,3300000.0,163000,1300.0,Honda,City,1.3 i-VTEC,10,15.009433329466965
Lahore,2018,Petrol,Automatic,4400000.0,91000,1300.0,Toyota,Corolla,GLi Automatic 1.3 VVTi,8,15.29711532616119
Karachi,1999,Petrol,Manual,1250000.0,140000,1300.0,Toyota,Corolla,XE Limited,27,14.038654909278163
Lahore,2008,Petrol,Manual,1190000.0,190000,1300.0,Suzuki,Liana,RXi,18,13.989464705423494
Lahore,2008,Petrol,Manual,2170000.0,150000,1300.0,Toyota,Vitz,,18,14.59023818634603
Karachi,2016,Petrol,Automatic,3679999.9999999995,85000,1300.0,Toyota,Corolla,GLi Automatic 1.3 VVTi,10,15.118423581884207
Lahore,1993,Petrol,Manual,575000.0,282000,1300.0,Suzuki,Margalla,GL,33,13.26212705890841
Karachi,1994,Petrol,Manual,650000.0,40000,1300.0,Mitsubishi,Lancer,,32,13.384729180332174
Lahore,2018,Petrol,Automatic,5050000.0,39000,1300.0,Toyota,Corolla,GLi Automatic 1.3 VVTi,8,15.434898999271326
Lahore,2011,Petrol,Manual,2550000.0,180000,1300.0,Toyota,Corolla,GLi 1.3 VVTi,15,14.751604309291395
Karachi,1999,Petrol,Manual,700000.0,225000,1300.0,Honda,City,,27,13.45883704259595
Lahore,2005,Petrol,Manual,1700000.0,271000,1300.0,Honda,City,,21,14.346139397261565
Lahore,2018,Petrol,Manual,3300000.0,97000,1300.0,Honda,City,5th (GM2) Generation 1.3 i-VTEC,8,15.009433329466965
Lahore,2013,Petrol,Manual,2650000.0,220000,1300.0,Honda,City,5th (GM2) Generation 1.3 i-VTEC,13,14.790070575320824
Karachi,1999,Petrol,Manual,700000.0,225000,1300.0,Honda,City,EXi,27,13.45883704259595
Islamabad,2018,Petrol,Manual,2085000.0000000002,59500,1300.0,FAW,V2,VCT-i,8,14.550279892831231
Karachi,1998,Petrol,Manual,615000.0,92000,1300.0,Suzuki,Margalla,GL Plus,28,13.329379172803593
Lahore,1981,Petrol,Manual,625000.0,120000,1300.0,Toyota,Corolla,,45,13.345508528717259
Karachi,2016,Petrol,Automatic,3500000.0,180500,1300.0,Toyota,Corolla,GLi Automatic 1.3 VVTi,10,15.068273812173887
Karachi,1997,Petrol,Manual,545000.0,15000,1300.0,Suzuki,Margalla,GL,29,13.208542908506082
Lahore,2004,Petrol,Manual,780000.0,100000,1300.0,Suzuki,Baleno,JXR,22,13.567050480716235
Lahore,1995,Petrol,Manual,575000.0,20000,1300.0,Suzuki,Margalla,GL,31,13.26212705890841
Islamabad,2020,Petrol,Manual,4350000.0,63000,1300.0,Honda,City,5th (GM2) Generation 1.3 i-VTEC,6,15.285686632949897
Lahore,2019,Petrol,Manual,2600000.0,83000,1300.0,Suzuki,Swift,DLX 1.3 Navigation,7,14.77102238760702
Karachi,1995,LPG,Manual,360000.0,120000,1300.0,Suzuki,Margalla,GL,31,12.793862088206213
Lahore,2021,Petrol,Automatic,4300000.0,80000,1300.0,Toyota,Yaris,Sedan ATIV CVT 1.3,5,15.274125813221904
Lahore,2015,Petrol,Manual,3250000.0,130000,1300.0,Honda,City,1.3 i-VTEC,11,14.99416586199818
Karachi,1998,Petrol,Manual,1150000.0,100000,1300.0,Toyota,Corolla,8th (E110) Generation XE,28,13.955273369904273
Islamabad,1988,Petrol,Manual,785000.0,100000,1300.0,Nissan,Sunny,EX Saloon 1.3,38,13.573440270649085
Lahore,2015,Petrol,Manual,2070000.0,112000,1300.0,Suzuki,Swift,,11,14.543059648333223
Karachi,2007,Petrol,Automatic,2000000.0,217000,1300.0,Honda,City,i-DSI Vario,19,14.508658238524095
Lahore,2012,Petrol,Manual,1720000.0,185357,1300.0,Suzuki,Swift,DLX 1.3,14,14.357835430184815
Lahore,1990,Petrol,Manual,260000.0,120000,1300.0,Suzuki,Margalla,,36,12.468440756144114
Karachi,2015,Petrol,Manual,2050000.0,152900,1300.0,Suzuki,Swift,DLX 1.3,11,14.53335083891935
Lahore,2020,Petrol,Automatic,4375000.0,46000,1300.0,Toyota,Yaris,Sedan ATIV CVT 1.3,6,15.291417306345254
Karachi,2011,Petrol,Manual,1600000.0,90000,1300.0,Suzuki,Swift,DLX 1.3,15,14.285514812209815
Lahore,2014,Petrol,Manual,2800000.0,150000,1300.0,Honda,City,5th (GM2) Generation 1.3 i-VTEC,12,14.845130332288226
Islamabad,1982,CNG,Manual,600000.0,282000,1300.0,Toyota,Corolla,,44,13.304686600863562
Karachi,2019,Petrol,Automatic,2850000.0,42000,1300.0,Suzuki,Swift,DLX Automatic 1.3 Navigation,7,14.862829903121964
Islamabad,1998,Petrol,Manual,1490000.0,179000,1300.0,Toyota,Corolla,XE,28,14.214287349062356
Islamabad,2006,Petrol,Manual,1300000.0,142000,1300.0,Suzuki,Liana,LXi Sport,20,14.077875591662238
Karachi,2009,Petrol,Manual,2200000.0,170000,1300.0,Toyota,Corolla,XLi VVTi,17,14.603968372873895
Karachi,2001,Petrol,Manual,890000.0,175000,1300.0,Honda,City,EXi S,25,13.698977865303197
Karachi,2012,Petrol,Manual,3300000.0,150000,1300.0,Toyota,Corolla,GLi 1.3 VVTi,14,15.009433329466965
Karachi,2014,Petrol,Automatic,2870000.0,109000,1300.0,Honda,City,5th (GM2) Generation 1.3 i-VTEC Prosmatec,12,14.869822936167798
Karachi,2020,Petrol,Manual,2940000.0,40295,1300.0,Suzuki,Swift,DLX 1.3 Navigation,6,14.89392047945086
Islamabad,2017,Petrol,Manual,3595000.0000000005,100000,1300.0,Honda,City,1.3 i-VTEC,9,15.095054827301363
Lahore,2003,Petrol,Manual,894999.9999999999,5000,1300.0,Suzuki,Baleno,JXL,23,13.704580114574803
Lahore,2018,Petrol,Manual,3400000.0,81000,1300.0,Honda,City,1.3 i-VTEC,8,15.039286283703994
Lahore,2005,Petrol,Manual,1595000.0,227000,1300.0,Honda,City,i-DSI,21,14.282384921160133
Islamabad,2006,Petrol,Manual,1245000.0,271500,1300.0,Suzuki,Liana,RXi,20,14.034646891093473
Lahore,2010,Petrol,Manual,2260000.0,250000,1300.0,Honda,City,1.3 i-VTEC,16,14.630875813726247
Lahore,2014,Petrol,Automatic,3750000.0,138000,1300.0,Toyota,Corolla,GLi Automatic 1.3 VVTi,12,15.137266664613225
Karachi,2013,Petrol,Automatic,2950000.0,111000,1300.0,Honda,City,1.3 i-VTEC Prosmatec,13,14.897316067298997
Karachi,2008,Petrol,Manual,1900000.0,100000,1300.0,Toyota,Corolla,XLi VVTi Limited Edition,18,14.45736497045232
Karachi,2005,Petrol,Manual,1680000.0,114500,1300.0,Honda,City,i-DSI,21,14.33430494661736
Lahore,2025,Petrol,Automatic,5049000.0,30000,1300.0,Toyota,Yaris,Sedan GLI CVT 1.3,1,15.434700959900054
Lahore,2020,Petrol,Automatic,2950000.0,80000,1300.0,Suzuki,Swift,DLX Automatic 1.3 Navigation,6,14.897316067298997
Islamabad,2016,Petrol,Manual,3300000.0,121000,1300.0,Honda,City,5th (GM2) Generation 1.3 i-VTEC,10,15.009433329466965
Islamabad,2009,Petrol,Manual,2850000.0,124553,1300.0,Toyota,Corolla,GLi 1.3 VVTi,17,14.862829903121964
Lahore,2014,Petrol,Manual,3000000.0,165000,1300.0,Honda,City,1.3 i-VTEC,12,14.914123179965662
Lahore,2012,Petrol,Manual,1960000.0000000002,171,1300.0,Suzuki,Swift,DX 1.3,14,14.488455541410652
Islamabad,2019,Petrol,Manual,4350000.0,69000,1300.0,Toyota,Corolla,GLi 1.3 VVTi,7,15.285686632949897
Lahore,2000,Petrol,Manual,1150000.0,1,1300.0,Honda,City,,26,13.955273369904273
Karachi,2006,Petrol,Manual,1700000.0,135000,1300.0,Toyota,Corolla,9th (E120) Generation XLi,20,14.346139397261565
Karachi,2004,Petrol,Manual,1395000.0,115,1300.0,Honda,City,i-DSI,22,14.148405690083225
Islamabad,2014,Petrol,Manual,3125000.0,82000,1300.0,Honda,City,1.3 i-VTEC,12,14.954945161152589
Karachi,2008,Petrol,Manual,1300000.0,95000,1300.0,Suzuki,Liana,RXi,18,14.077875591662238
Lahore,2004,CNG,Manual,650000.0,120000,1323.0,KIA,Classic,LX,22,13.384729180332174
Lahore,2011,Petrol,Manual,2300000.0,145000,1300.0,Toyota,Corolla,XLi VVTi,15,14.648420115681892
Lahore,2011,Petrol,Manual,2340000.0,150263,1300.0,Toyota,Corolla,XLi VVTi,15,14.66566191468422
Lahore,1996,Petrol,Manual,480000.0,250000,1300.0,Hyundai,Excel,,30,13.081543466215237
Karachi,2014,Petrol,Manual,3075000.0,150000,1300.0,Toyota,Corolla,GLi Limited Edition 1.3 VVTi,12,14.938815784425955
Lahore,2009,Petrol,Manual,2250000.0,150000,1300.0,Toyota,Corolla,XLi VVTi,17,14.626441218624949
Karachi,2009,Petrol,Manual,2350000.0,260000,1300.0,Toyota,Corolla,GLi 1.3 VVTi,17,14.669926311652166
Islamabad,2009,Petrol,Manual,2400000.0,150000,1300.0,Toyota,Corolla,XLi VVTi,17,14.690979711984754
Islamabad,2000,Petrol,Manual,1250000.0,282000,1300.0,Toyota,Corolla,8th (E110) Generation XE Limited,26,14.038654909278163
Islamabad,2011,Petrol,Manual,2700000.0,136800,1300.0,Toyota,Corolla,GLi 1.3 VVTi,15,14.80876270134486
Lahore,2021,Petrol,Automatic,3850000.0,195000,1300.0,Toyota,Yaris,Sedan GLI CVT 1.3,5,15.163583966004193
Lahore,2007,Petrol,Automatic,2400000.0,102000,1300.0,Toyota,Vitz,F 1.3,19,14.690979711984754
Islamabad,2013,Petrol,Manual,2100000.0,128000,1300.0,Suzuki,Swift,DLX 1.3,13,14.557448378884015
Karachi,2014,Petrol,Manual,2600000.0,120000,1300.0,Honda,City,1.3 i-VTEC,12,14.77102238760702
Islamabad,2016,Petrol,Automatic,4235000.0,110000,1300.0,Toyota,Corolla,GLi Automatic 1.3 VVTi,10,15.258894122195773
Lahore,2005,Petrol,Manual,1100000.0,150000,1300.0,Suzuki,Baleno,JXR,21,13.910821646859095
Lahore,2014,Petrol,Manual,2775000.0,175000,1300.0,Honda,City,1.3 i-VTEC,12,14.836161665522967
Islamabad,2006,Petrol,Automatic,2050000.0,180690,1300.0,Toyota,Vitz,,20,14.53335083891935
Lahore,2019,Petrol,Automatic,2625000.0,96000,1300.0,Suzuki,Swift,DLX Automatic 1.3 Navigation,7,14.78059183496017
Lahore,2016,Petrol,Automatic,3650000.0,120446,1300.0,Honda,City,5th (GM2) Generation 1.3 i-VTEC Prosmatec,10,15.11023799953124
Lahore,1994,Petrol,Manual,650000.0,99000,1300.0,Suzuki,Margalla,GL,32,13.384729180332174
Lahore,2018,Petrol,Manual,3550000.0,180000,1300.0,Honda,City,5th (GM2) Generation 1.3 i-VTEC,8,15.0824584431417
Lahore,2000,CNG,Manual,320000.0,12300,1323.0,KIA,Classic,LX,26,12.676079399771027
Lahore,2006,Petrol,Manual,1864999.9999999998,206000,1300.0,Honda,City,i-DSI,20,14.438772147252939
Lahore,2002,Petrol,Manual,1180000.0,123123,1300.0,Honda,City,EXi,24,13.981025843899115
Karachi,2013,Petrol,Manual,2550000.0,139500,1300.0,Toyota,Corolla,XLi VVTi,13,14.751604309291395
Karachi,2013,Petrol,Manual,3050000.0,211000,1300.0,Toyota,Corolla,GLi Limited Edition 1.3 VVTi,13,14.930652476452392
Islamabad,2018,Petrol,Manual,1800000.0,116000,1300.0,FAW,V2,VCT-i,8,14.403297778421795
Lahore,2019,Petrol,Manual,3875000.0,39000,1300.0,Honda,City,5th (GM2) Generation 1.3 i-VTEC,7,15.170056478834066
Lahore,2005,Petrol,Manual,1650000.0,198000,1300.0,Honda,City,i-DSI,21,14.316286451937186
Lahore,2010,Petrol,Manual,2510000.0,260,1300.0,Toyota,Corolla,GLi 1.3 VVTi,16,14.735793709514262
Lahore,2005,Petrol,Manual,1650000.0,160000,1300.0,Honda,City,,21,14.316286451937186
Karachi,2015,Petrol,Manual,3070000.0,130000,1300.0,Toyota,Corolla,XLi VVTi,11,14.937188445296226
Karachi,1986,Petrol,Manual,799000.0,99999,1300.0,Toyota,Sprinter,,40,13.591117476312084
Islamabad,1998,Petrol,Manual,1500000.0,120500,1300.0,Toyota,Corolla,8th (E110) Generation XE,28,14.220976332738882
Karachi,2019,Petrol,Automatic,4450000.0,42000,1300.0,Toyota,Corolla,GLi Automatic 1.3 VVTi,7,15.308414878861498
Lahore,2000,Petrol,Manual,925000.0,100000,1300.0,Suzuki,Baleno,GLi,26,13.73755009757506
Karachi,2017,Petrol,Manual,3479999.9999999995,120000,1300.0,Toyota,Corolla,GLi 1.3 VVTi,9,15.062543139106937
Islamabad,2018,Petrol,Manual,4400000.0,70000,1300.0,Toyota,Corolla,GLi 1.3 VVTi,8,15.29711532616119
Karachi,2020,Petrol,Automatic,4200000.0,42502,1300.0,Toyota,Yaris,Sedan ATIV CVT 1.3,6,15.250595321348806
Islamabad,2016,Petrol,Manual,3800000.0,180000,1300.0,Honda,City,5th (GM2) Generation Aspire 1.3 i-VTEC,10,15.150511887854474
Karachi,1997,Petrol,Manual,630000.0,28635,1300.0,Honda,City,EXi,29,13.353476685668044
Islamabad,2003,Petrol,Automatic,1400000.0,100000,1300.0,Honda,City,,23,14.151983508870947
Islamabad,1998,Petrol,Manual,919999.9999999999,250000,1300.0,Honda,City,EXi,28,13.732130035981154
Lahore,2005,Petrol,Manual,1080000.0,150000,1300.0,Suzuki,Baleno,JXR,21,13.8924725250259
Islamabad,2013,Petrol,Manual,3000000.0,200000,1300.0,Toyota,Corolla,GLi 1.3 VVTi,13,14.914123179965662
Lahore,2006,Petrol,Manual,1700000.0,213000,1300.0,Honda,City,i-DSI,20,14.346139397261565
Islamabad,1987,Petrol,Manual,885000.0,200000,1300.0,Nissan,Sunny,,39,13.69334405393293
Karachi,2017,Petrol,Automatic,4000000.0,60800,1300.0,Toyota,Corolla,GLi Automatic 1.3 VVTi,9,15.201805169084134
Lahore,2007,Petrol,Manual,1839999.9999999998,123456,1300.0,Toyota,Corolla,XLi,19,14.425276673063282
Karachi,2013,Petrol,Manual,2500000.0,205000,1300.0,Toyota,Corolla,GLi 1.3 VVTi,13,14.731801689838349
Karachi,1988,Petrol,Manual,570000.0,100000,1300.0,Honda,Civic,,38,13.25339339419516
Lahore,2018,Petrol,Manual,2300000.0,105000,1300.0,Suzuki,Swift,DLX 1.3 Navigation,8,14.648420115681892
Karachi,1986,Petrol,Manual,2400000.0,30000,1300.0,Suzuki,Jimny,,40,14.690979711984754
Karachi,2004,Petrol,Manual,900000.0,162000,1300.0,Suzuki,Baleno,JXR,22,13.710151153416941
Karachi,2013,Petrol,Manual,2400000.0,127000,1300.0,Toyota,Corolla,XLi VVTi,13,14.690979711984754
Lahore,2015,Petrol,Automatic,4100000.0,106675,1300.0,Toyota,Corolla,GLi Automatic 1.3 VVTi,11,15.226497775576945
Karachi,2020,Petrol,Automatic,4000000.0,83000,1300.0,Toyota,Yaris,Sedan GLI CVT 1.3,6,15.201805169084134
Karachi,2018,Petrol,Automatic,2500000.0,73000,1300.0,Suzuki,Swift,DLX Automatic 1.3 Navigation,8,14.731801689838349
Lahore,2002,Petrol,Manual,1350000.0,100000,1300.0,Honda,City,EXi,24,14.115615891155079
Karachi,2007,Petrol,Manual,760000.0,10000,1300.0,Suzuki,Liana,LXi Sport,19,13.541075028051122
Karachi,2019,Petrol,Manual,3275000.0,70000,1300.0,Honda,City,,7,15.001828732394953
Karachi,1988,Petrol,Manual,420000.0,100000,1300.0,Nissan,Sunny,,38,12.948012371209098
Karachi,2004,Petrol,Manual,1280000.0,11000,1300.0,Honda,City,i-DSI,22,14.062371417145494
Lahore,2006,Petrol,Automatic,1675000.0,188000,1300.0,Toyota,Platz,,20,14.331324320256051
Lahore,2019,Petrol,Manual,4375000.0,78000,1300.0,Toyota,Corolla,GLi 1.3 VVTi Special Edition,7,15.291417306345254
Islamabad,2025,Petrol,Manual,3720000.0000000005,1200,1300.0,JW,Forland,Safari,1,15.129234495066498
Islamabad,2000,Petrol,Manual,1195000.0,101010,1300.0,Honda,City,EXi,26,13.993657580167481
Lahore,2007,Petrol,Manual,1870000.0,135676,1300.0,Toyota,Corolla,9th (E120) Generation XLi,19,14.441449523589984
Lahore,1985,Petrol,Manual,1700000.0,200000,1300.0,Suzuki,Potohar,,41,14.346139397261565
Lahore,1997,Petrol,Manual,590000.0,1235,1300.0,Suzuki,Margalla,GL,29,13.28787951079572
Karachi,2006,Petrol,Automatic,1780000.0,250000,1300.0,Honda,City,i-DSI Vario,20,14.392124484065864
Karachi,2014,Petrol,Manual,3290000.0,120000,1300.0,Toyota,Corolla,GLi 1.3 VVTi,12,15.006398426692876
Lahore,2006,Petrol,Manual,1400000.0,67000,1300.0,Suzuki,Liana,RXi,20,14.151983508870947
Lahore,2005,Petrol,Manual,1070000.0,199999,1300.0,Suzuki,Baleno,JXR,21,13.883170141017091
Lahore,2003,Petrol,Manual,1175000.0,260000,1300.0,Honda,City,EXi,23,13.976779556623864
Karachi,2002,CNG,Manual,320000.0,70000,1323.0,KIA,Classic,LX,24,12.676079399771027
Islamabad,2021,Petrol,Automatic,4500000.0,100000,1300.0,Toyota,Yaris,Sedan ATIV CVT 1.3,5,15.319588176962746
Lahore,2014,Petrol,Manual,3400000.0,150000,1300.0,Toyota,Corolla,GLi Limited Edition 1.3 VVTi,12,15.039286283703994
Karachi,2019,Petrol,Manual,3250000.0,71000,1300.0,Honda,City,5th (GM2) Generation 1.3 i-VTEC,7,14.99416586199818
Karachi,2015,Petrol,Manual,3320000.0000000005,112000,1300.0,Toyota,Corolla,GLi 1.3 VVTi,11,15.015475642097446
Islamabad,1988,Petrol,Manual,650000.0,100000,1300.0,Toyota,Corolla,DX,38,13.384729180332174
Islamabad,2004,Petrol,Manual,1575000.0,190000,1300.0,Toyota,Corolla,9th (E120) Generation GLi 1.3,22,14.269766465162304
Islamabad,2010,Petrol,Manual,2500000.0,110000,1300.0,Toyota,Corolla,GLi 1.3 VVTi,16,14.731801689838349
Islamabad,2013,Petrol,Manual,2280000.0,85000,1300.0,Suzuki,Swift,DLX 1.3,13,14.639686439527019
Lahore,2008,Petrol,Manual,1400000.0,140000,1300.0,Suzuki,Liana,RXi,18,14.151983508870947
Islamabad,2010,Petrol,Manual,2485000.0,265000,1300.0,Toyota,Corolla,GLi 1.3 VVTi,16,14.725783619927272
Lahore,2007,Petrol,Manual,2095000.0,144000,1300.0,Honda,City,i-DSI,19,14.55506458866523
Karachi,2012,Petrol,Manual,1595000.0,94500,1300.0,Suzuki,Swift,DX 1.3,14,14.282384921160133
Karachi,2016,Petrol,Manual,1280000.0,70000,1300.0,FAW,V2,VCT-i,10,14.062371417145494
Karachi,2015,Petrol,Manual,2000000.0,88000,1300.0,Suzuki,Swift,DLX 1.3,11,14.508658238524095
Karachi,2006,Petrol,Automatic,1975000.0,80000,1300.0,Honda,City,i-DSI Vario,20,14.496079462646344
Karachi,2006,Petrol,Automatic,1850000.0,100000,1300.0,Toyota,Vitz,F 1.3,20,14.430696737594902
Karachi,2002,Petrol,Automatic,1150000.0,282000,1300.0,Honda,City,,24,13.955273369904273
Karachi,2007,Petrol,Automatic,1850000.0,78900,1300.0,Toyota,Vitz,F 1.3,19,14.430696737594902
Karachi,1981,Petrol,Manual,675000.0,54680,1300.0,Toyota,Corolla,DX,45,13.42246945133505
Karachi,2004,Petrol,Automatic,1575000.0,123000,1300.0,Honda,City,i-DSI Vario,22,14.269766465162304
Karachi,2012,Petrol,Manual,1860000.0000000002,177500,1300.0,Suzuki,Swift,DLX 1.3,14,14.436087583323648
Karachi,2006,Petrol,Manual,1900000.0,124000,1300.0,Honda,City,i-DSI,20,14.45736497045232
Karachi,2000,Petrol,Manual,1170000.0,10000,1300.0,Toyota,Corolla,8th (E110) Generation XE Limited,26,13.972515161474428
Karachi,2000,Petrol,Manual,1850000.0,106000,1300.0,Toyota,Corolla,XE,26,14.430696737594902
Karachi,2010,Petrol,Manual,2000000.0,198000,1300.0,Toyota,Corolla,GLi 1.3 VVTi,16,14.508658238524095
Karachi,2013,Petrol,Manual,1830000.0,170000,1300.0,Suzuki,Swift,DLX 1.3,13,14.419827071265543
Karachi,1986,Petrol,Manual,1789999.9999999998,198500,1300.0,Suzuki,Jimny,Sierra,40,14.397726736475999
Karachi,2012,Petrol,Manual,1789999.9999999998,113000,1300.0,Suzuki,Swift,DLX 1.3,14,14.397726736475999
Karachi,2010,Petrol,Manual,1300000.0,100,1300.0,Suzuki,Liana,LXi,16,14.077875591662238
Karachi,2006,Petrol,Automatic,1764999.9999999998,97000,1300.0,Toyota,Passo,G 1.3,20,14.383661814921611
Karachi,2015,Petrol,Manual,1930000.0,104000,1300.0,Suzuki,Swift,DLX 1.3,11,14.47303107901565
Karachi,2002,CNG,Manual,320000.0,99090,1323.0,KIA,Classic,LX,24,12.676079399771027
Karachi,2000,Petrol,Manual,860000.0,100000,1300.0,Honda,City,EXi,26,13.664688831019712
Karachi,2009,Petrol,Automatic,1889999.9999999998,100000,1300.0,Toyota,Vitz,F 1.3,17,14.452087916136215
Karachi,2008,Petrol,Manual,1085000.0,108800,1300.0,Suzuki,Liana,RXi,18,13.897091466615258
Karachi,2005,Petrol,Automatic,1764999.9999999998,164000,1300.0,Honda,City,i-DSI Vario,21,14.383661814921611
Karachi,1994,Petrol,Manual,434999.99999999994,95656,1300.0,Mitsubishi,Lancer,,32,12.983103608918753
Karachi,2012,Petrol,Manual,1680000.0,195808,1300.0,Suzuki,Swift,DLX 1.3,14,14.33430494661736
Karachi,1970,Petrol,Manual,980000.0000000001,68000,1300.0,Volkswagen,Beetle,,56,13.795308871054397
Karachi,1986,CNG,Manual,400000.0,133000,1300.0,Toyota,86,,40,12.899222326086994
Karachi,2000,Petrol,Manual,280000.0,282000,1323.0,KIA,Classic,LX,26,12.54254845357358
Karachi,2002,Petrol,Manual,930000.0000000001,230000,1300.0,Suzuki,Baleno,JXL,24,13.742940940397679
Karachi,2015,Petrol,Manual,2000000.0,86000,1300.0,Suzuki,Swift,DLX 1.3,11,14.508658238524095
Karachi,1997,Petrol,Manual,850000.0,156000,1300.0,Nissan,Sunny,,29,13.652992804936396
Karachi,2015,Petrol,Manual,1875000.0,85000,1300.0,Suzuki,Swift,DX 1.3,11,14.444119750719839
Karachi,2007,Petrol,Manual,1920000.0,126000,1300.0,Toyota,Corolla,9th (E120) Generation GLi 1.3,19,14.467836264837162
Karachi,2009,Petrol,Manual,1150000.0,85000,1300.0,Suzuki,Liana,RXi,17,13.955273369904273
Karachi,2009,Petrol,Manual,1325000.0,70000,1300.0,Suzuki,Liana,LXi,17,14.096923772119156
Karachi,2003,Petrol,Manual,1950000.0,10000,1300.0,Toyota,Corolla,9th (E120) Generation GLi 1.3,23,14.48334044336031
Karachi,2003,Petrol,Automatic,1889999.9999999998,166,1300.0,Toyota,Vitz,RS 1.3,23,14.452087916136215
Karachi,1998,Petrol,Automatic,1250000.0,100000,1300.0,Toyota,Corolla,8th (E110) Generation XE Limited,28,14.038654909278163
Karachi,2005,Petrol,Manual,1650000.0,227000,1300.0,Honda,City,i-DSI,21,14.316286451937186
Karachi,2005,Petrol,Manual,975000.0,100000,1300.0,Suzuki,Baleno,JXL,21,13.790193775620484
Karachi,2000,Petrol,Manual,1135000.0,215000,1300.0,Honda,City,EXi,26,13.942144089954521
Karachi,1994,Petrol,Manual,395000.0,25000,1300.0,Suzuki,Margalla,,32,12.886643575525625
Karachi,2016,Petrol,Manual,1950000.0,111000,1300.0,Suzuki,Swift,DLX 1.3,10,14.48334044336031
Karachi,2009,Petrol,Manual,1985000.0000000002,85000,1300.0,Toyota,Corolla,XLi VVTi,17,14.50112997588164
Karachi,2012,Petrol,Manual,1275000.0,40000,1300.0,Suzuki,Liana,RXi,14,14.058457520888082
Karachi,2012,Petrol,Manual,1225000.0,44000,1300.0,Suzuki,Liana,RXi,14,14.018452218287162
Karachi,2006,Petrol,Manual,1900000.0,157500,1300.0,Honda,City,i-DSI,20,14.45736497045232
Karachi,2011,Petrol,Manual,1590000.0,120000,1300.0,Suzuki,Swift,DLX 1.3,15,14.279245203127035
Karachi,2004,Petrol,Manual,800000.0,86000,1300.0,Suzuki,Baleno,JXR,22,13.592368256649284
Karachi,2007,Petrol,Manual,1130000.0,104000,1300.0,Suzuki,Liana,LXi Sport,19,13.937729075643883
Karachi,2003,Petrol,Manual,1400000.0,135000,1300.0,Honda,City,i-DSI,23,14.151983508870947
Karachi,2007,Petrol,Manual,1280000.0,103000,1300.0,Suzuki,Liana,RXi,19,14.062371417145494
Karachi,1996,Petrol,Manual,650000.0,100000,1300.0,Toyota,Corolla,8th (E110) Generation GL,30,13.384729180332174
Karachi,2004,Petrol,Manual,1450000.0,100000,1300.0,Honda,City,i-DSI,22,14.187074804051692
Karachi,2008,Petrol,Manual,1150000.0,130000,1300.0,Suzuki,Liana,RXi (CNG),18,13.955273369904273
Karachi,2006,Petrol,Manual,1100000.0,195000,1300.0,Suzuki,Liana,LXi Sport,20,13.910821646859095
Karachi,1998,Petrol,Manual,1330000.0,282000,1300.0,Toyota,Corolla,8th (E110) Generation XE Limited,28,14.100690252077353
Karachi,1999,Petrol,Manual,1050000.0,282000,1300.0,Toyota,Corolla,8th (E110) Generation XE,27,13.864301674514206
Karachi,1997,CNG,Manual,980000.0000000001,100000,1300.0,Toyota,Corolla,8th (E110) Generation GL,29,13.795308871054397
Karachi,1988,Petrol,Manual,850000.0,25080,1300.0,Toyota,Corolla,,38,13.652992804936396
Karachi,2007,Petrol,Manual,1000000.0,241000,1300.0,Suzuki,Liana,RXi,19,13.815511557963774
Karachi,2005,Petrol,Manual,690000.0,10645,1300.0,Suzuki,Baleno,JXR,21,13.444448325847754
Karachi,1990,Petrol,Manual,434999.99999999994,150,1300.0,Honda,Civic,,36,12.983103608918753
Karachi,2007,Petrol,Automatic,1925000.0,92000,1300.0,Honda,City,i-DSI Vario,19,14.470437045184406
Karachi,1995,Petrol,Manual,375000.0,220000,1300.0,Suzuki,Margalla,GL,31,12.834683971615659
Karachi,2005,Petrol,Manual,1250000.0,123000,1300.0,Nissan,Sunny,EX Saloon 1.3,21,14.038654909278163
Karachi,1997,CNG,Manual,620000.0,100000,1300.0,Suzuki,Margalla,GL Plus,29,13.3374763699232
Karachi,1997,Petrol,Manual,765000.0,12300,1300.0,Honda,City,EXi,29,13.547632419997361
Karachi,2008,Petrol,Manual,1830000.0,200000,1300.0,Toyota,Corolla,XLi VVTi,18,14.419827071265543
Karachi,1996,Petrol,Manual,500000.0,100000,1300.0,Suzuki,Margalla,GL Plus,30,13.122365377402328
Karachi,1999,Petrol,Manual,650000.0,138000,1300.0,Honda,City,EXi,27,13.384729180332174
Karachi,2006,Petrol,Manual,1100000.0,170000,1300.0,Suzuki,Baleno,,20,13.910821646859095
Karachi,2006,Petrol,Automatic,1450000.0,189000,1300.0,Toyota,Lite,Ace,20,14.187074804051692
Karachi,1990,Petrol,Manual,1800000.0,100000,1300.0,Suzuki,Potohar,,36,14.403297778421795
Karachi,1995,Petrol,Manual,905000.0000000001,150000,1300.0,Honda,Civic,EX,31,13.715691327653829
Karachi,2008,Petrol,Manual,1650000.0,65000,1300.0,Toyota,Corolla,XLi VVTi,18,14.316286451937186
Karachi,2005,Petrol,Manual,819999.9999999999,123458,1300.0,Suzuki,Baleno,JXR,21,13.617060838751888
Karachi,2007,Petrol,Automatic,1980000.0,185000,1300.0,Toyota,IST,,19,14.498607907721096
Karachi,1997,Petrol,Manual,1250000.0,186000,1300.0,Toyota,Corolla,XE,29,14.038654909278163
Karachi,2000,Petrol,Manual,1050000.0,100000,1300.0,Toyota,Corolla,8th (E110) Generation XE,26,13.864301674514206
Karachi,2011,Petrol,Manual,1475000.0,250000,1300.0,Suzuki,Swift,DX 1.3,15,14.204169225721929
Karachi,1997,Petrol,Manual,1130000.0,100000,1300.0,Toyota,Corolla,8th (E110) Generation XE,29,13.937729075643883
Karachi,2003,Petrol,Manual,1010000.0,205000,1300.0,Honda,City,,23,13.825461878915961
Karachi,2004,Petrol,Manual,1050000.0,99000,1300.0,Suzuki,Baleno,JXR,22,13.864301674514206
Karachi,2007,Petrol,Automatic,1750000.0,100000,1300.0,Honda,City,i-DSI Vario,19,14.375126917328105
Karachi,1997,Petrol,Manual,1295000.0,200000,1300.0,Toyota,Corolla,8th (E110) Generation,29,14.07402202531625
Karachi,2007,Petrol,Manual,1100000.0,100000,1300.0,Suzuki,Liana,RXi,19,13.910821646859095
Karachi,1997,Petrol,Manual,825000.0,184000,1300.0,Suzuki,Margalla,GL,29,13.623139877437296
Karachi,2004,Petrol,Manual,1485000.0,69000,1300.0,Honda,City,i-DSI,22,14.210926003619385
Karachi,2001,Petrol,Manual,1700000.0,282000,1300.0,Daihatsu,Terios,,25,14.346139397261565
Karachi,2012,Petrol,Manual,1675000.0,85000,1300.0,Suzuki,Swift,DX 1.3,14,14.331324320256051
Karachi,2015,Petrol,Manual,1250000.0,131000,1300.0,FAW,V2,VCT-i,11,14.038654909278163
Karachi,1994,Petrol,Manual,680000.0,15000,1300.0,Toyota,Corolla,8th (E110) Generation XE,32,13.429849547739444
Karachi,1989,Petrol,Manual,335000.0,100000,1300.0,Suzuki,Margalla,,37,12.721888795877375
Karachi,1996,Petrol,Manual,1090000.0,100000,1300.0,Toyota,Corolla,8th (E110) Generation XE,30,13.901689171636098
Karachi,2005,Petrol,Automatic,1680000.0,88000,1300.0,Honda,City,i-DSI Vario,21,14.33430494661736
Karachi,2000,Petrol,Manual,865000.0,90000,1300.0,Honda,City,EXi,26,13.670485941982712
Karachi,2013,Petrol,Manual,1850000.0,45000,1300.0,Suzuki,Swift,DLX 1.3,13,14.430696737594902
Karachi,2005,Petrol,Manual,1475000.0,150000,1300.0,Honda,City,i-DSI,21,14.204169225721929
Karachi,1996,Petrol,Manual,1100000.0,131000,1300.0,Toyota,Corolla,GL,30,13.910821646859095
Karachi,2002,Petrol,Manual,890000.0,177000,1300.0,Honda,City,EXi,24,13.698977865303197
Karachi,1999,Petrol,Manual,550000.0,12500,1300.0,Suzuki,Baleno,GL,27,13.217675375388819
Karachi,2005,Petrol,Automatic,1590000.0,123456,1300.0,Honda,City,i-DSI Vario,21,14.279245203127035
Karachi,1993,Petrol,Manual,509000.0,282000,1300.0,Suzuki,Margalla,GL,33,13.140205260167273
Karachi,2007,Petrol,Manual,1100000.0,80000,1300.0,Suzuki,Liana,LXi Sport,19,13.910821646859095
Karachi,1996,Petrol,Manual,330000.0,120000,1300.0,Suzuki,Margalla,GL,30,12.706850963741102
Karachi,2005,Petrol,Automatic,1639999.9999999998,140000,1300.0,Mitsubishi,Lancer,GLX Automatic 1.3,21,14.310207409556293
Karachi,1998,Petrol,Manual,1350000.0,123000,1300.0,Toyota,Corolla,8th (E110) Generation XE Limited,28,14.115615891155079
Karachi,2010,Petrol,Manual,1600000.0,120000,1300.0,Suzuki,Swift,DLX 1.3,16,14.285514812209815
Karachi,2007,Petrol,Manual,1200000.0,175124,1300.0,Suzuki,Liana,LXi Sport,19,13.997832948091215
Karachi,2012,Petrol,Manual,1895000.0,100000,1300.0,Toyota,Corolla,XLi VVTi,14,14.45472992420301
Karachi,1999,Petrol,Manual,740000.0,123456,1300.0,Honda,City,EXi,27,13.51440681653079
Karachi,1995,Petrol,Manual,1295000.0,100000,1300.0,Honda,Civic,5th Generation EL,31,14.07402202531625
Karachi,2003,Petrol,Manual,840000.0,180000,1300.0,Suzuki,Baleno,JXR,23,13.641158361294979
Karachi,2013,Petrol,Manual,1540000.0,159000,1300.0,Suzuki,Liana,RXi,13,14.24729362374025
Karachi,2007,Petrol,Automatic,2000000.0,180000,1300.0,Toyota,IST,,19,14.508658238524095
Karachi,2003,Petrol,Automatic,1225000.0,150000,1300.0,Toyota,Duet,S,23,14.018452218287162
Karachi,2007,Petrol,Manual,919999.9999999999,120000,1300.0,Suzuki,Liana,RXi,19,13.732130035981154
Karachi,2004,Petrol,Manual,1650000.0,120000,1300.0,Honda,City,i-DSI,22,14.316286451937186
Karachi,2002,Petrol,Automatic,1650000.0,7000,1300.0,Toyota,Cami,,24,14.316286451937186
Karachi,1995,Petrol,Manual,610000.0,10000,1300.0,Suzuki,Margalla,GL,31,13.321215875492413
Karachi,1999,Petrol,Manual,1600000.0,130000,1300.0,Toyota,Corolla,8th (E110) Generation GL,27,14.285514812209815
Karachi,2005,Petrol,Manual,1620000.0,136000,1300.0,Honda,City,i-DSI,21,14.297937324492327
Karachi,1990,Petrol,Manual,400000.0,20000,1300.0,Suzuki,Margalla,,36,12.899222326086994
Karachi,1999,Petrol,Manual,1275000.0,126000,1300.0,Toyota,Corolla,8th (E110) Generation XE Limited,27,14.058457520888082
Karachi,2000,Petrol,Manual,740000.0,168000,1300.0,Suzuki,Baleno,GLi P,26,13.51440681653079
Karachi,1990,Petrol,Manual,850000.0,250000,1300.0,Mazda,323,,36,13.652992804936396
Karachi,1989,Petrol,Manual,570000.0,71000,1300.0,Daihatsu,Charade,,37,13.25339339419516
Karachi,2001,Petrol,Manual,1000000.0,85000,1300.0,Toyota,Corolla,XE Limited,25,13.815511557963774
Karachi,2004,Petrol,Automatic,1550000.0,200000,1300.0,Toyota,Platz,F 1.3,22,14.253766134056512
Karachi,2007,Petrol,Manual,1780000.0,80000,1300.0,Toyota,Corolla,9th (E120) Generation GLi 1.3,19,14.392124484065864
Karachi,1987,Petrol,Manual,480000.0,120000,1300.0,Toyota,Sprinter,,39,13.081543466215237
Karachi,2004,Petrol,Automatic,1560000.0,251999,1300.0,Honda,City,i-DSI Vario,22,14.260197020251155
Karachi,1987,Petrol,Manual,305000.0,105500,1300.0,Mitsubishi,Lancer,,39,12.628070334272698
Karachi,2006,Petrol,Manual,900000.0,60000,1300.0,Suzuki,Liana,RXi,20,13.710151153416941
Karachi,2008,Petrol,Manual,1950000.0,200000,1300.0,Toyota,Corolla,XLi,18,14.48334044336031
Karachi,2006,Petrol,Manual,1800000.0,240000,1300.0,Toyota,Corolla,9th (E120) Generation XLi,20,14.403297778421795
Karachi,1985,Petrol,Manual,500000.0,282000,1300.0,Toyota,Corolla,DX,41,13.122365377402328
Karachi,1995,Petrol,Manual,620000.0,99000,1300.0,Honda,Civic,5th Generation EL,31,13.3374763699232
Karachi,2003,Petrol,Automatic,1150000.0,80000,1300.0,Toyota,Duet,S,23,13.955273369904273
Karachi,1996,Petrol,Manual,1180000.0,90000,1300.0,Toyota,Corolla,8th (E110) Generation XE,30,13.981025843899115
Karachi,2011,Petrol,Manual,1750000.0,94000,1300.0,Suzuki,Swift,DLX 1.3,15,14.375126917328105
Karachi,2013,Petrol,Manual,1760000.0000000002,103000,1300.0,Suzuki,Swift,DLX 1.3,13,14.380824935195992
Karachi,2003,Petrol,Manual,869999.9999999999,130000,1300.0,Suzuki,Baleno,JXR,23,13.676249640055394
Karachi,1980,Petrol,Manual,500000.0,139446,1300.0,Toyota,Corolla,,46,13.122365377402328
Karachi,1998,Petrol,Manual,1250000.0,282000,1300.0,Toyota,Corolla,XE,28,14.038654909278163
Karachi,1990,Petrol,Manual,650000.0,200000,1300.0,Honda,Civic,,36,13.384729180332174
Karachi,2006,Petrol,Manual,1030000.0000000001,100000,1300.0,Suzuki,Liana,LXi Sport,20,13.845070331079134
Karachi,2008,Petrol,Manual,1125000.0,180000,1300.0,Suzuki,Liana,RXi,18,13.933294482509151
Karachi,2005,Petrol,Manual,1780000.0,150000,1300.0,Toyota,Corolla,GLi 1.3,21,14.392124484065864
Karachi,2007,Petrol,Manual,1450000.0,10000,1300.0,Toyota,Corolla,9th (E120) Generation XLi,19,14.187074804051692
Karachi,1982,Petrol,Manual,1385000.0,151000,1300.0,Toyota,Corolla,,44,14.141211419624977
Karachi,1996,Petrol,Manual,790000.0,98000,1300.0,Suzuki,Margalla,GL,30,13.579789490265188
Karachi,1997,Petrol,Manual,550000.0,10000,1300.0,Suzuki,Margalla,GL Plus,29,13.217675375388819
Karachi,2007,Petrol,Manual,1055000.0,125000,1300.0,Suzuki,Liana,,19,13.869052272759154
Karachi,2015,Petrol,Manual,1989999.9999999998,75000,1300.0,Suzuki,Swift,DLX 1.3,11,14.503645699213111
Karachi,2005,Petrol,Manual,1150000.0,138200,1300.0,Mitsubishi,Lancer,GL,21,13.955273369904273
Karachi,2002,Petrol,Manual,1000000.0,282000,1300.0,Honda,City,EXi,24,13.815511557963774
Karachi,2007,Petrol,Automatic,1150000.0,32000,1300.0,Suzuki,Liana,,19,13.955273369904273
Karachi,2007,Petrol,Automatic,2000000.0,217000,1300.0,Honda,City,i-DSI Vario,19,14.508658238524095
Karachi,2018,Petrol,Manual,1285000.0,98000,1300.0,FAW,V2,VCT-i,8,14.06627005452127
Karachi,2005,Petrol,Automatic,1630000.0,100000,1300.0,Toyota,Platz,F 1.3,21,14.30409118627969
Karachi,1995,Petrol,Manual,420000.0,200000,1300.0,Suzuki,Margalla,,31,12.948012371209098
Karachi,2006,Petrol,Automatic,1850000.0,132000,1300.0,Toyota,Vitz,F 1.3,20,14.430696737594902
Karachi,2001,Petrol,Automatic,1044999.9999999999,102000,1300.0,Honda,City,,25,13.85952840031839
Karachi,1996,LPG,Manual,550000.0,90000,1300.0,Suzuki,Margalla,,30,13.217675375388819
Karachi,2008,Petrol,Manual,1385000.0,110000,1300.0,Suzuki,Liana,LXi Sport,18,14.141211419624977
Karachi,2005,Petrol,Manual,1375000.0,156000,1300.0,Honda,City,i-DSI,21,14.13396501635527
Karachi,1999,Petrol,Manual,1250000.0,140000,1300.0,Toyota,Corolla,8th (E110) Generation XE,27,14.038654909278163
Karachi,2006,Petrol,Manual,890000.0,282000,1300.0,Suzuki,Liana,LXi,20,13.698977865303197
Karachi,2012,Petrol,Manual,1225000.0,45000,1300.0,Suzuki,Liana,RXi,14,14.018452218287162
Karachi,2004,Petrol,Manual,1590000.0,100000,1300.0,Toyota,Corolla,9th (E120) Generation XLi,22,14.279245203127035
Karachi,2006,Petrol,Manual,975000.0,118000,1300.0,Suzuki,Liana,RXi,20,13.790193775620484
Karachi,1986,Petrol,Manual,390000.0,120000,1300.0,Toyota,Corolla,DX,40,12.873904582205107
Karachi,2005,Petrol,Manual,1600000.0,200000,1300.0,Mitsubishi,Lancer,,21,14.285514812209815
Karachi,2004,Petrol,Manual,875000.0,12300,1300.0,Suzuki,Baleno,JXR,22,13.681980308196241
Karachi,2006,Petrol,Automatic,1935000.0000000002,163000,1300.0,Honda,City,i-DSI Vario,20,14.475618401241752
Karachi,2002,Petrol,Manual,1150000.0,150000,1300.0,Suzuki,Baleno,GLi P,24,13.955273369904273
Karachi,2018,Petrol,Manual,1600000.0,52000,1300.0,FAW,V2,VCT-i,8,14.285514812209815
Karachi,2011,Petrol,Manual,1925000.0,100000,1300.0,Toyota,Corolla,XLi VVTi,15,14.470437045184406
Karachi,1999,Petrol,Manual,1350000.0,140000,1300.0,Toyota,Corolla,8th (E110) Generation GL,27,14.115615891155079
Karachi,2015,Petrol,Manual,1200000.0,100000,1300.0,DFSK,Rustom,Base Grade,11,13.997832948091215
Karachi,2011,Petrol,Manual,1700000.0,80000,1300.0,Suzuki,Swift,DLX 1.3,15,14.346139397261565
Karachi,2007,Petrol,Manual,1565000.0,104500,1300.0,Toyota,Corolla,XLi,19,14.263397020933823
Karachi,1984,Petrol,Manual,1250000.0,12222,1300.0,Toyota,Crown,,42,14.038654909278163
Karachi,2006,Petrol,Automatic,1100000.0,10000,1300.0,Suzuki,Cultus,,20,13.910821646859095
Karachi,1999,Petrol,Manual,1090000.0,135000,1300.0,Toyota,Corolla,XE-G,27,13.901689171636098
Karachi,1984,Petrol,Manual,650000.0,1230,1300.0,Toyota,Starlet,1.3,42,13.384729180332174
Karachi,2015,Petrol,Manual,1200000.0,100000,1300.0,DFSK,Rustom,Base Grade,11,13.997832948091215
Karachi,2011,Petrol,Manual,1700000.0,80000,1300.0,Suzuki,Swift,DLX 1.3,15,14.346139397261565
Karachi,2007,Petrol,Manual,1565000.0,104500,1300.0,Toyota,Corolla,XLi,19,14.263397020933823
Karachi,1984,Petrol,Manual,1250000.0,12222,1300.0,Toyota,Crown,,42,14.038654909278163
Karachi,2006,Petrol,Automatic,1100000.0,10000,1300.0,Suzuki,Cultus,,20,13.910821646859095
Karachi,1999,Petrol,Manual,1090000.0,135000,1300.0,Toyota,Corolla,XE-G,27,13.901689171636098
Karachi,1984,Petrol,Manual,650000.0,1230,1300.0,Toyota,Starlet,1.3,42,13.384729180332174
